Name_GA,County,PC1,PC2,PC3
Dún Libhse Uachtarach,Antrim,-0.11280829107598912,0.11947664515950868,0.11218713684065142
Baile Cloig,Antrim,1.69461380029829,-0.05208990102089315,0.18331450870854005
Gleann an Choire,Antrim,-0.14449499642566793,0.10341160001233522,0.08067571629488358
Ros Earcáin,Antrim,-0.1167950762635073,0.13964003817674042,0.12691140728093475
Tulaigh Roisc,Antrim,-0.05764012422130716,0.09146437170268677,0.09608295179668742
Baile Aodha,Antrim,1.7426358000072626,-0.09002663864842161,0.19817657031924807
Coinnire,Antrim,0.0,0.0,0.0
An Coirrín,Antrim,0.0,0.0,0.0
An Choillidh Leathan,Antrim,-0.056541459336197517,0.014549078041811998,-0.012347149986896695
Gleann Ghormlaithe,Antrim,-0.13237727448247302,0.09971641095026927,0.08290512254153362
An Mhainistir Fhionn,Antrim,-0.03084713210930333,0.07956421241504885,0.09312521278716958
Duibhis,Antrim,0.0,0.0,0.0
Cloch Mhic Coisteala,Antrim,0.3084706039355935,-0.1361910209028675,0.1471210175226813
Baile Haine,Antrim,1.69461380029829,-0.05208990102089315,0.18331450870854005
Sceitheog an Iarla,Antrim,-0.020479574147829503,0.0025492300167197102,-0.0064637001058485185
Baile na gCloch,Antrim,1.6884463436479888,-0.019807329255982976,0.21857429482878535
Caisteal an Chába,Antrim,0.0,0.0,0.0
Baile na Faiche,Antrim,1.723182181565522,-0.05002933093015129,0.18684072655050202
Baile an Bhogaigh,Antrim,1.69461380029829,-0.05208990102089315,0.18331450870854005
Eibhis an Chró,Antrim,-0.013327289298243882,0.00790627808804011,-0.00048314527201240266
Na Creaga,Antrim,0.0,0.0,0.0
Baile Mhic Conaíle,Antrim,2.0330531688945817,-0.2235800665845723,0.29694179135742726
Lios Aodha,Antrim,-0.08504298105935597,0.03156374203859181,-0.10375163211644796
Baile na Leargaí,Antrim,1.69461380029829,-0.05208990102089315,0.18331450870854005
Droim Rátha,Antrim,-0.25915811370049113,0.243924880479535,-0.15535398468468808
Gleann Aodha,Antrim,-0.08435527477350051,0.061779673322740807,0.09776718415224166
Coillidh Leasa,Antrim,-0.014537569604793254,0.0038825466079636366,-0.009515953136933788
Maigh Buí,Antrim,-0.12892396652060528,0.008864174268335374,-0.06908837093306977
Muine Duilleog,Antrim,-0.026499386720711615,0.05814281067797846,0.05521841125714429
Dún na bhFiach,Antrim,-0.13497755803831613,0.12129263900468633,0.06394603092750517
Dún Fiann,Antrim,-0.10581199953071796,0.11498407679962692,0.07340326963925684
Droim Fionn,Antrim,-0.2588561526758154,0.23460280970139402,-0.11346186359310531
Coillidh Bheithe,Antrim,-0.01854540557707763,0.007883234785946689,-0.008913067211712708
Ceathrú an Mhuilinn,Antrim,-0.029218666802242152,-0.027166623990458175,0.0635200902294628
Béal Átha an Droichid,Antrim,0.02268520519194446,0.0174862394936784,-0.08197587809149758
Baile Dhún Máil,Antrim,1.6841656328689192,-0.004512838428431261,0.17661470833303544
Baile na Léana,Antrim,1.700168677434638,-0.04737039027731894,0.18405561891311684
Cluain Caoin,Antrim,-0.2358131531520811,0.22418675211325106,0.12373623519543553
Cúil Saighead,Antrim,-0.06583727197547709,0.05210114189106243,-0.02861528361049199
Léanach,Antrim,0.0,0.0,0.0
Baile Lann Ula,Antrim,1.69461380029829,-0.05208990102089315,0.18331450870854005
Droim Bó,Antrim,-0.2485274725045869,0.23913269590165195,-0.11699702167837245
Coillidh Feirste,Antrim,-0.030838763282329998,0.0020624743937316583,-0.013962572957964998
Baile Stafard,Antrim,1.69461380029829,-0.05208990102089315,0.18331450870854005
Cnoc Leithid,Antrim,-0.2675050812015198,0.5165921872263034,-2.40001575345526
Baile an Doire Íochtarach,Antrim,1.6740177399345626,-0.23870922635485087,0.14995484868909195
Baile Uí Chinnéide,Antrim,3.3214318989493044,-0.11284588211016314,-0.04576243019888385
Lios na gCearrbhach,Antrim,-0.13306498076832848,0.06950047966612027,-0.118613693727156
Sceitheog an Mhíle,Antrim,-0.01689396922352924,0.0022019474951940204,-0.005286099464580125
Maslaí,Antrim,0.0,0.0,0.0
Duibhis,Antrim,0.0,0.0,0.0
Maigh Bhloisce,Antrim,-0.06129448868771816,0.020909454105248942,-0.022134907164818658
Achadh Lí,Antrim,-0.08132250788784602,0.025340506250469932,-0.003903889349688423
Muileann na Cloiche,Antrim,0.04084997723619431,0.03272464159685661,0.040112609974593774
Dearbhóg,Antrim,0.0,0.0,0.0
An Gleann,Antrim,-0.13237727448247302,0.09971641095026927,0.08290512254153362
Cadaigh,Antrim,0.0,0.0,0.0
Baile na Manach,Antrim,1.714439009202916,-0.04319391785764946,0.2734696831985768
Fáras,Antrim,0.0,0.0,0.0
Ráth Cheinnigh,Antrim,-0.12002901962883608,0.15144999138927867,0.1145533661804946
Sraith Nócam,Antrim,-0.011826377092482339,0.0008189286373312793,-0.004508353733904589
Baile an Mhaoir,Armagh,1.69461380029829,-0.05208990102089315,0.18331450870854005
An Baile Mór,Armagh,1.3504473731433397,1.622861592832198,2.3208155807638766
Baile an Chláir,Armagh,1.7062814748637571,-0.0519431443329557,0.1810505274784054
Tuíneán,Armagh,0.0,0.0,0.0
Achadh an Dá Chora,Armagh,-0.0966776907592017,0.02872771433729847,-0.011995115466443065
Call Lóin,Armagh,0.0,0.0,0.0
Droim Conmhaoil,Armagh,-0.24973556993840113,0.22474171660894424,-0.10778259133207715
Leacht Mhic Colaim,Armagh,0.29814604990902904,-0.17062037665046897,0.10598317430170377
Tóin re Gaoith,Armagh,-0.02053229238431616,0.002353348395193085,-0.008873027951602573
Machaire an Troim,Armagh,-0.04898273125083756,0.004206503200637093,-0.015992309583929065
Baile an Teampaill,Armagh,1.76233942481032,-0.05222188004967791,0.18873291754990415
Béal Átha na Cora,Armagh,0.0022424137960042733,0.047114876733997876,-0.16550204418117243
Na Doirse,Armagh,0.0,0.0,0.0
Doire Fhada,Armagh,-0.2283665906591497,0.00019976210780096176,-0.025865516800315114
Maigh Raifeartaigh,Armagh,-0.06129448868771816,0.020909454105248942,-0.022134907164818658
Cluainte Cléithe,Armagh,-0.008832095323359353,0.0064338601014454315,-0.016980588039065398
Eachaire Luachra,Armagh,-0.015635160576108555,0.004794900784230303,-0.0031533706438822977
Bailte Loma,Armagh,-0.011327596892309173,0.0006946288091614565,-0.00423611294035823
Cluain Each,Armagh,-0.22253136205663232,0.17850026380212333,0.0831612410336173
Doire Ál,Armagh,-0.13911794214094428,-0.03723887300969581,0.02158124180650758
Doire Leataoibh,Armagh,-0.14899801347228522,-0.03712190456270796,0.0196483844606541
Duibheanaigh,Armagh,0.0,0.0,0.0
Tigh Mhic Caoil,Armagh,0.27867505813950777,-0.16733756978614917,0.08308756515547565
Baile an tSagairt,Armagh,1.7346837889011917,-0.04597956557997058,0.10512248021044149
Baile Lainne,Armagh,1.69461380029829,-0.05208990102089315,0.18331450870854005
Allt na bhFiach,Armagh,-0.04492427583540017,0.008409886343012582,-0.011801115451767152
An Creagán Íochtarach,Armagh,0.11114939500506694,-0.14895525114049932,-0.0603257877383719
Lios an Daighin,Armagh,-0.13306498076832848,0.06950047966612027,-0.118613693727156
Tulaigh Áithe,Armagh,-0.05764012422130716,0.09146437170268677,0.09608295179668742
Leacht Briogaide,Armagh,-0.016492010676865683,-0.0021467839826913014,-0.005878057100732229
Carraig an tSeabhaic,Armagh,-0.0904079724765469,0.0005440943008651592,-0.11445111458367516
Bábhún Dhúchorráin,Armagh,-0.018765954414353365,0.001936118996878459,-0.007049081678385425
Muilte Ching,Armagh,-0.006338794198808865,0.00038488149017881275,-0.0023443942237969173
Tamhnaigh Bhealtaine,Armagh,-0.009158508301190216,0.0019998045014732514,-0.014384020041833931
An Creagán,Armagh,-0.0073724867721500515,0.00042520118376260333,-0.005384885912416212
Foirceal,Armagh,0.0,0.0,0.0
Bábhún Hamaltún,Armagh,-0.018765954414353365,0.001936118996878459,-0.007049081678385425
An Chill Mhór,Armagh,-0.4131151071152203,1.7535111159249654,2.1877176618617704
Coillidh Chanannáin,Armagh,-0.02007308649170125,0.0014330335852189254,-0.007815440518716339
Tuíneán,Armagh,0.0,0.0,0.0
Baile Gháire,Dublin,1.7805834374600096,-0.05562893047911098,0.19450091285589177
Cill Ghobáin,Dublin,-0.4686998157467367,-2.6977937602862743,0.8832247406320276
Cill Mochuda,Dublin,-0.4686998157467367,-2.6977937602862743,0.8832247406320276
Baile na Manach,Dublin,1.714439009202916,-0.04319391785764946,0.2734696831985768
Ráth Cúil,Dublin,-0.18586629160431317,0.2035511332803411,0.0859380825700026
Stigh Lorgan,Dublin,-0.0162910356622692,0.0031265966226675344,-0.00440898960502945
Paróiste San Nioclás Lasmuigh,Dublin,-0.00023271977478984268,-0.0026420191643930827,-0.004992420346600355
Tigh an Chnoic,Dublin,-0.029962899900667483,0.006641438118582092,-0.03589119667091578
Baile an Rí,Dublin,1.735756103043667,-0.0427998424246278,0.1404907766388902
Tigh an Chnoic,Dublin,-0.029962899900667483,0.006641438118582092,-0.03589119667091578
Barr na Coille,Dublin,0.02054046016828682,0.011543283457779404,-0.07183910635282473
Baile Shéamais,Dublin,1.7504153460698442,-0.04943021089144204,0.1830950159676328
An Baile Nua Beag,Dublin,1.9599488373185738,-0.4114354581266214,0.2797711790377245
Baile Biataigh,Dublin,1.69461380029829,-0.05208990102089315,0.18331450870854005
Diméin Chill Tiarnáin,Dublin,0.05533777366215725,0.10018689299088024,0.09025528411168604
Gleann na Muc Theas,Dublin,-0.14804122993338403,0.03641065854341316,-0.06294481771015614
An Easc,Dublin,0.0,0.0,0.0
Corcach Mhór,Dublin,-0.3615629804729218,1.750765442373374,2.234680689692855
Mountashton,Dublin,0.0,0.0,0.0
Garrán Stigh Lorgan,Dublin,-0.03289560201486002,0.05020133746056538,0.027764876257303544
Ard Giolláin,Dublin,-0.0552423122571117,0.10327226034324428,0.025312495485484404
Brí Mhór,Dublin,-0.3560341009133404,1.7130509088583221,2.1849186837621972
Cloch Ruairí,Dublin,0.07198782188674976,0.030211761615201047,0.03755376766190485
Cnoc Cuillinn,Dublin,-0.25560770014270295,0.5048279488246118,-2.340518539024928
Cluain Ard nó Baile an Phúcaigh,Dublin,1.4521766145241934,0.2113012882273846,0.2887402712716996
Cnoc Ghairnéara,Dublin,-0.25560770014270295,0.5048279488246118,-2.340518539024928
Inis,Dublin,-0.08352279784733851,0.054616364896986604,0.0349675462743042
An Cnoc,Dublin,-0.25560770014270295,0.5048279488246118,-2.340518539024928
Gleann Soird,Dublin,-0.13237727448247302,0.09971641095026927,0.08290512254153362
Driseog,Dublin,-0.008925292594714437,0.0005447084746800314,-0.0033199489738795092
Baile Eilís,Dublin,1.69461380029829,-0.05208990102089315,0.18331450870854005
Baile na gCailleach,Dublin,1.7537672867833682,-0.09421255153393379,0.1548834553755738
Murbhach,Dublin,0.0,0.0,0.0
An Dromainn,Dublin,-0.025001094558421023,0.007168107604586031,-0.01761785401090519
Diméin Bhaile Mhic Gormáin,Dublin,2.133538314506612,-0.19893622276966483,0.3352144344162283
Baile Hae,Dublin,1.69461380029829,-0.05208990102089315,0.18331450870854005
Na Seacht bPáirc (an Chéad Roinn),Dublin,-0.0032910754285699136,-0.00806022915576175,0.002734814162725329
Baile Carraige,Dublin,1.7063723410038252,-0.0434649159680385,0.13992554938119134
Baile an Bhéibhéaraigh,Dublin,1.69461380029829,-0.05208990102089315,0.18331450870854005
An Baile Trasna,Dublin,1.7399605801592217,-0.05138235993454883,0.18815711710416572
Baile an Bhoróntaigh,Dublin,1.69461380029829,-0.05208990102089315,0.18331450870854005
Baile Gháire,Dublin,1.7805834374600096,-0.05562893047911098,0.19450091285589177
Baile Riocaird,Dublin,1.69461380029829,-0.05208990102089315,0.18331450870854005
An Currach Thiar,Dublin,0.17429881857933643,0.12461788700271804,0.11376888772345813
Cnoc an Chábáin,Dublin,-0.25560770014270295,0.5048279488246118,-2.340518539024928
Loch Meáin,Dublin,-0.27387473001115364,0.25776585172313377,0.04739313796175092
Ard Ló,Dublin,-0.0552423122571117,0.10327226034324428,0.025312495485484404
Baile Lostraí,Dublin,1.69461380029829,-0.05208990102089315,0.18331450870854005
Droim Lotaire,Dublin,-0.24973556993840113,0.22474171660894424,-0.10778259133207715
Baile Shiurdáin,Dublin,1.730109102302799,-0.04838225152250211,0.1917167658073386
Halla Póp,Dublin,-0.017600901724301843,-0.0037384553114016912,-0.01184263678847477
Baile Ráth Lúcáis,Dublin,1.5845121404161757,0.10181200282237629,0.2994614932052629
Mountstuart,Dublin,0.0,0.0,0.0
Baile an Chorraigh,Dublin,1.69461380029829,-0.05208990102089315,0.18331450870854005
Cill Choscáin,Dublin,-0.4686998157467367,-2.6977937602862743,0.8832247406320276
Sealúin,Dublin,0.0,0.0,0.0
Clochrán,Dublin,0.0,0.0,0.0
An Corrbhaile,Dublin,-0.019148240935310076,-0.00367659768113944,-0.0033683511858019592
Abbeyville,Dublin,0.0,0.0,0.0
An Choill Ghlas,Dublin,-0.10150866295044114,0.22998191724663009,0.1312150774215291
An Ghléib,Dublin,-0.03874097762943806,-0.0019058849035651173,-0.01420874772834608
Baile Sheáin,Dublin,1.7833563890223847,-0.015427501019148478,0.240964627996335
An tAgard Nua,Dublin,0.36841364865521886,0.00962729630205496,0.08464399991359099
Coimín an Ráschúrsa,Dublin,-0.011956881049785104,-0.001340332692173814,-0.023815868037458596
Diméin an Rois,Dublin,0.11466409889949758,-0.0788686557300376,0.06877461274212011
Páirceanna an Bhaile,Dublin,1.6929420853274666,0.03182584911196048,0.2594272102960483
Na Goirt Ghlasa,Dublin,-0.017348047613297092,0.039355672710956684,-0.119362982415208
Páirceanna Bhaile an Mhuilinn,Dublin,1.7259840719648043,-0.030065221467283514,0.29019765077814835
Diméin Shoird,Dublin,0.12428645362242739,0.021627270919005993,0.04003869430525224
Páirceanna an Bhaile,Dublin,1.6929420853274666,0.03182584911196048,0.2594272102960483
An Coimín Thiar,Dublin,0.21666419746346038,0.06439967386069476,0.0631376788599833
An Bruach Naofa,Dublin,-0.007602419251583909,0.001221446732498254,-0.0035022693227771636
Cnoc Siáin,Dublin,-0.25560770014270295,0.5048279488246118,-2.340518539024928
Halla an Leasáin Beag,Dublin,-0.11535265414107926,-0.37192814428303156,0.0014957050687315742
Baile Mhic Giolla,Dublin,2.0819893909706924,-0.23401645535948512,0.31844048328084873
Fearann an Mhuilinn Ghaoithe,Dublin,0.004999936937933661,-0.06730503562503527,0.0003314117715849489
Baile Uí Dhúda,Dublin,3.2507026158874353,-0.10940009875534719,-0.03711456913086497
An Eiscir Theas,Dublin,0.0062476205155823465,-0.08785971301823989,-0.09704806923103901
Baile na Coille,Dublin,1.7584222320202405,-0.04418961307325697,0.14185529849856648
Coldblow,Dublin,-0.006338794198808865,0.00038488149017880814,-0.002344394223796917
Leamhcán,Dublin,0.0,0.0,0.0
Baile Áinséir agus An Baile Bán,Dublin,3.373678862912541,0.03957539743704101,0.32761798001289705
Baile Gallrath,Dublin,1.69461380029829,-0.05208990102089315,0.18331450870854005
Baile Shiurdáin,Dublin,1.730109102302799,-0.04838225152250211,0.1917167658073386
An Ghléib,Dublin,-0.03874097762943806,-0.0019058849035651173,-0.01420874772834608
An Bhearna Dhearg,Dublin,-0.0541596620353558,0.0274362166783371,-0.012670542915641375
Cill Chairbre,Dublin,-0.493757040828054,-2.8097586983552714,0.9205511121614076
An Log,Dublin,-0.0029285753164666746,0.0014257915491734602,-0.016070414739231202
Móinín an Lín Íochtarach,Dublin,0.08928829346654162,-0.1489150526688473,-0.08257619688949468
Baile Mhae Thuaidh,Dublin,1.6934293439802808,0.05814698065710553,0.34735576703544163
Baile na Móna,Dublin,1.725643665965902,-0.04534997914971163,0.11865623486194517
Baile an Chairpintéaraigh,Dublin,1.69461380029829,-0.05208990102089315,0.18331450870854005
Steach Póilín,Dublin,0.0,0.0,0.0
Clochar Dúiligh,Dublin,-0.024982983386189216,0.026647586524159717,0.03139682641503126
Snugborough,Dublin,0.0,0.0,0.0
Páirc an Aonaigh,Dublin,-0.016272674246941683,0.08961093431982137,0.07406035179618005
An Coimín,Dublin,-0.011956881049785104,-0.001340332692173814,-0.023815868037458596
Saileog,Dublin,0.0,0.0,0.0
An Bruachán,Dublin,0.0,0.0,0.0
Cill Dónáin,Dublin,-0.4686998157467367,-2.6977937602862743,0.8832247406320276
An Baile Gaelach,Dublin,1.7838650404101735,-0.054293159452552066,0.19632979504900153
An Barda Íochtarach,Dublin,0.118521881777217,-0.14938045232426192,-0.054940901825955686
Dúbóthar,Dublin,0.0,0.0,0.0
Merryfalls,Dublin,0.0,0.0,0.0
Cnoc na Seangán,Dublin,-0.2675050812015198,0.5165921872263034,-2.40001575345526
Baile an tSíbhrigh,Dublin,1.69461380029829,-0.05208990102089315,0.18331450870854005
Gibraltar,Dublin,0.0,0.0,0.0
Nangar,Dublin,0.0,0.0,0.0
Cnoc an Fhuaráin,Dublin,-0.25560770014270295,0.5048279488246118,-2.340518539024928
Buaile na Scornaí Uachtarach,Dublin,-0.016388084872145527,0.0010780560140278175,0.025565375765001556
Baile Mhic Craith,Dublin,2.06396072743331,-0.232942446479406,0.30558802863464446
Cionn Ard,Dublin,-0.10038837231133498,0.1440162310385829,0.04217991424808973
Coill Tobair,Dublin,0.0017440190824439634,0.013428411216440523,-0.08386437138670885
An Coimín,Dublin,-0.011956881049785104,-0.001340332692173814,-0.023815868037458596
Na Glaschnoic,Dublin,0.0,0.0,0.0
Tigh Bródáin,Dublin,-0.02728851381802915,-0.00038336109311396443,-0.029786921046230715
Gort na Carraige,Dublin,-0.1433867500063275,0.16159059388737795,-0.0011534022768985228
Scailp Liam,Dublin,0.10459872095859914,0.016592353755548142,0.05584918455549834
Páirc na Meala,Dublin,-0.014084139089899472,0.08717186042786045,0.08038818263309072
Cnoc an Róistigh,Dublin,-0.19763133757726678,0.5126049317461434,-2.3824155740709845
Seinséar,Dublin,0.0,0.0,0.0
An Ghléib,Dublin,-0.03874097762943806,-0.0019058849035651173,-0.01420874772834608
Baile San Labhrás,Dublin,1.7362503800155915,-0.04952160456687519,0.18732851385468047
Crois Araild Thoir,Dublin,0.11910990755497518,-0.2866562440943778,0.09739987689778201
Ráth Bhagóid Thiar,Dublin,0.1085920588844094,0.21718999794214724,0.2015069130779365
Cathair Bhaile Átha Cliath,Dublin,1.6987881039200572,-0.015071160877012995,0.12012172094034881
Séipéal Iosóid,Dublin,-0.010191773619235914,0.0008814558738796912,-0.004099460956486004
Saoirsí Theampall Chríost,Dublin,-0.01386824688913481,-0.06036077804826917,0.018217483080513387
Driseog,Dublin,-0.008925292594714437,0.0005447084746800314,-0.0033199489738795092
Páirc na Leamhán,Dublin,-0.0016717149708233168,0.08391575013285363,0.07611270158750826
Gráinseach Ghormáin Thuaidh,Dublin,-0.012935755813327288,0.05921952133380784,0.1785752379331364
Marino,Dublin,0.0,0.0,0.0
Cluain Sceach,Dublin,-0.21547291865580917,0.1769533332155915,0.034238478694565255
Abhainn Ghleann Cuilinn,Dublin,-0.16462007582811194,0.17018376046846484,0.11324690387080505
An Charraig,Dublin,-0.06648619103834423,0.031317070049614544,-0.002471447413918494
Cnoc Pheannóg,Dublin,-0.25560770014270295,0.5048279488246118,-2.340518539024928
An tOileán Rua,Dublin,-0.23978834182921854,0.23920839059359755,-0.41621421230018485
Eaglais Mhuire,Dublin,-0.0027953390942610686,-0.10847200661676427,0.02882215460264152
Sruthán na Coille,Dublin,0.05581605831589769,0.03598903097047796,-0.023909443135578114
Abhainn an Bharda,Dublin,-0.11375116274106617,0.13995055615542817,0.11119854415019738
Achadh an Tobair,Dublin,-0.07376383996360765,0.006900866476147835,-0.07408138651812461
Baile an Chairpintéaraigh,Dublin,1.69461380029829,-0.05208990102089315,0.18331450870854005
Baile Ruairí,Dublin,1.772769078835341,-0.054160711170602276,0.1856084902501996
Baile na Lobhar,Dublin,1.69461380029829,-0.05208990102089315,0.18331450870854005
Baile na nGabhar,Dublin,1.7127193424021863,-0.049693493996684594,0.180186543226012
Baile Uí Rónáin,Dublin,3.270492169875139,-0.15468782809048048,-0.018069181809491953
Port Reachrann,Dublin,-0.03572988489612234,0.006892712553660114,-0.014387699750068463
Dún Laoghaire,Dublin,-0.10581199953071796,0.11498407679962692,0.07340326963925684
An tAerfort,Dublin,0.0,0.0,0.0
Cé Árann A,Dublin,-0.020676105161884516,0.0069366844735267545,-0.008810601756565815
Bán an Aeir,Dublin,-0.02371319060600066,0.14847240671911985,-0.043031043532666444
Baile Ghrífín,Dublin,1.69461380029829,-0.05208990102089315,0.18331450870854005
Baile an tSaoir-Marlaigh,Dublin,1.69461380029829,-0.05208990102089315,0.18331450870854005
Baile Munna D,Dublin,1.69461380029829,-0.05208990102089315,0.18331450870854005
Baile Scadán,Dublin,1.7114266045200373,-0.05049868872661026,0.1839689575203284
Beaumont D,Dublin,0.0,0.0,0.0
An Charraig Dhubh-Baile an Bhóthair,Dublin,-0.025305485092613787,0.030313825401388723,0.0022122959671337207
An Charraig Dhubh-Sráid an tSrutháin,Dublin,-0.026545990392616195,0.03991842399829949,-0.043634879252399075
Cluain Dolcáin,Dublin,-0.18719487351698474,0.16011892890503346,0.08011326707767512
Cluain Sceach-Belfield,Dublin,-0.18719487351698474,0.16011892890503346,0.08011326707767512
Cluain Sceach-Fearann na Buaile,Dublin,-0.19658666684385911,0.15670441655917952,0.0668947756412821
Cluain Sceach-Reabóg,Dublin,-0.18719487351698474,0.16011892890503346,0.08011326707767512
Cluain Tarbh Thoir E,Dublin,-0.08687983622754979,-0.11699615599565276,0.18500551303070462
Cluain Tarbh Thiar C,Dublin,0.02984277647802202,0.23031088023409363,0.16745386787252936
Cromghlinn C,Dublin,0.0,0.0,0.0
Dún Laoghaire-Baile an Chnoic,Dublin,-0.10848638561335629,0.12200887601132299,0.06729899401457178
Baile Gháire,Dublin,1.7805834374600096,-0.05562893047911098,0.19450091285589177
An Ghráinseach C,Dublin,-0.02756231393251435,0.02892227202131319,0.02687441488325783
Cill Mhaighneann B,Dublin,-0.4686998157467367,-2.6977937602862743,0.8832247406320276
An Choill Mhór D,Dublin,-0.43861825034483015,1.8680660000732143,2.3830155751802486
Teach an Ardmhéara A,Dublin,-0.008418913533529582,-0.002673359234505838,-0.0126401876172877
Peambróg Thoir A,Dublin,0.10915486911529694,-0.29386212037270387,0.10702665549602772
Peambróg Thoir E,Dublin,0.10915486911529694,-0.29386212037270387,0.10702665549602772
Páirc an Fhionnuisce,Dublin,-0.0016717149708233168,0.08391575013285363,0.07611270158750826
Ráth Fearnáin-Baile Uí Ruáin,Dublin,1.5125353978739904,0.09388454998035554,-0.10311516917287188
Ráth Fearnáin-Eirmeatáiste,Dublin,-0.12002901962883608,0.15144999138927867,0.1145533661804946
An Ros,Dublin,-0.1167950762635073,0.13964003817674042,0.12691140728093475
Sord,Dublin,0.0,0.0,0.0
Sord-An Fhoraois,Dublin,0.0,0.0,0.0
Tamhlacht-Cill na Manach,Dublin,0.019825208904625944,0.008895983163243693,0.09015517449003675
Tír an Iúir A,Dublin,-0.004417810384775445,0.025287942238349327,0.026355170118520514
Baile Bhailcín B,Dublin,1.742721430053759,-0.05405081440902331,0.18950540626895573
Baile Bhailcín C,Dublin,1.742721430053759,-0.05405081440902331,0.18950540626895573
An Halla Bán D,Dublin,-0.033149639408341036,0.14001674416742563,-0.050853674192657836
Cloigtheach Chluain Dolcáin,Dublin,-0.04345619902360007,0.04164538197287075,0.028577188268559445
Cnoc Mhaolruain,Dublin,-0.25560770014270295,0.5048279488246118,-2.340518539024928
Trá Mhuirfean,Dublin,-0.03593216791782073,-0.01483634380612086,0.029674894576755265
Acra na gCraipithe,Dublin,-0.01427079782873769,0.0030811174716646973,-0.0021186592941246827
Baile Bhéilinn,Dublin,1.69461380029829,-0.05208990102089315,0.18331450870854005
Páirc San Audoen,Dublin,0.018648026873109656,0.08628200345074402,0.07715635670973389
Páirc an Diamaint,Dublin,-0.0016717149708233168,0.08391575013285363,0.07611270158750826
Eaglais San Werburgh,Dublin,0.04908509369415799,-0.0038358759821527466,0.0031071724786483125
Cnoc Áth Gó,Dublin,-0.3537041292922985,0.553476971556706,-2.373482539114347
Mothar Chionn Ard,Dublin,-0.09268366567466091,0.11990420895681175,0.01093008156546459
Baile Gháire,Dublin,1.7805834374600096,-0.05562893047911098,0.19450091285589177
Baile Bhlainséir,Dublin,1.69461380029829,-0.05208990102089315,0.18331450870854005
Domhnach Cearna,Dublin,-0.018110424324489914,0.034121200039414226,0.0359272904024216
Carraig an tSionnaigh,Dublin,-0.11052007493103194,0.017380951978593694,-0.16960190244583295
Teampall Mhaighréide,Dublin,-0.01100474445453577,0.024799342536423345,0.010011586395910014
Droichead Bhóthar na Bruíne,Dublin,-0.045400157307453476,0.0347807629965871,-0.0180295588690599
An Spincín,Dublin,0.0,0.0,0.0
Ráth Rónáin,Dublin,-0.10023946564113234,0.10616226205414539,0.13359875350186762
Teach Uiliséas,Dublin,-0.008418913533529582,-0.002673359234505838,-0.0126401876172877
Droichead Róise Haicéid,Dublin,0.017330728043021174,-0.006565546607173462,-0.02244271828511223
Coill na Mónann,Dublin,-0.005814648841794402,0.03186805099076262,-0.01368687421827267
Droim Dhúin,Cavan,-0.26800811811038217,0.17273166616794325,-0.09390945508391471
Droim Oiríolaigh,Cavan,-0.2640981443725273,0.2352475228356119,-0.11514544193861742
Cill Dalláin,Cavan,-0.49709995745007385,-2.7998548322821337,0.9154544664333951
An Mullach,Cavan,-0.08806219486478399,0.16426225666638491,0.17475043958916703
An Droim Mór,Cavan,-0.5939019970933512,1.8996932104620354,2.0297184807232593
An Ghallbhuaile,Cavan,0.0,0.0,0.0
An tUrchar,Cavan,0.0,0.0,0.0
Cabhán Sceildreach,Cavan,-0.006011677588373599,0.0004796722328359008,-0.0023495180962792707
An Bhiorach,Cavan,0.0,0.0,0.0
An Chloich Fhinn,Cavan,0.05924031381958394,-0.001601891955538339,0.003459573163351397
An Chorr Liath,Cavan,-0.11908661645820001,0.015966257764549418,-0.05506923991678829
Corr na Coille,Cavan,-0.011010729484585022,0.0024989296713183225,-0.09350668293247226
Achadh na Madadh,Cavan,-0.09109429341123373,0.028541268267556666,-0.004409098608379524
Cnoc Loiste,Cavan,-0.28162918955795724,0.5527904922777513,-2.3443874283254265
Leachta Ruibhe,Cavan,-0.011853875770350034,-0.0007135967007571947,-0.0067485789376418946
An tAonach,Cavan,0.0,0.0,0.0
Ard Luachra,Cavan,-0.07087747283322025,0.10806716112747458,0.022159124841602106
Cill Dalláin,Cavan,-0.49709995745007385,-2.7998548322821337,0.9154544664333951
Tulaigh Dhiarmada,Cavan,-0.04094135911713633,0.09286175187361166,0.09724887720025983
Boirinn,Cavan,0.0,0.0,0.0
Lios an Uabhair,Cavan,-0.15315914505706876,0.08750432690288806,-0.17162555627632967
Droim Beitheach,Cavan,-0.24973556993840113,0.22474171660894424,-0.10778259133207715
An tAilltín,Cavan,0.0,0.0,0.0
Corr an tSileáin,Cavan,-0.0748191612065355,-0.005401358276317856,-0.05204747272249871
Doire Liath,Cavan,-0.20612306973410965,-0.030147445821481284,-0.004355093252048612
Barr Cónaí (Robinson),Cavan,-0.05415067038523971,0.0044198879610126375,-0.03570297257471599
Corr an Mhaide Dhuibh,Cavan,0.02577086769421852,-0.04889711084138937,-0.08246551145933181
Barr Cónaí (Cuppage),Cavan,-0.05415067038523971,0.0044198879610126375,-0.03570297257471599
Barr Cónaí (Nugent),Cavan,-0.05415067038523971,0.0044198879610126375,-0.03570297257471599
Poll an Chaoil,Cavan,-0.10212332758423118,-0.01089485611741077,-0.03602966230246426
Achadh an Chaisil,Cavan,-0.09882099337237388,0.037302252324797835,-0.05957995731229875
Achadh Locháin,Cavan,-0.03229312238350588,0.02311608097852483,0.0013320348115048878
Íochtar,Cavan,0.0,0.0,0.0
Feartach,Cavan,0.0,0.0,0.0
Páirc na bhFianna,Cavan,-0.0257710328055171,0.10019551641952883,0.08150507608728899
Dún Ancaire,Cavan,-0.10581199953071796,0.11498407679962692,0.07340326963925684
Mormaid,Cavan,0.0,0.0,0.0
Ard Tí Dúnaígh,Cavan,-0.09634665693453537,0.11146437599867862,0.012161972119723375
Droim Shiail,Cavan,-0.24973556993840113,0.22474171660894424,-0.10778259133207715
Baile an Teampaill,Cavan,1.76233942481032,-0.05222188004967791,0.18873291754990415
Droim Shaileach,Cavan,-0.24973556993840113,0.22474171660894424,-0.10778259133207715
Droim Thuama,Cavan,-0.26761570694519465,0.1694414009289194,-0.09207433644293547
Droim Mullaigh,Cavan,-0.260638452886484,0.23055077026909526,-0.11390907536148238
Achadh Cille Móire Uachtarach,Cavan,-0.09558647543272833,0.03525725001222876,0.03499956170938624
An tSeanchorr,Cavan,0.0,0.0,0.0
Achadh Dhoire Pluis,Cavan,-0.106300618430528,0.039778232347508824,-0.011573055594963494
Droim an Chuilinn,Cavan,-0.2693717570921223,0.25006067325376585,-0.1986340578216488
Gréach an Ghearráin,Cavan,-0.01604524871269881,0.0017015604676624235,-0.005287608655756847
An Urnaí,Cavan,-0.019458383210433073,-0.06160308112693389,0.014621177130833982
Port Leamhnaí,Cavan,-0.03572988489612234,0.006892712553660114,-0.014387699750068463
Droim Cnámha,Cavan,-0.24973556993840113,0.22474171660894424,-0.10778259133207715
Fearnán,Cavan,-0.008925292594714437,0.0005447084746800164,-0.0033199489738795097
An tSeanchoill Íochtarach,Cavan,0.11306563984758478,-0.15508741157704523,-0.05982348757384354
An tSeanchoill Uachtarach,Cavan,-0.012452533474903386,-0.0012143908929015644,0.03390128145350673
Cluain Oirbhe,Cavan,-0.1965408695466117,0.16410917492830163,0.07963394647819699
Binn Mhoilt,Cavan,-0.031633545810466346,0.015653487914341388,-0.052208379438300735
An Chabrach,Cavan,0.0,0.0,0.0
Maigh Eo,Cavan,-0.08272253256764109,0.029944205375736672,-0.029278855162102588
Sceirig,Cavan,0.0,0.0,0.0
Taobh na bhFiach,Cavan,-0.0440995055565203,0.007033836783434035,-0.015714226368228123
Coill an Chreamha,Cavan,-0.022019286541581112,0.033866296370113416,-0.018591801953101502
Coill an Tí,Cavan,-0.046918993519218063,0.04006016664619695,-0.0268373975840337
Corr an Aoire,Cavan,-0.08732891021953339,-0.0015964347662715383,-0.0538145092076699
An Doire Uachtarach,Cavan,-0.14611423368621546,-0.03274630464981407,0.060365109007902165
Gort na Coilleadh,Cavan,-0.17696084024991376,0.16894813989651428,-0.010818639683047582
Droim Cró,Cavan,-0.2816828480719755,0.26086520189999896,-0.08171099438101108
Deinn Bán,Cavan,-0.01554873768403919,0.1437551994788273,-0.03901103740418307
Droim Lomáin,Cavan,-0.24973556993840113,0.22474171660894424,-0.10778259133207715
Lios na nEanach,Cavan,-0.13306498076832848,0.06950047966612027,-0.118613693727156
An Bhroclaigh,Cavan,0.0,0.0,0.0
Dreastarnach,Cavan,0.0,0.0,0.0
An Ghlasdromainn,Cavan,-0.016267725641782894,0.03472796396834042,0.04072165805253407
Traothú,Cavan,0.0,0.0,0.0
Doire,Cavan,-0.13911794214094428,-0.03723887300969581,0.02158124180650758
An Leathcheathrú,Cavan,-0.006338794198808865,0.00038488149017880765,-0.0023443942237969173
Cluain Eosa,Cavan,-0.18719487351698474,0.16011892890503346,0.08011326707767512
An Críonach,Cavan,-0.006338794198808865,0.0003848814901788064,-0.0023443942237969173
Cuibhe,Cavan,0.0,0.0,0.0
Doire Mhóna,Cavan,-0.13911794214094428,-0.03723887300969581,0.02158124180650758
Droim Chomhaill,Cavan,-0.24973556993840113,0.22474171660894424,-0.10778259133207715
Droim Eanaigh Móinteach,Cavan,-0.281848995988879,0.2434109617035003,-0.11572989288072313
An Ardshraith,Cavan,0.0,0.0,0.0
Cill na Seanrátha,Cavan,-0.4686998157467367,-2.6977937602862743,0.8832247406320276
Droim Sceitheach,Cavan,-0.2612881905810798,0.2300654392093867,-0.11384790279861187
Coill na Cruite,Cavan,-0.005814648841794402,0.03186805099076262,-0.01368687421827267
Corr Chlocháin,Cavan,-0.08485223136407856,-0.0016938033274000487,-0.05462029284616859
An Coiscéim Dubh,Cavan,-0.15007821675965133,0.0807308331339526,-0.1902885803425012
An Chorr Mhín,Cavan,-0.08965889496233126,0.04058422647301208,-0.13452214810730365
Cnoc an tSagairt,Cavan,-0.2155377115398013,0.5109382842655343,-2.4187105675230267
Doire Mheacnaí,Cavan,-0.13911794214094428,-0.03723887300969581,0.02158124180650758
Droim Manaigh,Cavan,-0.24973556993840113,0.22474171660894424,-0.10778259133207715
Droim Mullach,Cavan,-0.33779776480318513,0.38900397327532915,0.06696784825708987
An Ghairfeanaigh,Cavan,0.0,0.0,0.0
Mullach na nDarach,Cavan,-0.08806219486478399,0.16426225666638491,0.17475043958916703
Coill Sheanaidh,Cavan,-0.005814648841794402,0.03186805099076262,-0.01368687421827267
Corr an Dairín,Cavan,-0.0748191612065355,-0.005401358276317856,-0.05204747272249871
Doire Leathan,Cavan,-0.18177872227651465,-0.029091235620270363,0.011914636828984079
Corr na Sás,Cavan,-0.0748191612065355,-0.005401358276317856,-0.05204747272249871
Maigh Leacht,Cavan,-0.07778649936458384,0.01876267012255764,-0.028012964265550888
An Mothar,Cavan,-0.010169581591962497,0.0030277243377115266,-0.003013488113975337
Corr an tSamhaidh,Cavan,-0.07185912613165735,0.03343094611133121,-0.007733675977955316
Currach Cloiche,Cavan,-0.006957488845711617,0.06836492787408532,0.031081695394705344
An Tearmann,Cavan,0.0,0.0,0.0
An Charraig Thirim,Cavan,-0.06648619103834423,0.031317070049614544,-0.002471447413918494
Liosanna,Cavan,0.0,0.0,0.0
Gob na Reanna,Cavan,-0.05543074458470012,0.005753331488530081,-0.03289825030829582
Loch na nGoincíní,Cavan,-0.26016423313005305,0.25720012842049245,0.04793659832010855
An Leargain,Cavan,-0.018595164197791537,0.0337529628716619,0.038219557543780404
Poll an Chonnaidh,Cavan,-0.09112414098524203,0.03345703992019998,-0.05560538746595735
Oileán Sailí,Cavan,-0.11329063062073298,0.0012790144850757263,-0.0774138043135638
Halla an Charria,Cavan,-0.017600901724301843,-0.0037384553114016912,-0.01184263678847477
Abhainn na hEoghancha,Cavan,-0.11375116274106617,0.13995055615542817,0.11119854415019738
Abhainn Leathrátha,Cavan,-0.11375116274106617,0.13995055615542817,0.11119854415019738
Carraig an Tobair,Cavan,-0.08284930455230853,-0.01789554547345694,-0.18462861175211134
Loch Bharr na gCnó,Cavan,-0.3186354040521663,0.271066526666633,0.0172907340840173
Loch Choillidh Rú,Cavan,-0.2998326152161111,0.2739323756302721,0.03607810694338742
An Loch Fada,Cavan,-0.34941288164825846,0.29463876353798923,0.0004898397132858529
Samhaoir,Cavan,0.0,0.0,0.0
Ármhach,Cavan,0.0,0.0,0.0
Baile an Teampaill,Cavan,1.76233942481032,-0.05222188004967791,0.18873291754990415
An Cabhán (Tuath),Cavan,0.014350957166699159,0.004689452421514953,-0.0025696113726507573
Droim an Easpaig,Cavan,-0.23900957158523842,0.17792294244536666,-0.0950576610200164
Droichead na hEasca,Cavan,-0.010587564524880624,-0.005310620597778772,-0.027417622101809768
Corr an Dairín,Cavan,-0.0748191612065355,-0.005401358276317856,-0.05204747272249871
An Móta,Cavan,0.0,0.0,0.0
An Bhuaile Bheag,Cavan,-0.12844426432867878,-0.37758347197156733,0.003909784084245794
An Garraí Beag,Cavan,-0.14223324377423618,-0.37541281046632813,0.009772573181484848
Mullach na bhFeannóg,Cavan,-0.1011359298205678,0.1686399950361427,0.17270372852330043
An Bábhún Buí,Cavan,-0.0863954322472405,-0.01010916084003511,-0.05400254544663654
Beagshliabh,Cavan,0.0,0.0,0.0
Doire na Criadh,Cavan,-0.13911794214094428,-0.03723887300969581,0.02158124180650758
Drong,Cavan,0.0,0.0,0.0
Cill Chóige,Cavan,-0.4686998157467367,-2.6977937602862743,0.8832247406320276
Tulaigh Chuach,Cavan,-0.06703146285433872,0.09615403100957237,0.09790548208730536
Loch na dTrí gCaol,Cavan,-0.26016423313005305,0.25720012842049245,0.04793659832010855
Achadh,Carlow,-0.08132250788784602,0.025340506250469932,-0.003903889349688423
Ard Breistin,Carlow,-0.0552423122571117,0.10327226034324428,0.025312495485484404
Teampall Pheadair,Carlow,-0.012965503246601756,0.02458535329808027,0.009250536277190007
An tOileán,Carlow,-0.08071145517462762,0.07277412535303325,-0.00472692380480665
Cnoc Bhaile Staghain,Carlow,1.439006100155587,0.4527380478037186,-2.157204030316388
An Mhóin Rua,Carlow,-0.23591581094980996,0.3787038731939504,-0.21181685885441193
Craobhchruinn,Carlow,0.0,0.0,0.0
Baile Uí Choileáin,Carlow,3.322019717148121,-0.16662455582296531,-0.035553683226274654
Cill Chonnacht,Carlow,-0.4686998157467367,-2.6977937602862743,0.8832247406320276
Baile Ghallduibh Uachtarach,Carlow,1.6876175087530187,-0.047597332661011404,0.22209837590993464
Cúil Mhaine Uachtarach,Carlow,-0.07283356352074825,0.056593710250944174,0.010168583590902593
Baile an Mhablaigh,Carlow,1.69461380029829,-0.05208990102089315,0.18331450870854005
Níocán,Carlow,0.0,0.0,0.0
Baile Uí Bhairr Íochtarach,Carlow,3.369224497664652,-0.2587805510796091,-0.09205547095682065
Ráth Fhiachrach,Carlow,-0.12002901962883608,0.15144999138927867,0.1145533661804946
Liaithinn,Carlow,0.0,0.0,0.0
Baile an Bhealaigh,Carlow,1.7021571767101484,-0.09714272807648262,0.195121429965849
Cnoc Mhánais,Carlow,-0.25560770014270295,0.5048279488246118,-2.340518539024928
Coill Chalatroma,Carlow,-0.005814648841794402,0.03186805099076262,-0.01368687421827267
An Garraí Nua,Carlow,0.31860529807960264,0.001621010371203325,0.07955255979625661
An Tom Ard Íochtarach,Carlow,0.04243461721670877,-0.05214543977987698,-0.03772063046169608
Cnoc Cluana Gaid,Carlow,-0.272523768913627,0.518094682672453,-2.3931283651179456
Barr na hEasca,Carlow,-0.050358032177478446,0.003982678854926462,-0.03398589383546394
Baile an Chnocáin,Carlow,1.7506894445093675,-0.0579476577861496,0.1929056757942225
Coill Mhic Fhloinn,Carlow,0.39634803991790146,-0.14090610911046225,0.08740443973725255
An Sián,Carlow,-0.020578799998793692,0.03353667514148287,0.037080257129595895
An Gharbhchoill,Carlow,0.0,0.0,0.0
Cúil an tSneachta,Carlow,-0.06583727197547709,0.05210114189106243,-0.02861528361049199
Ráth na gCaorach,Carlow,-0.1495057822089336,0.16424068687288879,0.10834091404307916
An Bhuaile Dhorcha,Carlow,-0.037716864834221125,-0.011221089443405557,-0.014334546231256781
Fearann an Phlúir,Carlow,-0.028042049699404107,-0.005413965045791283,-0.030439028710515105
Iorchuileann,Carlow,0.0,0.0,0.0
Baile an Chaisleáin,Carlow,1.7805920587257142,-0.05075043592134944,0.19628947585227507
An Cnoc Bodhar,Carlow,-0.25560770014270295,0.5048279488246118,-2.340518539024928
Ráth Corróg,Carlow,-0.12002901962883608,0.15144999138927867,0.1145533661804946
Cnoc an Spá,Carlow,-0.2733980754934297,0.518511878890333,-2.391549910701284
Coill an Mháistir,Carlow,-0.005814648841794402,0.03186805099076262,-0.01368687421827267
Ráth Eilín,Carlow,-0.12002901962883608,0.15144999138927867,0.1145533661804946
Cloch an tSutúnaigh,Carlow,-0.006167456650301191,0.03228257176491017,0.03525978612024531
Coill Charraige,Carlow,-0.005814648841794402,0.03186805099076262,-0.01368687421827267
Baile Uí Nualláin,Carlow,3.2507026158874353,-0.10940009875534719,-0.03711456913086497
Tom na Soc,Carlow,-0.020844952303396534,-0.0060372477988593415,-0.008092224121224798
Buaile na Creiche,Carlow,-0.009391793326874363,-0.003414512345853928,-0.013218491436393025
Iolard Beag,Carlow,-0.10566088475204564,-0.37609525793065973,0.011304470353271813
Na Dúnáin,Carlow,0.0,0.0,0.0
Baile an Treathain,Carlow,1.69461380029829,-0.05208990102089315,0.18331450870854005
Cloch Mhic Sheoinín,Carlow,0.32947161670298064,-0.13964699964401414,0.15091160640693582
Baile Mhánairt,Carlow,1.69461380029829,-0.05208990102089315,0.18331450870854005
Crois Naíon,Carlow,0.0072114417473015035,-0.005089214417499981,-0.007105315157835154
Baile an Bhealaigh agus Cill tSinill,Carlow,1.2334573609634119,-2.7949364883627568,1.0783461705978765
Lios Áilleacáin,Carlow,-0.13306498076832848,0.06950047966612027,-0.118613693727156
An Baile Nua,Carlow,2.0577005897353513,-0.04324576915499155,0.26643283718051813
An Bheitheánach,Carlow,0.0,0.0,0.0
Carraig Leithid,Carlow,-0.1023053535353637,0.012308332702556803,-0.17394832901400736
Baile na gCodarmán,Carlow,1.69461380029829,-0.05208990102089315,0.18331450870854005
An Dúghlais,Carlow,0.0,0.0,0.0
Bóthar Bhaile Staplóg,Carlow,1.66614944096791,-0.01810060292043772,0.19430680715481968
Na Coraí,Carlow,0.0,0.0,0.0
An Corrán Mór,Carlow,-0.3794463603638889,1.7346053457638082,2.195037991187376
An Seangharraí,Carlow,0.0,0.0,0.0
Abhainn Áth na Broiscí,Carlow,-0.2118475918906617,0.18859957888752238,0.07823454406077843
Ceatharlach,Carlow,0.0,0.0,0.0
An Leon Dubh,Carlow,-0.142402071318153,0.07950423822824801,-0.1830214742340618
Cruachán,Carlow,-0.013689929290491653,0.0008456565207107156,-0.005161668798619203
Uíbh Ráthach,Kerry,-0.01214802950040701,-0.013157782805436748,-0.0008593299352916978
Achadh Deo,Kerry,-0.08132250788784602,0.025340506250469932,-0.003903889349688423
Ard Fhearta,Kerry,-0.06315265378593131,0.10466416337472578,0.02091948504569039
Baile na hEaglaise,Kerry,1.7233791521485151,-0.058292030320936286,0.18537802606496273
Bailte Ó Síoda,Kerry,-0.011327596892309173,0.0006946288091614565,-0.00423611294035823
Dubháth,Kerry,-0.006338794198808865,0.00038488149017880825,-0.0023443942237969164
Dún Urlann,Kerry,-0.10581199953071796,0.11498407679962692,0.07340326963925684
Cill Cholmáin,Kerry,-0.526233625041413,-2.990739287074534,0.9815753580022152
Cillín Tiarna,Kerry,-0.03907497264060083,0.00343799313305366,-0.012951320059889379
Cill Aighne,Kerry,-0.4686998157467367,-2.6977937602862743,0.8832247406320276
Paróiste Múrach,Kerry,-0.020552461618722814,-0.005008272482283471,-0.006036075468825995
Márthain,Kerry,0.0,0.0,0.0
An Nuachabháil,Kerry,0.007362545225907431,-0.00019804427699191012,-0.009791981000296357
Nuachabháil Uí Dhálaigh,Kerry,1.750665542337302,-0.06637668021995648,-0.24302136722775838
Ráth Teas,Kerry,-0.1302242387478112,0.158655208628961,0.11754268183106904
An Sráidbhaile,Kerry,-0.011537486855590811,0.0006270877655798243,-0.004266517695272849
Cill Gharraí an Lóndraigh,Kerry,-0.5131813071041955,-2.7050168817809723,0.8796589719563062
An Com Liath,Kerry,-0.06757075424084258,0.005920502658798871,-0.04062273934567939
An Cheapach,Kerry,-0.0338454354986867,0.030730958740101375,0.013634576612765686
Tír na hAidhle,Kerry,-0.00942630106815515,0.025277768044209514,0.022131646400479935
Currach na nDamh,Kerry,-0.06690335914564144,0.060585858563886,0.02123937258305476
Cinn Aird Thiar,Kerry,0.21592850425332877,0.08308983657157958,0.07645141589818336
Doirín Dúghlaise,Kerry,-0.04370466094362278,0.008946529241182584,-0.01612672393238625
An Goirtín,Kerry,-0.04750825628875171,0.004197119170750803,-0.016632909523057564
Cill Ó gCróin,Kerry,-0.4686998157467367,-2.6977937602862743,0.8832247406320276
Cathair Dónall,Kerry,-0.06887305651818929,0.025125909667483667,-0.03308781371585634
An Gleann Beag,Kerry,-0.23012902689925044,-0.26847327802136056,0.09624346439873996
Meall an Ghiorcáin,Kerry,-0.01298347282546875,0.023965179658195893,0.023048167553229797
Málainn,Kerry,-0.006338794198808865,0.00038488149017880966,-0.002344394223796917
Beiginis,Kerry,0.0,0.0,0.0
Cill Fhaoláin Thiar,Kerry,-0.2400787372334912,-2.632053753733406,0.9701782875294696
Com Iagó Thiar,Kerry,0.22805545186556828,0.06456908202345292,0.07226714261031869
Baile na hAbhann  Beag,Kerry,1.634675684928033,-0.42490837127424885,0.20034188123167715
An Gort Mór,Kerry,-0.49931171786681283,1.8279171026876144,2.1797366291057867
Na Ródaibh,Kerry,-0.007024599493917157,0.002127744732599795,-0.00014790452296296606
An Cuas,Kerry,-0.03373875141665774,0.006170124177736363,-0.009654454276473526
An Chora Fhliuch,Kerry,-0.015355182871355672,0.003387208086828537,-0.008091226116754642
Drom Dúire,Kerry,-0.06347578766995841,0.022744571245361837,0.011801381810682344
Na Ladhráin Uachtaracha,Kerry,-0.006338794198808865,0.00038488149017880825,-0.0023443942237969164
Baisleacán,Kerry,0.0,0.0,0.0
Doire Fhíonáin Beag,Kerry,-0.259718847663117,-0.4754157349780568,0.05459009619499436
Ceann Muice,Kerry,-0.03288112192443486,0.015097641754103051,-0.02330326417257616
Na hInsí Thoir,Kerry,0.11189846580767368,-0.2815670296768778,0.10450519205561716
Oileán na nUan,Kerry,-0.1326795322831687,0.007911760502393889,-0.08403730867058137
Teamhair,Kerry,-0.019506603747928324,0.06572603809528116,0.08452386448701453
Com Úra,Kerry,-0.0005656266476772031,-0.0011709245294156568,-0.014686404287123199
Doire Ianna,Kerry,-0.13911794214094428,-0.03723887300969581,0.02158124180650758
Clochán Cárthainn,Kerry,-0.03584458760217801,-0.008699111821370644,-0.015381038690232942
Fearann na hAbhann,Kerry,0.009771587347116317,-0.010042746327517102,-0.026749998044584333
Imleach Draighneach,Kerry,-0.05054386187449052,-0.048288202532212825,0.0077801649451813585
Imleach Lao,Kerry,-0.04961897203839821,0.008361655284201384,-0.007016119862177178
An Chúil Rua Uachtarach,Kerry,-0.23191045017533918,0.22302797549150846,-0.4013187049044756
An Caol Dubh Íochtarach,Kerry,-0.05541878569905235,-0.03515023443160685,-0.2093377315026717
An Cheapaigh Mhór,Kerry,-0.3535605165224766,1.7032502407148393,2.1821203026718816
Gort na Graí,Kerry,-0.13462199058612553,0.16426223886744118,-0.041265559425027305
Na Cealla,Kerry,-0.014252733921923564,-0.01443493009551295,-0.0037212754372035832
Bun Glaise Thuaidh,Kerry,-0.07618805638112192,0.1391169892731532,0.149600213255728
Tuar na Naoscach,Kerry,-0.03431533318221857,0.05654398127729491,0.06402988913837702
Cuar Uí Mhainchín,Kerry,1.5844755116423068,-0.058761252461973945,-0.2375685958087238
An Dromaid,Kerry,0.0,0.0,0.0
Inse na Toinne,Kerry,0.01775267725592144,0.03475470191822405,0.009200280648681404
Seanaire Uachtarach,Kerry,-0.006996291545271163,0.004492568359881746,0.03878386720139458
Abhlach Thiar,Kerry,0.22570519607158013,0.07084204791192783,0.08572527629712468
Cill Buaine,Kerry,-0.4686998157467367,-2.6977937602862743,0.8832247406320276
Baile Uí Thiarnaigh Thiar,Kerry,3.479323694400681,-0.043660092202478615,0.04983897776657692
An Chúil Thoir,Kerry,0.04606119383219659,-0.22946588778581536,0.07588990844512516
Fíoch Meáin Thoir,Kerry,0.09342652048714747,-0.2869436727034229,0.10403761429901104
Gleann Laoim,Kerry,-0.13237727448247302,0.09971641095026927,0.08290512254153362
Gort Gabhar,Kerry,-0.18092053695644814,0.19545023651208915,0.08922360235971048
Baile Uí Ghlaisín,Kerry,3.3488059858812784,-0.11394189568684282,-0.04118705175971511
Baile na Hunta,Kerry,1.69461380029829,-0.05208990102089315,0.18331450870854005
Baile an Tearmainn,Kerry,1.69461380029829,-0.05208990102089315,0.18331450870854005
Baile Uí Uaithnín,Kerry,3.2507026158874353,-0.10940009875534719,-0.03711456913086497
An Choill Mhór,Kerry,-0.43861825034483015,1.8680660000732143,2.3830155751802486
Loch an Dúin,Kerry,-0.28145052730334336,0.3023938825061679,0.07574745852475265
Áth na gCeap,Kerry,-0.09809642914959553,0.04864902273209421,-0.03296400008941896
An Com Dubh,Kerry,-0.1429676979658302,0.07833331369883235,-0.197707878521185
Caisleán Ghriaire,Kerry,0.029884390363814104,-0.0005274965581573636,-0.03395475576594511
Clochán an Fhóid,Kerry,-0.05117081274426194,-0.003361988332738177,-0.017591742024286962
Tulaigh Fhraoigh,Kerry,-0.0823349950625405,0.10022418024330647,0.09271492512578369
An Tulaigh,Kerry,-0.05764012422130716,0.09146437170268677,0.09608295179668742
Garraí Liam,Kerry,0.06735604386785526,0.008490687286890342,0.05433087470066085
Coimín Uí Chorráin,Kerry,1.5489393307186137,-0.057154764047696704,-0.25657168582993983
Ceapaigh na Naí,Kerry,0.030004613997114467,-0.006616842437548466,-0.004867940936228016
Mín na Scairte,Kerry,-0.055276383253424176,0.015534672887574333,-0.02513745516088226
Gort Onóra,Kerry,-0.1551452907118627,0.15296560883452331,0.04223555705045017
Baile na Rátha Thuaidh,Kerry,1.6840068002181907,0.07733014452769629,0.29978437368283073
Inis na Bró,Kerry,-0.09507603802941163,0.05709360870619262,0.03242564161679585
An Baile Uachtarach Thoir,Kerry,1.7995159745606923,-0.3291643623378892,0.3266035679655518
An Gort Mór,Kerry,-0.49931171786681283,1.8279171026876144,2.1797366291057867
Fearann Mhic Réamainn,Kerry,0.2865960108864906,-0.17388755771356895,0.08142220269192091
Na Gleannta Thuaidh,Kerry,-0.0011844563180091337,0.11023688167799868,0.16404125832690158
An Bhinn Bháin,Kerry,-0.06389645307952752,-0.02986718247867336,0.037097588929100964
An Charraig,Kerry,-0.06648619103834423,0.031317070049614544,-0.002471447413918494
An Clochán Dubh,Kerry,-0.178246658920331,0.07080512640687736,-0.19840251292429473
An Ghlaise Bheag,Kerry,-0.1117197323264371,-0.3740484790940266,0.010344510317430913
Baile an Chnocáin,Kerry,1.7506894445093675,-0.0579476577861496,0.1929056757942225
Baile na hAbha,Kerry,1.78545596919117,-0.0531304875867464,0.19573217318040811
Lios Deargáin,Kerry,-0.14092089747408126,0.07190986685754734,-0.12490598202611969
Páirc an Fhiaidh,Kerry,-0.0016717149708233168,0.08391575013285363,0.07611270158750826
Ceathrú an Chaisleáin,Kerry,0.023717604987844386,0.03606391168832953,0.04572461689109778
Baile an Bhogaigh,Kerry,1.69461380029829,-0.05208990102089315,0.18331450870854005
Na Dúnta Thiar,Kerry,0.22862107851324548,0.06574000655286857,0.08695354689744189
Garraí na dTor,Kerry,-0.04448149135745878,-0.007223121494698272,-0.003565768675721497
Gort na gCuileannach,Kerry,-0.1551452907118627,0.15296560883452331,0.04223555705045017
Oileán an Phocáin,Kerry,-0.11329063062073298,0.0012790144850757263,-0.0774138043135638
Cill Chuimín Bheag,Kerry,-0.5925682236424203,-3.1865351647356133,0.9341163770839802
An Gabhlán,Kerry,-0.007314562253175094,0.0009976845776092447,-0.002480017686580401
An Scragán,Kerry,0.0,0.0,0.0
Gleann Fán,Kerry,-0.13237727448247302,0.09971641095026927,0.08290512254153362
Cathair an Treantaigh,Kerry,-0.06887305651818929,0.025125909667483667,-0.03308781371585634
Doire Chonaire,Kerry,-0.13911794214094428,-0.03723887300969581,0.02158124180650758
Na Garráin,Kerry,0.0,0.0,0.0
An Chorrghráig,Kerry,-0.008925292594714437,0.0005447084746800232,-0.003319948973879522
An Eisc Thiar,Kerry,0.2259549795808818,0.0676051420620545,0.0866334711514091
An Foisteán Uachtarach,Kerry,-0.006996291545271163,0.004492568359881746,0.03878386720139458
Gort na Cora,Kerry,-0.1667632221645422,0.1826470087950942,-0.04466919578613928
Botha Chograim,Kerry,-0.007963079532472793,0.0007125483986855514,-0.0042311665102778015
Oileán Eadráin,Kerry,-0.11329063062073298,0.0012790144850757263,-0.0774138043135638
An Cillín,Kerry,-0.03907497264060083,0.00343799313305366,-0.012951320059889379
Doirín Mhuirithigh,Kerry,-0.03175973309214262,0.006549075198796204,-0.012293462939983409
An Lóthart,Kerry,0.0,0.0,0.0
Meall an Ghamhna,Kerry,-0.01298347282546875,0.023965179658195893,0.023048167553229797
Ceapaigh na Coise Thoir,Kerry,0.13415293236094109,-0.29419178170091104,0.09849039993534621
An Inse Mhór,Kerry,-0.3264137498990287,1.7097061957713153,2.146701352704018
Cnoc an Fhotha,Kerry,-0.25560770014270295,0.5048279488246118,-2.340518539024928
Caiseal Chaoilte,Kerry,-0.02721621268836827,0.0021498255780186474,-0.011968133382648754
An Gleann Mór,Kerry,-0.4765437016374232,1.7746679048033605,2.2204061945968703
Doirín Finnleithid,Kerry,-0.03175973309214262,0.006549075198796204,-0.012293462939983409
Gort an Mhuilinn,Kerry,-0.12210330407452494,0.09107453825527932,0.07300599753255023
Baile Uí Ghrífín,Kerry,3.2507026158874353,-0.10940009875534719,-0.03711456913086497
Doire na Cuaileach,Kerry,-0.13911794214094428,-0.03723887300969581,0.02158124180650758
Drom Ceachan Thiar,Kerry,0.16514529084328705,0.08848457779823041,0.09875492870812423
Neidín,Kerry,0.0,0.0,0.0
Ard Tuilithe,Kerry,-0.0552423122571117,0.10327226034324428,0.025312495485484404
An Báisín,Kerry,0.0,0.0,0.0
Na Cúlóga,Kerry,0.0,0.0,0.0
An Mhangarta,Kerry,0.0,0.0,0.0
An Fearann Athroinnte Thuaidh,Kerry,-0.02922650601741324,0.1048229166322074,0.1336022296163865
Botha Coille,Kerry,0.05584535218947769,0.00861283634632173,-0.04569037672025135
Cuar an Chuasáin,Kerry,0.00989876696740812,-0.00042319522036135255,-0.009306257107387302
Gort an Chlocháin,Kerry,-0.16517836086940574,0.15667316378344112,0.039662736926780295
Cladán an Iúir Thoir,Kerry,0.13217083137101165,-0.28049739543601554,0.10928308659172446
An tAirdín,Kerry,0.0,0.0,0.0
An Droimne Beag,Kerry,-0.11254525495360157,-0.3704398674692625,-0.03764699389190124
An Ghlórach,Kerry,0.0,0.0,0.0
Doirín an Phoill,Kerry,0.024266820511549297,0.006096765504796661,-0.004943293415814808
An Dún,Kerry,-0.10581199953071796,0.11498407679962692,0.07340326963925684
An Chnapóg,Kerry,-0.008643154452075221,-0.0011433719791893314,-0.005323848838441843
Ceapaigh Uí Fhloinn,Kerry,1.6736180577600608,-0.06822760760544969,-0.23606693622254382
Cluain Uí Dhonnagáin Íochtarach,Kerry,1.6139080972768176,-0.0560564404162155,-0.20706670210492173
Cill Chríodáin,Kerry,-0.47988003588698613,-2.7562034704976273,0.9029512313930332
Gleann na gCoileach,Kerry,-0.13237727448247302,0.09971641095026927,0.08290512254153362
Doire na Finne,Kerry,-0.1295648037527903,-0.03570574501934635,0.021684207551436352
Feách Bán,Kerry,-0.021112261505305582,0.1475548759551758,-0.043228815923018825
Feách Coille,Kerry,0.058244907900684095,0.01169996442398467,-0.045676988728809306
Gort Droma Ciarraí,Kerry,-0.40488086065026385,0.3777073254434675,-0.06554703428162698
Seithe Fhraoigh,Kerry,-0.024694870841233337,0.008759808540619696,-0.0033680266709037346
Inse Charragáin Thoir,Kerry,0.12965114306359513,-0.24681232775865375,0.11370547270429857
Meall Uí Chiabháin,Kerry,1.5431053427636765,-0.03334501807625814,-0.19738091028617522
An Screathan Fada,Kerry,-0.08924864851820541,0.037438635117496774,-0.047446758606822695
An Lisín,Kerry,-0.02403105488336732,0.011607328165550572,-0.05293079232850462
Baile Leidir,Kerry,1.69461380029829,-0.05208990102089315,0.18331450870854005
An Bheithíneach,Kerry,0.0,0.0,0.0
Gort na gCeann,Kerry,-0.1763951319594607,0.16376317213804487,0.035112133257950276
Lios na gCraobh,Kerry,-0.13306498076832848,0.06950047966612027,-0.118613693727156
An Ráithín,Kerry,-0.008869926344795182,0.03461764721559771,0.026230922667888276
An Chúil Bhán Thiar,Kerry,0.105916533433141,0.14551176463594778,0.06197365573880065
An Chúil Rua Thuaidh,Kerry,-0.22609861494807715,0.3287722888096254,-0.2760613137789686
Ard Míolóid,Kerry,-0.0552423122571117,0.10327226034324428,0.025312495485484404
Lios an Phúca,Kerry,-0.153076125259114,0.07584591898604603,-0.12697082043155342
Crosdoirí,Kerry,0.0,0.0,0.0
Na Garraithe,Kerry,0.0,0.0,0.0
Cnoicín na nGamhan,Kerry,-0.016251586438575976,-0.004078586104730225,-0.004288420987612863
Léim na Gaibhle,Kerry,-0.015885417307243486,0.013458653029339018,-0.013853794089281323
Cúil na nGarraithe,Kerry,-0.11031876333293587,0.044878020396364154,-0.032181052286213485
An Ghléib,Kerry,-0.03874097762943806,-0.0019058849035651173,-0.01420874772834608
An Cnocán Corr,Kerry,-0.11830352785596046,-0.001785538245711993,-0.09669697188911823
Baile Mhic an Chruitire,Kerry,2.0092518608841847,-0.22056349368867081,0.295175740110976
Ard an Chloicín,Kerry,-0.0552423122571117,0.10327226034324428,0.025312495485484404
Ardráth,Kerry,0.0,0.0,0.0
Graighin,Kerry,0.0,0.0,0.0
An Leaca Bhán,Kerry,-0.09500948042795124,0.055750151287156005,0.03001053170743007
Bán an Ghleanna,Kerry,0.016998807410224265,0.1460396597488235,-0.037928787161685025
Cathair Chorra,Kerry,-0.07701682241471397,0.0261579626918574,-0.037241968259900296
Cnocán Chorra,Kerry,-0.05162813254594963,0.004647873054979597,-0.048803653710663475
Drom Ultáin,Kerry,-0.07253411437540307,0.02623065998347483,0.011440590976002954
An Bháinseach,Kerry,-0.011867673758390249,0.03809941500523089,0.047417611706860534
An Leithcheathrú,Kerry,-0.0135995093776311,0.0008377379607584661,-0.005111628532573528
An Gort Fada,Kerry,-0.2443939392300681,0.1904042439520201,-0.005211201556372523
Poll Óram,Kerry,-0.07865921385887509,0.03715295064618439,-0.04973592239881188
An Roisín,Kerry,-0.0030981128511928923,0.010205129090890296,-0.0032146748886692778
An Bhréinseach,Kerry,0.0,0.0,0.0
An Currach Mór Thoir,Kerry,-0.2865902212811855,1.452262344626063,2.2688216049369703
Cnoc an Arbhair,Kerry,-0.2707752304267378,0.5161723581201116,-2.3974094823359895
An Gort Riabhach,Kerry,-0.2158857357485403,0.18018099110406216,0.03640992177563003
Ball an Imris,Kerry,0.0,0.0,0.0
An Fhaiche Thiar,Kerry,0.215478135294074,0.05343044026990992,0.08414905895452172
Fearann na Mainistreach,Kerry,-0.023119047898754432,-0.0038467003673891866,-0.03254799917743579
An Baile Uachtarach Thuaidh,Kerry,1.6864330524350095,0.06263954901698728,0.3861396342368362
Caladh na Feirse Thiar,Kerry,0.2370727143169159,0.06212213889971784,0.08181717823978849
Cill Doire Theas,Kerry,-0.5891079802747986,-2.814491211124623,0.8136311505174885
Ros an Éin,Kerry,-0.1167950762635073,0.13964003817674042,0.12691140728093475
An Fearann Fuar,Kerry,-0.028042049699404107,-0.005413965045791283,-0.030439028710515105
Gort an Mhuilinn,Kerry,-0.12210330407452494,0.09107453825527932,0.07300599753255023
An Ros Mór,Kerry,-0.46096150341845743,1.8145915320298316,2.264412479336271
Dúdhoire,Kerry,0.0,0.0,0.0
Ceatharnach Dhubh,Kerry,-0.142402071318153,0.07950423822824801,-0.1830214742340618
An Cloichrín Uachtarach,Kerry,-0.006996291545271163,0.004492568359881746,0.03878386720139458
Doire Coinche,Kerry,-0.13911794214094428,-0.03723887300969581,0.02158124180650758
Gleann Ágha,Kerry,-0.13237727448247302,0.09971641095026927,0.08290512254153362
Cill Éige Uachtarach,Kerry,-0.49022891047977074,-2.7528434651909675,0.9408685118835063
Mucros,Kerry,-0.008925292594714437,0.0005447084746800329,-0.003319948973879507
Ros na hAbha Gairbhe,Kerry,-0.025952907370627207,0.1385994516108872,0.13932907175280282
Béal Átha Coileáin,Kerry,0.013860345248683785,0.01743347677342697,-0.07859729134458297
Baile an Charraigh Thoir,Kerry,1.8515485112446235,-0.33626381974395125,0.2968934487446246
Baile an Charraigh Thiar,Kerry,1.9682711239501953,0.01104321648579514,0.27934180358644933
Gort na Cloiche Meánach,Kerry,-0.06800348659847927,0.16960158961279564,0.04294972643425143
Cúil le Gréin,Kerry,-0.06583727197547709,0.05210114189106243,-0.02861528361049199
Ard Uachtair,Kerry,-0.0649662079089887,0.1477627393132559,0.017715355808266935
Tuathanach,Kerry,0.0,0.0,0.0
An Chnapóg Theas,Kerry,0.010066623160807177,-0.08060194980784187,-0.09649868075948859
An Leaca Thoir,Kerry,0.07375625848434983,-0.2534874945817386,0.13088033131119647
Cluain Calaidh,Kerry,-0.18719487351698474,0.16011892890503346,0.08011326707767512
Biaille Meánach,Kerry,0.039777033025186016,0.007148933354036475,-0.0035521851848878527
Ceathrú an Chaisleáin,Kerry,0.023717604987844386,0.03606391168832953,0.04572461689109778
Béal Átha Longfoirt,Kerry,-0.00814957492997585,0.020744926428471224,-0.08848298602245849
Baile an Chrosaigh,Kerry,1.69461380029829,-0.05208990102089315,0.18331450870854005
Cluain Tiobrad Theas,Kerry,-0.16848509590410235,0.08066035107638092,-0.011061564843371618
Cluain Fhiach,Kerry,-0.18719487351698474,0.16011892890503346,0.08011326707767512
Cluain Lóchair,Kerry,-0.18719487351698474,0.16011892890503346,0.08011326707767512
Cnoc an Óir,Kerry,-0.2703940665863836,0.5175741416541643,-2.397886898556011
Ráth Tuaidh,Kerry,-0.12002901962883608,0.15144999138927867,0.1145533661804946
Sliabh an Mhadra,Kerry,-0.08690638462642095,0.02287430496023045,-0.10766100534976569
Béal Coille,Kerry,0.02228198202420552,0.01701142997342492,-0.08768707676264614
An Gallán Thoir,Kerry,0.11189846580767368,-0.2815670296768778,0.10450519205561716
Ceathrúin an Chnoic Thiar,Kerry,0.2204286119074007,0.0748553869404355,0.07930628026348027
Doire Thiar,Kerry,0.0895031363723012,0.02850113354317276,0.10853478870394948
Tulaigh Mhic Shéathrúin,Kerry,0.25699793636458756,-0.0770092209650909,0.20794418319912344
Crota,Kerry,0.0,0.0,0.0
Baile Uí Fhiacha,Kerry,3.2507026158874353,-0.10940009875534719,-0.03711456913086497
An Leathardán,Kerry,0.0,0.0,0.0
Cnoc na Cathrach,Kerry,-0.32448075666089227,0.5299538584920954,-2.3736063527407847
Coill Mhaonaigh,Kerry,-0.005814648841794402,0.03186805099076262,-0.01368687421827267
Bun an Ghearrtha,Kerry,-0.06970394234488612,0.02309915234741794,-0.008402233398355781
Cúil na Gráige,Kerry,-0.06583727197547709,0.05210114189106243,-0.02861528361049199
Fearann an Stacaigh,Kerry,-0.028042049699404107,-0.005413965045791283,-0.030439028710515105
An Guthard Theas,Kerry,0.018709777612882398,-0.07945857782865254,-0.09117483192104674
Cnoc an Fhásaigh,Kerry,-0.26605271760179033,0.516579935968389,-2.397351278982175
An Coinigéar,Kerry,0.0,0.0,0.0
Cúil an Ruáin,Kerry,0.010638329938204058,0.05184589821659333,-0.025854741124453434
Mín Scamhán,Kerry,-0.045710923895730296,0.011447730519720329,-0.02323539346518287
An Seanphóna,Kerry,0.0,0.0,0.0
Gort Droma Sailithe,Kerry,-0.40488086065026385,0.3777073254434675,-0.06554703428162698
Maigh Mheáin Theas,Kerry,-0.05792851460965759,-0.05881231160751584,-0.12016849246113441
Fuarthán,Kerry,0.0,0.0,0.0
Tuar na Gaoithe,Kerry,-0.09271310721087841,0.11706425153341755,0.0033095130017691474
Ceathrúin Chionnaola,Kerry,-0.005518080523206433,0.00209058117587087,-0.0015429910092765588
Cill Cholgan Uachtarach,Kerry,-0.47569610729200784,-2.6933011919263925,0.9220086078334222
Ard Uí Dhonnagáin,Kerry,1.6273387767594738,0.03647734334625724,-0.20692657187115682
Baile Mhic Gearóid,Kerry,2.0321835964029984,-0.22153962985942216,0.30156824620764294
Cnocán na nUan,Kerry,-0.06287326831186067,0.010248566047924026,-0.05127300352363709
An Paiste,Kerry,0.0,0.0,0.0
An Tuairín,Kerry,-0.02912440350816353,0.005643031251918148,-0.007571006792945997
An Leaca Bhuí,Kerry,-0.07271635957281264,0.03304110120634382,0.017328157480032705
Lios Ladráin,Kerry,-0.13306498076832848,0.06950047966612027,-0.118613693727156
Oileán Mhic Luachra,Kerry,0.1857122693890532,-0.16239967739847164,0.03129405644498991
An Tuairín,Kerry,-0.02912440350816353,0.005643031251918148,-0.007571006792945997
An Pháirc Mhór,Kerry,-0.34583814212577346,1.7588672439859447,2.213613773642845
Mainistir Ó dTorna,Kerry,-0.030980600602027557,-0.0020594098739249466,-0.010603862517742025
Cnoc na Cásca,Kerry,-0.25560770014270295,0.5048279488246118,-2.340518539024928
Baile Dháicín,Kerry,1.69461380029829,-0.05208990102089315,0.18331450870854005
Baile Uí Dhuibhir Meánach,Kerry,3.2904796489126213,-0.10225116540131071,-0.040666754315752826
An Coimín Thoir,Kerry,0.09994158475788857,-0.2829073623690516,0.08068932401815856
Ráth Creacháin,Kerry,-0.12002901962883608,0.15144999138927867,0.1145533661804946
An Screallach,Kerry,0.0,0.0,0.0
An Garrán Beag,Kerry,-0.11435631876936823,-0.321114948133732,0.04551220771953934
Magh Glas,Kerry,-0.018485729789652326,0.03831114866689192,-0.12093958300777553
Cnoc na nDoirí,Kerry,-0.25560770014270295,0.5048279488246118,-2.340518539024928
Tír Sheancháin,Kerry,-0.024690175948113433,0.024218307997487063,0.02157727558241321
Tamhlacht,Kerry,0.018659075920378132,-0.0009055602815038802,-0.007476084318429941
Baile Mhic Thomáis,Kerry,2.1714935946400855,-0.21155406404738025,0.22842316139684476
Bailte Ó Síoda,Kerry,-0.011327596892309173,0.0006946288091614565,-0.00423611294035823
Poll an Mhadra,Kerry,-0.10270372089014788,0.052906351415562006,-0.11520659361297517
Baile an Ghabhann,Kerry,1.7434246931778865,-0.050460518249192114,0.18801584411066022
Caisleán na Dromann,Kerry,0.016730651896193882,0.00650544850764312,-0.036164423300389145
Baile Chinn tSamhraidh,Kerry,1.677815174194416,-0.03238296472189732,0.16645940700369385
An Bán Loiscthe,Kerry,-0.01828976919623474,0.15154717919773197,-0.04267710522970152
An Campa Thoir,Kerry,0.11189846580767368,-0.2815670296768778,0.10450519205561716
Méanas,Kerry,0.0,0.0,0.0
An Mhóin Mhór,Kerry,-0.4210053514501692,1.8872211018064773,2.337171501696303
Clais Ghainimh,Kerry,-0.021852739484645098,0.028140128014642926,0.023153807283769957
Clais an Phúca,Kerry,-0.03237907664794264,0.032287460802842914,0.016479033610100707
Cloch Mhic Ircín,Kerry,0.3084706039355935,-0.1361910209028675,0.1471210175226813
Na Caortha Thiar,Kerry,0.22862107851324548,0.06574000655286857,0.08695354689744189
An Pháirc Bhuí,Kerry,-0.0362458672203121,0.08887731624405822,0.06706571981196163
An Pinniúir,Kerry,0.0,0.0,0.0
Baile Phliomot,Kerry,1.69461380029829,-0.05208990102089315,0.18331450870854005
An Doirín,Kerry,-0.03175973309214262,0.006549075198796204,-0.012293462939983409
Cnoc Uí Fháilbhe,Kerry,1.3004811154464422,0.44751775109015773,-2.560947616864333
Gleann Daithleann Thiar,Kerry,0.09624380403077246,0.16545641750313783,0.1698586694389755
Gleann Doire,Kerry,-0.2714952166234173,0.06247753794057346,0.1044863643480412
Clochán Deiscirt,Kerry,-0.03584458760217801,-0.008699111821370644,-0.015381038690232942
An Ros,Kerry,-0.1167950762635073,0.13964003817674042,0.12691140728093475
An Chora Dhubh,Kerry,-0.15775725418950867,0.08289144631507654,-0.19111270035081643
An Sliabh Thoir,Kerry,0.04903658821252553,-0.274446125486025,0.062314857920014746
Cill Bhreacáin,Kerry,-0.4956153207142069,-2.801152190569575,0.8672875278490668
Sliabh Buí,Kerry,-0.13049135542803528,-0.0049243756460607335,-0.08914379790385353
An Chloch Liath,Kerry,-0.10446443836512992,0.011379115683119313,-0.0425417301159014
Lios na nDall,Kerry,-0.13306498076832848,0.06950047966612027,-0.118613693727156
Na Garraithe,Kerry,0.0,0.0,0.0
Áthán Buí,Kerry,-0.0776801058752489,-0.011661027098624783,-0.05045296945870381
An Baile Dubh,Kerry,1.552211728980137,0.02741433720735486,0.0002930344744782598
An Leaca Bhán,Kerry,-0.09500948042795124,0.055750151287156005,0.03001053170743007
An Bhearna,Kerry,-0.020321137151906636,0.012750157266841686,-0.003663734732106269
Cnoicín na hUamhan,Kerry,-0.016251586438575976,-0.004078586104730225,-0.004288420987612863
An Tuairín Garbh,Kerry,-0.04612674344476086,0.01423808935157098,-0.01105663680890656
An Cnocán Corrach,Kerry,-0.050730291407211615,0.0046217371394036855,-0.047496782303974784
Cnoc an Tairbh,Kerry,-0.2800668474679872,0.5240151830674185,-2.442410191166364
Moing na Tuí,Kerry,-0.018985238293755015,0.0034021309879255653,-0.0038842196705181076
Ré na nGamhan,Kerry,0.005717946478145654,0.0011580038623955006,-0.012717170486897952
Gort na Cloiche,Kerry,-0.10778051962366528,0.16245265625875918,0.04650191161913928
Cnocán na Cora,Kerry,-0.055102298102104465,0.03329721999117677,-0.13155425200320897
Béal Átha an Mhuilinn,Kerry,0.04690233188602155,-0.04445759380581702,-0.04782685086248292
An Céim,Kerry,-0.011867673758390249,0.03809941500523088,0.04741761170686053
An Chill Dubh,Kerry,-0.21135075127842312,0.15806386030012226,-0.132804884427628
Baile an Óraigh Thiar,Kerry,1.9232348788115354,0.013650105531975425,0.27026805560598194
Cnoc an Mhadra Thiar,Kerry,-0.05103112866073027,0.586321356146858,-2.3190356633416496
Baile Uí Dhoinnléibhe,Kerry,3.2507026158874353,-0.10940009875534719,-0.03711456913086497
Cnocán Seabhac,Kerry,-0.053899461502850014,0.004331561111631287,-0.050031207248155976
Ard Chonaill,Kerry,-0.05374848415880309,0.10842357286846195,0.01596934435422237
Baile Uí Fhlaithimh,Kerry,3.2507026158874353,-0.10940009875534719,-0.03711456913086497
Cluain Mór,Kerry,-0.5313613006719349,1.8350704227581247,2.2176143391330116
Loch Áth Caorach,Kerry,-0.38518223325232087,0.3178880924028744,0.011588551713587632
An tArd Mór,Kerry,-0.3654755746829888,1.744461901811834,2.2207764567367287
Baile an Ghabhann,Kerry,1.7434246931778865,-0.050460518249192114,0.18801584411066022
Barr Trí gCom,Kerry,-0.05099692693399822,0.0041919341408023945,-0.034138806215830556
Bun an Bhundair,Kerry,-0.06970394234488612,0.02309915234741794,-0.008402233398355781
Cathair Con Raoi,Kerry,-0.09564871568091893,0.02890980246293188,-0.04193823368845635
Bóthar na Claise,Kerry,0.0509929904119824,0.03140865718035983,0.020991878819368405
An Chonair,Kerry,0.0,0.0,0.0
Tigh Chú Chulainn,Kerry,-0.02728851381802915,-0.00038336109311396443,-0.029786921046230715
Loch Choimín Piast,Kerry,-0.26016423313005305,0.25720012842049245,0.04793659832010855
Loch Chom Uí Dhuibh,Kerry,1.4125540133007455,0.16017332799190429,-0.21053310801181216
Trá na Coise,Kerry,-0.04368231536166778,-0.020844253392605636,0.028528043392712327
An Dúghlaise,Kerry,-0.011944927851480165,0.00239745404238638,-0.003833260992402843
An Fhleisc,Kerry,0.0,0.0,0.0
An Gháile,Kerry,0.0,0.0,0.0
Glaise na nGealbhan,Kerry,-0.005299657718226655,0.005780955247736575,-0.0060388116728178195
An tOileán Dubh,Kerry,-0.2231135264927806,0.15227836358128127,-0.18774839803886845
Janemount,Kerry,0.0,0.0,0.0
Ceann Chiarraí,Kerry,-0.027271771825586724,0.013604224275855949,-0.011368925806044476
Loch an Dúloigh,Kerry,-0.26016423313005305,0.25720012842049245,0.04793659832010855
Loch Garaigre,Kerry,-0.26016423313005305,0.25720012842049245,0.04793659832010855
Loch Gabhrach,Kerry,-0.26016423313005305,0.25720012842049245,0.04793659832010855
Loch Coiteáin,Kerry,-0.26016423313005305,0.25720012842049245,0.04793659832010855
Loch Inse Choinn,Kerry,-0.23203703899480355,0.2998894072125166,0.05933429063570036
An Loch Uachtarach,Kerry,-0.2671605246753242,0.2616926967803742,0.08672046552150313
An Cnoc Ramhar,Kerry,-0.28373346931187954,0.5266104741230377,-2.4350413211298676
Garraí na Manach,Kerry,-0.02465628245283284,0.0016728616685454207,0.08658940581431525
An Sliabh Corcra,Kerry,-0.06286187759514815,0.007120904190852835,-0.042190334135602414
Coill an tSeanchaisil,Kerry,-0.005814648841794402,0.03186805099076262,-0.01368687421827267
Pointe Thomáis Uí Shíocháin,Kerry,1.6958462933524612,-0.016505605085813113,-0.2709495954457843
Cathair,Kerry,-0.06887305651818929,0.025125909667483667,-0.03308781371585634
Trosc,Kerry,0.0,0.0,0.0
An Bheithíneach,Kerry,0.0,0.0,0.0
Droichead Duíleasa,Kerry,-0.0034975039010658408,-0.005650303942562008,-0.023811624409197013
Bearna Gaoithe,Kerry,-0.06045381101483909,0.06251535848349106,-0.07177177755015549
Mainistir na Croiche Naoimh,Kerry,-0.04417178547109512,0.002569763941751317,-0.012492246062595407
An Bán Mór,Kerry,-0.35971516483898935,1.8187066933319185,2.0984900346511535
Bealach Oisín,Kerry,-0.03183927179538285,0.05206251463412233,0.056216975941787636
Biaille,Kerry,0.0,0.0,0.0
Cnoic Dhoire na Sagart,Kerry,0.003980908400569872,0.021660206357442827,-0.09190321458170451
Na Coirríní,Kerry,0.0,0.0,0.0
An Gleann Mór,Kerry,-0.4765437016374232,1.7746679048033605,2.2204061945968703
An tImleach Mór,Kerry,-0.34416642715495016,1.6749514938530912,2.1375010720553367
Locha Chluain Í,Kerry,0.030380755421980217,0.05887778005969158,-0.007711587907247706
Coill Ghleann na hUidhre,Kerry,-0.052315492230878176,0.05784286434557115,-0.014590476230625567
Loch Luascánaigh,Kerry,-0.26016423313005305,0.25720012842049245,0.04793659832010855
Coill Ghort Má Luain,Kerry,0.012215537834976455,0.048211464809223156,-0.009910697516649691
Baile Uí Odhragáin,Kerry,3.2507026158874353,-0.10940009875534719,-0.03711456913086497
Baile na hEaglaise,Kerry,1.7233791521485151,-0.058292030320936286,0.18537802606496273
An Bunán,Kerry,0.0,0.0,0.0
Barr Trí gCom,Kerry,-0.05099692693399822,0.0041919341408023945,-0.034138806215830556
An Siopa Dubh,Kerry,-0.142402071318153,0.07950423822824801,-0.1830214742340618
Drom Máirtín,Kerry,-0.07403763258394352,0.023820050131121855,0.00831270950095614
Na Gleannta,Kerry,0.0,0.0,0.0
Cill Bheanáin,Kerry,-0.4686998157467367,-2.6977937602862743,0.8832247406320276
Ráth Teas,Kerry,-0.1302242387478112,0.158655208628961,0.11754268183106904
Gort na Cloiche,Kerry,-0.10778051962366528,0.16245265625875918,0.04650191161913928
An tSnaidhm,Kerry,0.0,0.0,0.0
Crosaire Phóp,Kerry,-0.006575564109521355,0.0004223304805357699,-0.0025397949324060145
Coill Chois Chumarach,Kerry,-0.018186395007283494,0.03213082769452794,-0.018936312900243602
Mainistir Mhichíl,Kerry,-0.05178761596671124,-0.05378158131461412,0.0021471815632649154
An Buailtín,Kerry,0.0,0.0,0.0
An Bhuaic,Kerry,0.0,0.0,0.0
Pointe na Reanna,Kerry,-0.02995471028748255,0.03299842257349166,0.013561834452665225
Pointe Bhólais,Kerry,-0.02248425599258497,0.03179516300735036,0.016232061107751987
Boilg an Chróigh,Kerry,-0.014115224753470277,0.03612869393248616,0.04365944236190807
Burnham,Kerry,0.0,0.0,0.0
Cathair Coileáin,Kerry,-0.06887305651818929,0.025125909667483667,-0.03308781371585634
Cathair Pholl Bhánfhaiche,Kerry,-0.08276271514751897,0.027135950985534674,-0.03912787342950646
Ceallúnach,Kerry,-0.008925292594714437,0.0005447084746800317,-0.0033199489738795006
Ceallúnach,Kerry,-0.008925292594714437,0.0005447084746800317,-0.0033199489738795006
An Capall,Kerry,-0.02386760169964274,0.014189831054877219,-0.05271030449902769
An Cheathrú,Kerry,-0.07844812250967578,0.08244646826097791,0.07617718802472594
Carraig na Bainí,Kerry,-0.0904079724765469,0.0005440943008651592,-0.11445111458367516
Carraig an Locha,Kerry,-0.024565919381732984,0.018804720800491604,-0.15344902326243737
Carraig an Bhealaigh,Kerry,-0.08286459606468838,-0.04450873275472431,-0.10264419332636619
Carraig an Mhionnáin,Kerry,-0.0904079724765469,0.0005440943008651592,-0.11445111458367516
An Charraig Bheag,Kerry,-0.16423794345512166,-0.3368726189220153,0.01086689444328785
Carraig Éanna,Kerry,-0.0904079724765469,0.0005440943008651592,-0.11445111458367516
Carraig na mBan,Kerry,-0.11817337078840207,-0.04450527272372125,-0.10488070733642062
Carraig na nÉan,Kerry,-0.08443894964836436,0.0020855131411722985,-0.12180379722615864
Carraig an Mhadra Rua,Kerry,-0.27352936616241064,0.18273176031080707,-0.5914090742932167
An Charraig Ramhar,Kerry,-0.09461196020752081,0.053099595348040485,-0.09699422951885792
Carraig na Pluaise,Kerry,-0.0904079724765469,0.0005440943008651592,-0.11445111458367516
Teampall Bhaile Uí Bhaoithín,Kerry,3.248130406026386,-0.08560117264873017,-0.023935209363403917
Caisleán Fhaill na mBú,Kerry,0.014381935555671953,0.003085847247758065,-0.04597981828283349
An Clochán Liath,Kerry,-0.10284971519534339,-0.0016076846331561168,-0.04131737374878913
Macha an tSéipéil,Kerry,0.0,0.0,0.0
Ceann an Chloichir,Kerry,-0.04157812751878618,-0.04645023029123724,0.006583883464110714
An Trá,Kerry,-0.03593216791782073,-0.01483634380612086,0.029674894576755265
Droichead Chom an Chláraigh,Kerry,0.012541898039833516,-0.0018711540716246267,-0.03143421416487961
Cuas an Stuacáin,Kerry,-0.03373875141665774,0.006170124177736363,-0.009654454276473526
Cuas an tSearraigh,Kerry,-0.03373875141665774,0.006170124177736363,-0.009654454276473526
Cuas na Con,Kerry,-0.06051441057938739,0.009954016973184574,-0.018504874249073537
Cuas Bréan,Kerry,-0.047297027512175,0.012921173905297907,-0.014158009466562094
An Chomhlain,Kerry,0.0,0.0,0.0
Eisc na Béillice,Kerry,-0.0026660989323636815,0.001865135509185914,-0.00032007574603279166
Cuas na Gainimhe,Kerry,-0.03373875141665774,0.006170124177736363,-0.009654454276473526
An Cró Mór,Kerry,-0.37611370528852456,1.711074979144146,2.1635726690064025
An Comarach,Kerry,0.0,0.0,0.0
Cuas Dhónaill Bháin,Kerry,-0.009849183328946187,-0.05078295551143038,-0.0022499006577586037
Dún na hEisce,Kerry,-0.10581199953071796,0.11498407679962692,0.07340326963925684
An Dún Rua,Kerry,-0.26488888618530887,0.2814183420401912,-0.3380840188561214
Dún Chaoin,Kerry,-0.1544302791658143,0.17905190000784454,0.11702623775701726
Ceann Duimhche,Kerry,-0.027271771825586724,0.013604224275855949,-0.011368925806044476
Trá Fhormaoileach,Kerry,-0.03593216791782073,-0.01483634380612086,0.029674894576755265
Oileán Rois,Kerry,-0.1229129853436628,-0.09921691216396786,-0.04867788587669593
Pointe na bhFothrach,Kerry,-0.02248425599258497,0.03179516300735036,0.016232061107751987
Foithir an Mhadra,Kerry,-0.024044507031272793,0.015753400769377614,-0.06547067121416328
Faill na nGabhar,Kerry,-0.001974814934788186,0.004682760656778733,-0.011544656050841512
Foroileán,Kerry,-0.009094824808940343,0.0008975120612956957,-0.0043597469384509474
Carraig Thaidhg Rua,Kerry,-0.26127715785642475,0.1689689041249332,-0.5384635849180487
An Cnapán Mór,Kerry,-0.34416642715495016,1.6749514938530912,2.1375010720553367
Gob an Bhranda,Kerry,-0.04796029028980254,0.004550071922388776,-0.03022802365320906
Carraig na bhFaoileann,Kerry,-0.10177761482746836,0.001971523069430668,-0.1207306346172018
Holy Stone,Kerry,0.0,0.0,0.0
Oileán na gCapall,Kerry,-0.1323314107549534,0.003565203397182202,-0.08808531109807814
Oileán Dan,Kerry,-0.11329063062073298,0.0012790144850757263,-0.0774138043135638
Oileán na bPortán,Kerry,-0.11329063062073298,0.0012790144850757263,-0.0774138043135638
Oileán na Searra,Kerry,-0.11329063062073298,0.0012790144850757263,-0.0774138043135638
Inse na Fothrach,Kerry,0.01775267725592144,0.03475470191822405,0.009200280648681404
Droichead an Chaoil Bhuí,Kerry,-0.06153576987591072,-0.04873654459495257,-0.019152346088396013
An Caol Mór,Kerry,-0.3757050233130665,1.7096774735174982,2.1661257166126826
An Chill,Kerry,-0.06894867996027014,0.07855962207187425,0.0502165898064338
An Chill Bhreac,Kerry,-0.09453310735032358,0.08466528999279777,0.04480072185407122
Séipéal na Cille,Kerry,-0.003928841193796788,0.009326890209306231,-0.0013410046617597419
Rinn na bhFaoileann,Kerry,-0.06057261986469563,0.010638145581466535,-0.042717092217215195
Cnoc an Bhotháin,Kerry,-0.25560770014270295,0.5048279488246118,-2.340518539024928
Cnoc an Chapaill,Kerry,-0.2794753018423457,0.519017779879489,-2.3932288435239557
Caladh Bheiginis,Kerry,0.008451635803670416,-0.003617867653150731,-0.005136368657653402
Lomán tSamhnach,Kerry,0.0,0.0,0.0
Lios Coilichín,Kerry,-0.13306498076832848,0.06950047966612027,-0.118613693727156
Lios Coille,Kerry,-0.069256549046378,0.07740076761375646,-0.16007290393712953
Lios Oileán Garbh,Kerry,-0.2633579513256588,0.07937455225084883,-0.19951312805668034
Lios na Daibhche,Kerry,-0.13306498076832848,0.06950047966612027,-0.118613693727156
Droichead Iarnróid Lios Póil,Kerry,-0.13656248466939433,0.06385017572355826,-0.142425318136353
Lios an Dreannaigh,Kerry,-0.13306498076832848,0.06950047966612027,-0.118613693727156
Loch Iarthair,Kerry,-0.27202420560348956,0.26460611686864943,0.04752225063005038
Loch an Phoirt Bhig,Kerry,-0.29494583698389354,0.2121991180781524,0.05156598995362127
Loch Bhearna na Gaoithe,Kerry,-0.33888314431061956,0.3304705559434568,-0.0164475125486056
Loch Thuairín Mhárta,Kerry,-0.26016423313005305,0.25720012842049245,0.04793659832010855
Droichead Bhaile an Mhuilinn,Kerry,1.7241582830345619,-0.11963127554269914,0.1902733247814431
Mionnán Lic Buí,Kerry,-0.06762947783288713,-0.012045279836913569,-0.046953463768251116
An Pháirc Mhór,Kerry,-0.34583814212577346,1.7588672439859447,2.213613773642845
Páirc na Fola,Kerry,-0.014968345746785775,0.09096947509576062,0.07278691870828348
Pointe na bhFaoileann,Kerry,-0.03385389834350643,0.03322259177591587,0.009952541074225342
Poll an Daimh,Kerry,-0.10681024221893862,0.08612502511267531,-0.06513092711886675
Poll na gCapall,Kerry,-0.0976999939930955,0.03943913955829086,-0.06040742918332622
Poll na gCaorach,Kerry,-0.1081359764389726,0.04994364612979452,-0.05594837453622732
Faill an Dréimire,Kerry,-0.020080357038684507,0.002286353632570179,-0.008416690568313446
Rinn Chonaill,Kerry,-0.04770914941546555,0.014362029338118695,-0.04578072331495058
An Rinn Gaoil,Kerry,-0.049202977513774164,0.009210716812901025,-0.03643757218368855
Pointe Rinnín na Móna,Kerry,0.008545609675027082,0.038535084878531876,-0.04842621273884289
Garbhoileán,Kerry,0.0,0.0,0.0
Cosán na Naomh,Kerry,-0.03367285602678442,-0.05105060403225513,-0.03825041660399015
An Trá Bheag,Kerry,-0.13368392033459814,-0.3830260327777507,0.04301323643396161
An Teabhar,Kerry,0.0,0.0,0.0
Carraig an Choiscéim,Kerry,-0.0904079724765469,0.0005440943008651592,-0.11445111458367516
Tobar Bréanainn,Kerry,-0.10416105191730961,-0.012595622531090353,-0.04513027091995521
Tobar Fíonáin,Kerry,-0.09477715267177078,-0.012421135773137484,-0.04088235664606125
Tobar Niocláis,Kerry,-0.07942463524493014,-0.013177953561454382,-0.04113900146631458
Abha an Easaigh,Kerry,-0.023189058880342086,-0.00012699293128626206,-0.009524022414000336
An Chorr,Kerry,-0.05208148886503464,0.00887483057633489,-0.029132904858232094
Gob Chorráin an Fhiaigh,Kerry,-0.05228620752547135,0.008644949634280733,-0.04655825602647941
Teampall an Chaisil,Kerry,-0.02007069534557687,0.03576067218094493,-0.04249670819514927
An Triúr Deirféar,Kerry,0.0,0.0,0.0
Stacán na bhFiach,Kerry,-0.042385151116524904,0.017712256293461726,-0.0644264865492601
Tigh Mhóire,Kerry,-0.02728851381802915,-0.00038336109311396443,-0.029786921046230715
Tobar an Draghbháil,Kerry,-0.09477715267177078,-0.012421135773137484,-0.04088235664606125
Tobar an Chapaill,Kerry,-0.11864475437141352,0.0017686952817397347,-0.09359266114508893
Tobar Aon Fhirt,Kerry,-0.09477715267177078,-0.012421135773137484,-0.04088235664606125
Tobar Glé,Kerry,-0.09477715267177078,-0.012421135773137484,-0.04088235664606125
An Trá Bháin,Kerry,-0.0626526947687943,-0.07055282286665238,0.04383386842208969
Turas Fhlainn,Kerry,-0.022614037440113224,-0.048690133262971017,0.014394851170756544
Coill na Turaite,Kerry,-0.005814648841794402,0.03186805099076262,-0.01368687421827267
Tobar Bréanainn,Kerry,-0.10416105191730961,-0.012595622531090353,-0.04513027091995521
An Chrois Bhuí,Kerry,-0.05701683394894422,0.0412451629443476,0.027389518310379238
Bun Inbhir,Kerry,-0.08933956992364378,0.06327723103920474,0.03750220276330915
Binn na bPórt,Kerry,-0.031633545810466346,0.015653487914341388,-0.052208379438300735
Cill Flainn,Kerry,-0.4686998157467367,-2.6977937602862743,0.8832247406320276
Ladhar an Chrompáin,Kerry,-0.005249155397708332,-0.012590291062649845,0.001692962803986489
Bóthar an Tí Solais,Kerry,-0.07860096350254943,0.044611505243901034,-0.0053202806602899895
Leac na Sliogán,Kerry,-0.027489009500826295,-0.0023192240002322096,-0.008438842125731478
An Mionnán,Kerry,0.0,0.0,0.0
An tSrón Liath,Kerry,-0.06700512759316538,0.007091427188214527,-0.025936335058556192
An Mám,Kerry,-0.006478733241227668,0.0007361118762206262,-0.0047870806441661275
Gleann Scoithín,Kerry,-0.13237727448247302,0.09971641095026927,0.08290512254153362
An Cnocán,Kerry,-0.043484366649424955,0.003615820030605863,-0.04464949916661952
Cé na Cathrach,Kerry,-0.0895491616800738,0.032062594141010425,-0.04189841547242215
Bord na bhFiann,Kerry,0.0,0.0,0.0
Ceann na Corann,Kerry,-0.027271771825586724,0.013604224275855949,-0.011368925806044476
Cnoc Mhaoilionáin,Kerry,-0.25560770014270295,0.5048279488246118,-2.340518539024928
An Fhaill Dubh,Kerry,-0.15790452612629516,0.08311758203416343,-0.19504653675095016
Carraig na Spáinneach,Kerry,-0.0904079724765469,0.0005440943008651592,-0.11445111458367516
An Cnoicín Riabhach,Kerry,-0.0769920314752536,0.023136796164808633,-0.010114056262433004
Carraig an Daimh,Kerry,-0.11855900083661043,0.049516168767356074,-0.12984611930373002
An Colbha,Kerry,0.0,0.0,0.0
An Driseog,Kerry,-0.008925292594714437,0.0005447084746800314,-0.0033199489738795092
An Sconna,Kerry,0.0,0.0,0.0
An Bhinn Bháin,Kerry,-0.06389645307952752,-0.02986718247867336,0.037097588929100964
An Cnoc Beag,Kerry,-0.35335945255948037,0.13663825985298195,-2.327180197167722
Caolóid,Kerry,0.0,0.0,0.0
Loch Mháire Ní Dhúill,Kerry,-0.2747875582594447,0.2632124132346643,0.04250007360798828
Cró na nGabhar,Kerry,-0.01384173602967807,0.0385198923152633,0.022943631468538006
An Leaca Bhán,Kerry,-0.09500948042795124,0.055750151287156005,0.03001053170743007
Moing an Fhéir,Kerry,-0.027766651184780878,0.005428545360063707,-0.009080421536744324
Inse an Gháir,Kerry,0.01775267725592144,0.03475470191822405,0.009200280648681404
Faill an Chomhraic,Kerry,-0.020080357038684507,0.002286353632570179,-0.008416690568313446
Drom Cabhrach,Kerry,-0.06347578766995841,0.022744571245361837,0.011801381810682344
An Poll Gorm,Kerry,-0.10519507324021436,0.05595165105755982,-0.09832226365470106
An Com Bán,Kerry,-0.016114364331716393,0.14258427494941164,-0.05369744169130627
Loch Ghort an tSléibhe,Kerry,-0.26688903329754804,0.2815033660038761,0.04509278672519086
Góilín an Chomhartha,Kerry,-0.006338794198808865,0.000384881490178816,-0.002344394223796918
Ceallúnach,Kerry,-0.008925292594714437,0.0005447084746800317,-0.0033199489738795006
An Dún Rua,Kerry,-0.26488888618530887,0.2814183420401912,-0.3380840188561214
An Cuas Gorm,Kerry,-0.060274610797997015,0.024968824589111798,-0.058240795532362714
An Rinn Gharbh,Kerry,-0.08581799199175771,0.053716141756978,0.004645595482592274
Faill na nÉan,Kerry,-0.014111334210501963,0.003827772472877318,-0.015769373210796928
Faill an tSamhaidh,Kerry,-0.017120321963806355,0.041118658020219245,0.035897106176229945
Cill Móir,Kerry,-0.4830586686721052,-2.758039475817519,0.900235819998288
Trá na mBan,Kerry,-0.0636975662296759,-0.05988571083070727,0.0392453018240098
Leac na mBuachaillí,Kerry,-0.027489009500826295,-0.0023192240002322096,-0.008438842125731478
Cuas an Uisce,Kerry,-0.09138555234171428,-0.01858509298041696,-0.0488254379468921
Cuaisín Cheann an Chlaí,Kerry,-0.04206313662776941,0.016224885821051457,-0.015619197682643386
An Cuas Fada,Kerry,-0.12298739993486316,0.04360875929523314,-0.05710121288329622
Pointe na Raithní,Kerry,-0.03673134819516813,0.04362556376790626,-0.03931650382853827
Trá Fhaill Aighe,Kerry,-0.05143462272596288,-0.011223000000205431,0.017649832059866886
Cuan na Ródaibh,Kerry,-0.049715194504678845,0.07953056850899894,0.09420116767548323
An Caisleán Gearr,Kerry,0.016932027227843982,0.0027456333775720126,-0.037869191320098715
Gníomh go Leith,Kerry,0.0,0.0,0.0
Leic Snámha,Kerry,-0.024755158326771425,0.011959999601726747,-0.05398038263973812
An Charraig Ramhar,Kerry,-0.09461196020752081,0.053099595348040485,-0.09699422951885792
Dún an Bhrúnaigh,Kerry,-0.08088571823123772,0.11822498539296022,0.07621368157755358
An Leaca Bhán,Kerry,-0.09500948042795124,0.055750151287156005,0.03001053170743007
Carraig an Mhadra,Kerry,-0.1144524795078197,0.016297495070242772,-0.17992178579783843
Tobar na Naomh,Kerry,-0.11982313654354602,-0.054526898049312315,-0.07620471178584644
Lios Tuathail,Kerry,-0.13306498076832848,0.06950047966612027,-0.118613693727156
Uíbh Eirc,Kilkenny,-0.01214802950040701,-0.013157782805436748,-0.0008593299352916978
Ceanannas,Kilkenny,0.0,0.0,0.0
Gabhalmhaigh,Kilkenny,0.0,0.0,0.0
Cill Choilchín,Kilkenny,-0.4686998157467367,-2.6977937602862743,0.8832247406320276
Baile Mhaolghoirm,Kilkenny,1.69461380029829,-0.05208990102089315,0.18331450870854005
Bealach an Tóibínigh,Kilkenny,-0.05300936465068086,0.053051421424913994,0.054962434676274
Dún Cit,Kilkenny,-0.11992473381455075,0.12253286317963538,0.07513207324666189
Seireapún an Fhásaigh,Kilkenny,-0.010445017459087364,0.011751987143777239,-0.056832739957247205
Cill Dalua,Kilkenny,-0.4686998157467367,-2.6977937602862743,0.8832247406320276
Cill Mochaomhóg,Kilkenny,-0.4686998157467367,-2.6977937602862743,0.8832247406320276
Lios ar Glinn,Kilkenny,-0.1436790336456073,0.0730152167721775,-0.12648085040274662
Baile an Phléibeartaigh,Kilkenny,1.69461380029829,-0.05208990102089315,0.18331450870854005
Poll Ruáin,Kilkenny,-0.002183611945193939,0.03689770697171529,-0.04697537991277333
Ráth Lócháin,Kilkenny,-0.11887398695850812,0.15992193397155025,0.06379648607088387
Paróiste Eoin,Kilkenny,-0.03542734569791984,-0.10127547741265568,0.02035811396167959
Teampall Mhártain,Kilkenny,-0.0025722098610490044,0.023798926106617022,0.013179359767461055
Áth na nUrlainn,Kilkenny,-0.10758697377610629,0.051224744022753774,-0.03684322841401997
Gráinseach na hOlainne,Kilkenny,-0.016139439701559784,0.0012003713312261604,-0.00203488948859136
Leamhchoill,Kilkenny,-0.007138016215560513,-0.0026288472149591123,-0.004527475913148254
Móin Choinn,Kilkenny,0.041404382546940094,0.014674498744981657,-0.062460862179684475
Baile Mhic Dháith (Flood),Kilkenny,2.0092518608841847,-0.22056349368867081,0.295175740110976
An Bhuaile,Kilkenny,-0.03069251191190136,-0.0093937829999375,-0.00942855777296055
Búpar an Teampaill Loiscthe,Kilkenny,0.06498459299983435,0.007660000690119905,0.0017523410158456509
Móin an Uaitéaraigh,Kilkenny,0.031029865667612053,0.0067399218711815196,-0.06465827384659488
Móinéar Bhaile Uí Chlúmháin,Kilkenny,3.359272720951812,-0.11520940921329731,-0.05176771961150989
An Bán Riabhach,Kilkenny,-0.07628918272071682,0.17097058174836616,-0.04483667267900321
Caisleán an Tóibínigh,Kilkenny,0.02328019721285951,0.0010055362163032635,-0.035767871419053014
An Chamóg,Kilkenny,-0.006338794198808865,0.0003848814901788101,-0.002344394223796924
An Corrbhaile,Kilkenny,-0.019148240935310076,-0.00367659768113944,-0.0033683511858019592
Ráth an Phúcaigh,Kilkenny,-0.12002901962883608,0.15144999138927867,0.1145533661804946
Sceach an Chloichreáin,Kilkenny,-0.028278045138824426,0.016834404310558045,-0.04587478838310986
Fearann an Fhaoitigh,Kilkenny,0.04603753143699492,-0.008420780394625845,-0.021772189703839023
Baile an Fhisigigh,Kilkenny,1.69461380029829,-0.05208990102089315,0.18331450870854005
Móin an Mhuine,Kilkenny,0.051677733681293275,-0.03889548920509723,-0.0969946289173362
Tigh na Móna,Kilkenny,0.003741351849582901,0.0063565607780675555,-0.0944451948928256
An Trinse Mór,Kilkenny,-0.34416642715495016,1.6749514938530912,2.1375010720553367
Coill an Bhuitléaraigh,Kilkenny,0.04110984843557563,0.063245824907852,0.033618968667487384
Cill Lamraí,Kilkenny,-0.4686998157467367,-2.6977937602862743,0.8832247406320276
An Daingean Mór,Kilkenny,-0.36217885550869017,1.7094825739579114,2.1796585157205217
An Chrannóg,Kilkenny,0.0,0.0,0.0
An Baile Nua (Baker),Kilkenny,2.0577005897353513,-0.04324576915499155,0.26643283718051813
Cnoc an Bharúnaigh,Kilkenny,-0.2151983673468122,0.5107728146447355,-2.3883514636605705
Garraí an Ghoidínigh,Kilkenny,-0.04448149135745878,-0.007223121494698272,-0.003565768675721497
Ceanannas,Kilkenny,0.0,0.0,0.0
An Mhóin Mhór,Kilkenny,-0.4210053514501692,1.8872211018064773,2.337171501696303
Barr an Bhaile,Kilkenny,1.6513458287446263,-0.04844690551074993,0.15293461256568885
An Choill,Kilkenny,-0.09445182318987999,0.1931145062201231,0.24551450312491216
An Bealach,Kilkenny,-0.04640517149972627,0.05151838865045337,0.056775550329381905
An Crochta Beag (Bunbury),Kilkenny,-0.10852350537960817,-0.3752809912622143,0.010237526967048237
Goirtín na Lao,Kilkenny,-0.07064716463863831,0.016246071737894757,-0.01702381469909778
Coill na Sceach,Kilkenny,-0.03409269398061883,0.04870245530132067,-0.059561662601382535
An Tigh Bán,Kilkenny,-0.04283725150206834,0.14337183838571335,-0.06879795845041378
An Chúil Íseal,Kilkenny,-0.06583727197547709,0.05210114189106243,-0.02861528361049199
Baile an Bhurraigh,Kilkenny,1.69461380029829,-0.05208990102089315,0.18331450870854005
Ceapaigh Phailíse,Kilkenny,0.030004613997114467,-0.006616842437548466,-0.004867940936228016
An Garrán,Kilkenny,-0.01660456635259082,0.047074740837897845,0.03217386586233299
Na Réileáin,Kilkenny,0.0,0.0,0.0
Baile Uí Fhinn agus Caisleán Bhaile Ruairí,Kilkenny,5.112596398906174,-0.1656901984396452,0.1179987385167409
Garraí Dhabhag,Kilkenny,-0.04448149135745878,-0.007223121494698272,-0.003565768675721497
Baile Niocláis,Kilkenny,1.7099663177251307,-0.05284671880921005,0.1830578638882867
Currach na dTiompán,Kilkenny,-0.05432225993390904,0.05887788044984947,0.026815340826016238
An Cnoc Glas,Kilkenny,-0.2626645399032641,0.5416953598511188,-2.4548179647283113
Tiobra Fhachna,Kilkenny,0.0,0.0,0.0
An Cnoc Rua,Kilkenny,-0.41468458679729386,0.671262214065176,-2.752005827520306
Maigh Theamhrach,Kilkenny,-0.06129448868771816,0.020909454105248942,-0.022134907164818658
Baile an Daiméaraigh Thoir,Kilkenny,1.8065122661059636,-0.33365693069777097,0.2878197007641572
Baile na nGileánach,Kilkenny,1.69461380029829,-0.05208990102089315,0.18331450870854005
Áth an Bhrúnaigh,Kilkenny,-0.0731701478501153,0.05188993132542752,-0.030153588151122214
Lios ar Glinn,Kilkenny,-0.1436790336456073,0.0730152167721775,-0.12648085040274662
Baile an Mhuilinn,Kilkenny,1.7276557869356277,-0.11398097160013715,0.2140849491906401
Baile Uí Éidín,Kilkenny,3.2507026158874353,-0.10940009875534719,-0.03711456913086497
Baile Phéirín,Kilkenny,1.69461380029829,-0.05208990102089315,0.18331450870854005
An Chill,Kilkenny,-0.06894867996027014,0.07855962207187425,0.0502165898064338
Cnoc an Tuair,Kilkenny,-0.2683310658717454,0.516232662632409,-2.39735570754068
An Fheirm Nua,Kilkenny,0.3630867894370614,0.008844131865901597,0.08311832847197811
Ros na nÚll,Kilkenny,-0.1167950762635073,0.13964003817674042,0.12691140728093475
Ráth Mín,Kilkenny,-0.1657399435245664,0.162897721908999,0.09131797271531172
An Baile Nua,Kilkenny,2.0577005897353513,-0.04324576915499155,0.26643283718051813
Dúráth,Kilkenny,0.0,0.0,0.0
Teampall Mhichíl,Kilkenny,-0.02337922522573269,-0.027923245334072155,0.025930403848467995
Cnoc an Iolair,Kilkenny,-0.28843498048415966,0.5494278030583624,-2.3445780675318875
Ráth Chaise,Kilkenny,-0.12002901962883608,0.15144999138927867,0.1145533661804946
An Chill Bheag,Kilkenny,-0.16670043237704757,-0.28963006689975557,0.06355493166364015
Páirc an Dúin Mhóir,Kilkenny,-0.36712443629906377,1.8040609980716202,2.241424633847489
Móin na mBróg,Kilkenny,0.031029865667612053,0.0067399218711815196,-0.06465827384659488
Baile an Bhrúnaigh,Kilkenny,1.7195400815977702,-0.04884899242755984,0.18612492064683678
Cnoc Gabhainn,Kilkenny,-0.25560770014270295,0.5048279488246118,-2.340518539024928
Móinéar an Easpaig,Kilkenny,0.047828989006849454,-0.049179660089637305,0.006889662301566388
Clais Liam,Kilkenny,0.09946960306815691,0.041655830264505755,0.08273280369088047
Páirc na bPunann Thuaidh,Kilkenny,-0.0028561712888324504,0.1941526318108523,0.24015395991440985
An Bansa,Kilkenny,-0.006338794198808865,0.0003848814901788096,-0.0023443942237969173
Baile an Ghuaislínigh,Kilkenny,1.69461380029829,-0.05208990102089315,0.18331450870854005
An tSeanpháirc,Kilkenny,0.0,0.0,0.0
Fearann an Bhlóinsínigh,Kilkenny,-0.028042049699404107,-0.005413965045791283,-0.030439028710515105
Baile an tSailéaraigh Thoir,Kilkenny,1.8065122661059636,-0.33365693069777097,0.2878197007641572
An Dún Mór,Kilkenny,-0.4499784266856681,1.789935570652718,2.2109043416945937
An Cnoc Láir,Kilkenny,-0.2072658435805636,0.5218422181826592,-2.3806275193164073
Ráth an tSiollámaigh,Kilkenny,-0.12002901962883608,0.15144999138927867,0.1145533661804946
Baile Sheoin Rua,Kilkenny,1.5355369136436992,0.11434436421967115,-0.22817277978683814
Garrán an Bhuitléaraigh,Kilkenny,0.030319930924779213,0.07845251475498721,0.07947970874809304
Achadh,Kilkenny,-0.08132250788784602,0.025340506250469932,-0.003903889349688423
Tobar Eoin,Kilkenny,-0.10965203675096781,-0.10868834070350969,-0.014488167215555663
Sliabh an Nuinseannaigh Íochtarach,Kilkenny,0.055660004182068845,-0.14225954813340908,-0.0971312359615581
Cúirt an Chantualaigh,Kilkenny,0.0,0.0,0.0
Ráth Éalaigh,Kilkenny,-0.12002901962883608,0.15144999138927867,0.1145533661804946
An Garraí Dubh,Kilkenny,-0.1868835626756118,0.07228111673354974,-0.1865872429097833
Cloichreán Uí Shé,Kilkenny,1.615334843712153,-0.061266044677487225,-0.23808671620477267
An Leacain,Kilkenny,-0.02257933718114956,0.03230674330615284,0.03434396683891691
An Baile Nua,Kilkenny,2.0577005897353513,-0.04324576915499155,0.26643283718051813
Cúil Mharcais,Kilkenny,-0.07350966168213167,0.05352398732163271,-0.03175986887906885
An Ráithín,Kilkenny,-0.008869926344795182,0.03461764721559771,0.026230922667888276
Cnoc na Binne,Kilkenny,-0.2872412459531693,0.5204814367389532,-2.3927269184632287
An Doire Liath,Kilkenny,-0.20612306973410965,-0.030147445821481284,-0.004355093252048612
Baile Héil,Kilkenny,1.69461380029829,-0.05208990102089315,0.18331450870854005
Baile Nua Loch an Easpaig,Kilkenny,1.8082623549584609,0.16713558510192333,0.3270943658126874
Baile Thréidín Thiar,Kilkenny,1.9232348788115354,0.013650105531975425,0.27026805560598194
An Chúil Rua Bheag,Kilkenny,-0.3226659110468454,-0.14965428184000315,-0.42676423024866383
An Chúil Raithneach,Kilkenny,-0.06583727197547709,0.05210114189106243,-0.02861528361049199
Cill Choileáin,Kilkenny,-0.3973827144860508,-2.7550182173538924,0.884785626536618
Cill Chiaráin,Kilkenny,-0.4172020922714953,-2.748150301900647,0.8916912556913604
Ráth Fhlainn,Kilkenny,-0.1426430570689493,0.10275985812630765,0.12894821735125114
Cnoc Bhréanail,Kilkenny,-0.25560770014270295,0.5048279488246118,-2.340518539024928
An Ghráinseach Íochtarach,Kilkenny,0.09095956784470265,-0.12045818030294873,-0.028066486942697855
Gráig na Manach,Kilkenny,0.0012811183714059003,0.008863062711660555,0.083239852810158
Tigh Mhic Oirleamháin,Kilkenny,0.28734954676786556,-0.16885695376089163,0.0820743103562053
Tigh na Páirce,Kilkenny,-0.006842473796376428,-0.001180009103882346,-0.028557122570126447
Talamh an Easpaig,Kilkenny,-0.0015767047798631705,-0.04632054519797234,0.0077103701801621615
Cluain Iomaire,Kilkenny,-0.2117373728840983,0.11330282424879431,0.09962637664286078
An Ghléib,Kilkenny,-0.03874097762943806,-0.0019058849035651173,-0.01420874772834608
An Mhóin Rua,Kilkenny,-0.23591581094980996,0.3787038731939504,-0.21181685885441193
Talamh an Rístigh,Kilkenny,-0.012302703133025868,0.000498228965605252,-0.005014560131898586
Baile Uí Dhuibh,Kilkenny,3.3512926447881894,-0.15289585132041872,-0.06753260786769807
Bán na Sceiche,Kilkenny,-0.045713827980668136,0.14750969098274028,-0.04637973742550166
Cúl an Tóchair,Kilkenny,-0.08057592803581726,0.0537643002678362,-0.03700861937582119
An Currach Leathan Uachtarach,Kilkenny,-0.10397933161475059,0.07151808619915667,0.055932603049887314
Garraí an Laoisigh,Kilkenny,-0.04448149135745878,-0.007223121494698272,-0.003565768675721497
An Goirtín,Kilkenny,-0.04750825628875171,0.004197119170750803,-0.016632909523057564
An Phollach,Kilkenny,0.0,0.0,0.0
Tigh na Coille,Kilkenny,0.03651991790392133,0.0075169268545222144,-0.07124613125620427
Baile Iag,Kilkenny,1.69461380029829,-0.05208990102089315,0.18331450870854005
Páirc an Stampaigh,Kilkenny,-0.0016717149708233168,0.08391575013285363,0.07611270158750826
Ceathrú an Iarla,Kilkenny,-0.07601705370406721,0.03680300966092707,0.028787414110029084
Baile Sheáin Bhuí,Kilkenny,1.7487822367728958,-0.010465934907943883,0.2319176462207884
An Cillín Thiar,Kilkenny,0.18954610587264464,0.06917799968592224,0.07400222683755252
Iolard,Kilkenny,-0.007909132335268224,-0.007905568959029873,-0.0020338715039345304
Gleann na Fuinseoige,Kilkenny,-0.11922374946726752,0.1023064724794949,0.08471181781632123
Baile Uí Eidhin Íochtarach,Kilkenny,3.369224497664652,-0.2587805510796091,-0.09205547095682065
Baile Ífe Íochtarach,Kilkenny,1.813135682075507,-0.20147035334515506,0.12837360688258437
Coill Bhéal Átha na mBó,Kilkenny,0.038996261396772466,0.051139048104792965,-0.05735461811481407
Baile Uí Spealáin,Kilkenny,3.2507026158874353,-0.10940009875534719,-0.03711456913086497
Bábhún Ricín,Kilkenny,-0.018765954414353365,0.001936118996878459,-0.007049081678385425
Baile Dhónaill,Kilkenny,1.7452238952369752,-0.05332650164952839,0.17656008848192054
Cluain Tiobraide,Kilkenny,-0.20883371772321951,0.11015297186532749,0.09972697012340626
Móin Phóil,Kilkenny,0.031029865667612053,0.0067399218711815196,-0.06465827384659488
Tigh an Tuair,Kilkenny,-0.04001187954707157,0.011021352714683248,-0.08662408956198249
Baile na Lochán,Kilkenny,1.6708553236582824,0.0091330603832133,0.24689901421168398
Cill Achaidh,Kilkenny,-0.5049106549160155,-2.7928412124192064,0.9106063316697716
Cill Draighneach,Kilkenny,-0.4927636139327156,-2.7423946655355445,0.8976301202633459
Áth na nUrlainn,Kilkenny,-0.10758697377610629,0.051224744022753774,-0.03684322841401997
Baile na nEirleach,Kilkenny,1.69461380029829,-0.05208990102089315,0.18331450870854005
Cill Mosceallóg,Kilkenny,-0.4686998157467367,-2.6977937602862743,0.8832247406320276
Baile Uí Chuinn,Kilkenny,3.2507026158874353,-0.10940009875534719,-0.03711456913086497
Baile Ruarach,Kilkenny,1.69461380029829,-0.05208990102089315,0.18331450870854005
Ráth Inniúir,Kilkenny,-0.12002901962883608,0.15144999138927867,0.1145533661804946
Trian an Fhraoigh,Kilkenny,-0.0435505129121674,0.0434723328721775,0.03391898581610033
An Baile Nua,Kilkenny,2.0577005897353513,-0.04324576915499155,0.26643283718051813
Poll an Easa,Kilkenny,-0.01484458800130567,0.037470859184645135,-0.04345612987471254
An Dá Acra Dhearga Thuaidh,Kilkenny,-0.015455254146746823,0.11331799914966338,0.1619225990327769
Muine na hUamhan,Kilkenny,-0.026499386720711615,0.05814281067797846,0.05521841125714429
An Chasánach,Kilkenny,0.0,0.0,0.0
Baile Phileabac,Kilkenny,1.69461380029829,-0.05208990102089315,0.18331450870854005
Baile Mhic Eocháin,Kilkenny,2.0092518608841847,-0.22056349368867081,0.295175740110976
Ráth Uillicín,Kilkenny,-0.12002901962883608,0.15144999138927867,0.1145533661804946
Sceird,Kilkenny,0.0,0.0,0.0
Baile Dháith,Kilkenny,1.69461380029829,-0.05208990102089315,0.18331450870854005
An Fhorrach Bhán Thuaidh,Kilkenny,-0.07085197822286449,0.17911214724739574,0.21899785186835963
Iollad,Kilkenny,0.0,0.0,0.0
An Fheoir,Kilkenny,-0.006338794198808865,0.0003848814901788065,-0.0023443942237969116
Barr Scuab,Kilkenny,-0.043267971553663666,0.003642995510143226,-0.030379896142851182
An Uaithne,Kilkenny,-0.01866001838619356,-0.0009032186999697822,-0.0006195571955241891
Baile Robac,Kilkenny,1.755687394009747,-0.02710323445328765,0.2393541269937625
An Geata Bán,Kilkenny,-0.029270565174911233,0.18299250471768153,0.0038792173790442586
Cnoc Mhairidin,Kilkenny,-0.25560770014270295,0.5048279488246118,-2.340518539024928
An Bán Buí,Kilkenny,-0.08317821551692632,0.13170991964191375,-0.08596450117243418
Garrán an Bhatúnaigh,Kilkenny,-0.01660456635259082,0.047074740837897845,0.03217386586233299
An Baile Gaelach,Kilkenny,1.7838650404101735,-0.054293159452552066,0.19632979504900153
Baile an Phoill,Kilkenny,1.750640353901982,-0.05254221071489269,0.19066467823270866
Cill Lamraí,Kilkenny,-0.4686998157467367,-2.6977937602862743,0.8832247406320276
Gráinseach na Fearta,Kilkenny,-0.03947070153399212,-0.045640392428613404,0.019512310312357176
Tulchacht,Kilkenny,0.0,0.0,0.0
Áth an Bhrúnaigh,Kilkenny,-0.0731701478501153,0.05188993132542752,-0.030153588151122214
Tulach Ruáin,Kilkenny,0.03303678294036636,-0.059311103965056504,0.05975016536138685
Áth an Bhiolair,Kilkenny,-0.1156618519424768,-0.006400944575935784,-0.016821401932052317
Fraochanna,Kilkenny,0.0,0.0,0.0
An Droichead Nua,Kilkenny,0.35958928553599556,0.0031938279233395886,0.0593067040627811
Baile Mhic Andáin,Kilkenny,2.0092518608841847,-0.22056349368867081,0.295175740110976
Dún Cit,Kilkenny,-0.11992473381455075,0.12253286317963538,0.07513207324666189
Áth an Aifrinn,Kilkenny,-0.10987365164591266,0.051567708425058124,-0.03755571653179709
Fiodh Dúin,Kilkenny,-0.03735283852456828,0.048709524804979136,0.018058844019748194
Inis Tíog,Kilkenny,-0.08352279784733851,0.054616364896986604,0.0349675462743042
Teach Déirce Uí Shé,Kilkenny,1.6069159301786236,-0.06393940391199306,-0.25072690382206037
An Móintín,Kilkenny,-0.006338794198808865,0.00038488149017880846,-0.0023443942237969142
Páirc Uí Nualláin,Kilkenny,1.5544171006183218,0.02660555239839959,-0.14431637625189675
Na Locháin,Kilkenny,0.04902938550434014,-0.0022244252719451,0.005235924161193311
An Nás Thuaidh,Kildare,-0.0011844563180091337,0.11023688167799868,0.16404125832690158
Ardchoill,Kildare,-0.008925292594714437,0.0005447084746800315,-0.0033199489738795084
Baile na Faiche,Kildare,1.723182181565522,-0.05002933093015129,0.18684072655050202
Carna,Kildare,-0.006338794198808865,0.0003848814901788096,-0.002344394223796917
Ceárach,Kildare,0.0,0.0,0.0
Baile Hanraí,Kildare,1.7623513948847236,-0.05486510889106578,0.19208157688950814
Cill an Duáin,Kildare,-0.48557526446668964,-2.754549173801454,0.9033072973368598
Tigh Tua,Kildare,-0.02728851381802915,-0.00038336109311396443,-0.029786921046230715
Cill Chéile,Kildare,-0.4686998157467367,-2.6977937602862743,0.8832247406320276
Baile Sonnáin,Kildare,1.69461380029829,-0.05208990102089315,0.18331450870854005
Cnoc an tSionnaigh,Kildare,-0.275719802597188,0.5216648065023404,-2.395669326887086
Diméin Bhaile an Chairdínigh,Kildare,1.8189002539207173,-0.030462630101887156,0.2233532030137923
Baile an Chúirtigh Thoir,Kildare,1.8065122661059636,-0.33365693069777097,0.2878197007641572
Bodastóic Thuaidh,Kildare,-0.0011844563180091337,0.11023688167799868,0.16404125832690158
Baile an Ruiséalaigh,Kildare,1.7318085782035189,-0.052950071933280544,0.18626611159670525
Lios na Sceiche,Kildare,-0.16323007106495743,0.07325497117003323,-0.12598239374847459
Ard Scol,Kildare,-0.06324014389886057,0.10819326895588005,0.02398125928730242
An Ghráinseach Fhuar,Kildare,-0.02756231393251435,0.02892227202131319,0.02687441488325783
Cnoc an Sciobóil Thiar,Kildare,-0.026986621629457475,0.5705679553774804,-2.2535649921274863
An Mhóin Mhór,Kildare,-0.4210053514501692,1.8872211018064773,2.337171501696303
Díseart Diarmada,Kildare,-0.028579004527431666,-0.005483820247852924,-0.010523393784121817
Baile Cholt,Kildare,1.69461380029829,-0.05208990102089315,0.18331450870854005
Mullach Airne,Kildare,-0.09631466936125943,0.16832105028226285,0.17615169126224753
Caisleán Réabáin Theas,Kildare,0.0485941679766965,-0.07998607438680991,-0.12512958768699184
Crochta an Fhraoigh,Kildare,-0.035466623804064096,0.0016685062500352297,-0.006468841561061841
Iarúsailéim,Kildare,0.0,0.0,0.0
Garraí Uí Laigheanáin,Kildare,1.5116073242316865,-0.06453331922915231,-0.22399484651512652
Coill Ráth Chonaíolaigh,Kildare,-0.12584366847063047,0.1833180423800413,0.10086649196222193
Baile an Róigh,Kildare,1.742721430053759,-0.054050814409023325,0.18950540626895573
Baile Luibhéid,Kildare,1.69461380029829,-0.05208990102089315,0.18331450870854005
An Goirtín Uachtarach,Kildare,-0.05450454783402287,0.00868968753063255,0.022150957678337017
Baile Choilbín,Kildare,1.69461380029829,-0.05208990102089315,0.18331450870854005
Eanach Locha,Kildare,0.0497973259665013,0.021684238382044,-0.04555572073375687
Baile Sheáin Thuaidh,Kildare,1.7821719327043755,0.0948093806588502,0.4050058863232366
Cill Chá,Kildare,-0.4686998157467367,-2.6977937602862743,0.8832247406320276
An Leacach Mór,Kildare,-0.36359555822626766,1.7465304619561486,2.2281415823103536
Feirm an Mhuilinn,Kildare,0.021215424498621308,-0.061959775654032496,0.025829022271080734
Féarach na mBó,Kildare,0.008570798029296472,0.002393355381982405,-0.0023969537828055186
Gráinseach Chuair,Kildare,-0.016139439701559784,0.0012003713312261604,-0.00203488948859136
Baile an Liopaigh Íochtarach,Kildare,1.813135682075507,-0.20147035334515506,0.12837360688258437
Diméin na hUrnaí,Kildare,0.1202191344059347,0.022505669777027285,0.038663713011755335
Baile Bhaltair,Kildare,1.69461380029829,-0.05208990102089315,0.18331450870854005
An tÁth Beag,Kildare,-0.10597300504375634,-0.3744835292320062,0.01341462303007535
Baile Hoiste,Kildare,1.7821896162861321,-0.06135009024160863,0.1966989564280931
Bóthar Chóil,Kildare,-0.028464359330380044,0.03398929810045543,0.01099229844627963
An Coimín,Kildare,-0.011956881049785104,-0.001340332692173814,-0.023815868037458596
Baile Dhainéil,Kildare,1.69461380029829,-0.05208990102089315,0.18331450870854005
Mainistir Chill Droichid,Kildare,-0.09110442061903702,0.07655297491820073,0.03623414054177718
Crodán,Kildare,0.0,0.0,0.0
Páirc Oakley,Kildare,-0.0016717149708233168,0.08391575013285363,0.07611270158750826
Baile Mhic Corcráin,Kildare,2.0092518608841847,-0.22056349368867081,0.295175740110976
Cill Mogharbhóg,Kildare,-0.4686998157467367,-2.6977937602862743,0.8832247406320276
Domhnach Dheá,Kildare,0.01576744780834745,0.043680681924281664,-0.02773393448635357
Díseart Iollan Íochtarach,Kildare,0.0977679246578611,-0.15062879175023014,-0.06447669229985119
Baile an Tiobraigh,Kildare,1.69461380029829,-0.05208990102089315,0.18331450870854005
Baile Shíomoin,Kildare,1.69461380029829,-0.05208990102089315,0.18331450870854005
An Daingean,Kildare,-0.01801242835374003,0.03453108010482018,0.04215744366518491
An Coimín Theas,Kildare,0.006752896563097294,-0.08079891052082636,-0.11499069995850533
Cill Choca,Kildare,-0.4686998157467367,-2.6977937602862743,0.8832247406320276
Baile Chorracháin,Kildare,1.69461380029829,-0.05208990102089315,0.18331450870854005
Baile an Bhlácaigh,Kildare,1.71444057177947,-0.0517047664223848,0.1845715834418533
Creamhchoill,Kildare,-0.006338794198808865,0.0003848814901788083,-0.002344394223796916
Muine Cúile,Kildare,-0.01938312187237682,0.09986425897562312,0.10517406735258833
Teach Srafáin,Kildare,-0.008418913533529582,-0.002673359234505838,-0.0126401876172877
Cluain Each,Kildare,-0.22253136205663232,0.17850026380212333,0.0831612410336173
Bearna na Gaoithe,Kildare,-0.06045381101483909,0.06251535848349106,-0.07177177755015549
Baile Eoghanáin,Kildare,1.69461380029829,-0.05208990102089315,0.18331450870854005
Cluain na nDubh,Kildare,-0.18719487351698474,0.16011892890503346,0.08011326707767512
Baile Thomáis,Kildare,1.856855534054191,-0.04308047137960258,0.1165619299944088
Baile Ghiobúin Thoir,Kildare,1.8793847988918178,-0.34101733741127194,0.3007947738624203
Baile Ghiobúin Thiar,Kildare,1.9961074115973896,0.006289698818474473,0.28324312870424506
Teaghlach,Kildare,0.0,0.0,0.0
An Ghráinseach Thoir,Kildare,0.08433615187515933,-0.2526447576555646,0.131379606938875
Coill an Ruiséalaigh,Kildare,0.031380129063434466,0.031007880078375225,-0.010735271330107474
Baile na Coille Uachtarach,Kildare,1.7514259404749692,-0.03969704471337523,0.18063916569996108
Corr na Muclach,Kildare,-0.08646611499183403,0.006229007609478681,-0.11009190173111202
Baile Mhic Obhainn,Kildare,2.0092518608841847,-0.22056349368867081,0.295175740110976
Bealach Átha an Iúir,Kildare,0.02925398901004047,0.06091035763895387,0.02918402007357882
Cnoc na gCailleach,Kildare,-0.19645421365762483,0.46270529831157114,-2.3689495923578945
Coillteachán Thuaidh,Kildare,-0.0011844563180091337,0.11023688167799868,0.16404125832690158
Tulaigh Loiste,Kildare,-0.08366161363656144,0.13942691515582636,0.09221406249618919
An Tobar Thiar,Kildare,0.1338439258414747,0.05331887077973109,0.04607119025138064
Ard an Fhuatha Thoir,Kildare,0.05665615355056198,-0.17829476933363353,0.12981768754110157
Cnoc Airgid Uachtarach,Kildare,-0.27930247245498396,0.5228677185648993,-2.3527253245481377
Diméin Bhaile Uí Mhadaín,Kildare,3.3749890695098625,-0.08777282783634119,0.002924125174387268
Imleach Corr,Kildare,-0.10129922489504713,-0.009088655559260425,-0.05867268740863567
Na Caológa,Kildare,-0.00905020517951808,0.00037002820824993374,-0.0033682782609315703
Carn Almhaí,Kildare,-0.03567833231530644,0.030990846410045413,0.023914673706764474
Baile an Róistigh,Kildare,1.7525901628637262,-0.044312918099361574,0.1414174736624835
Mullach Caise Thuaidh,Kildare,-0.10140625373276685,0.29283980089298256,0.28855852702607765
Na Ráithíní,Kildare,0.0,0.0,0.0
Fearann na Mainistreach,Kildare,-0.023119047898754432,-0.0038467003673891866,-0.03254799917743579
Coimín Shruthán an Ime,Kildare,-0.036262768769140946,0.021152263866258878,-0.13534036350154616
An Chorrchoill,Kildare,-0.006338794198808865,0.0003848814901788083,-0.002344394223796916
Loch Aonghais,Kildare,-0.27421940616714474,0.2031726930865164,0.06824452727587407
An Chaológ,Kildare,-0.011327596892309173,0.000694628809161451,-0.004236112940358235
Cill Mhuine Theas,Kildare,-0.42934217012017306,-2.8228877491912057,0.7597135536402396
An Fuarán,Kildare,0.0,0.0,0.0
An Ghráinseach Mhór,Kildare,-0.3717287410874645,1.7038737658744043,2.1643754869385945
Muileann Pháidín,Kildare,0.026744753017987222,0.022361143149473368,0.040439238245040435
Fearann an Easpaig,Kildare,-0.01731605134624141,-0.05223273920936887,-0.017714098398454357
Braichleasán,Kildare,0.0,0.0,0.0
Cloch Ghearóid,Kildare,-0.006167456650301191,0.03228257176491017,0.03525978612024531
An Currach,Kildare,-0.05432225993390904,0.05887788044984947,0.026815340826016238
An Baile Nua,Kildare,2.0577005897353513,-0.04324576915499155,0.26643283718051813
Cnoc Saileata,Kildare,-0.25560770014270295,0.5048279488246118,-2.340518539024928
An Tulaigh Thoir,Kildare,0.05425834158636652,-0.190102657974191,0.20058814385230458
Baile Eoin,Kildare,1.679738916219093,-0.14835710595126536,0.20970869813904564
Cill Iain Bhig,Kildare,-0.46775153470445485,-2.7496874831822744,0.9012418320156088
Baile an Bhreatnaigh,Kildare,1.69461380029829,-0.05208990102089315,0.18331450870854005
Cill Maodhóg Bheag,Kildare,-0.566451568163514,-3.065983449257904,0.896563082489234
Cnoc an Aitinn,Kildare,-0.266302501111092,0.5198168418182624,-2.3982594738364598
Baile Phúinse Íochtarach,Kildare,1.813135682075507,-0.20147035334515506,0.12837360688258437
An Cnoc Dubh,Kildare,-0.3980097714608559,0.5843321870528598,-2.52354001325899
Cnoc Chill Dronáin,Kildare,-0.3245563801029731,0.5833875708964861,-2.2903019492184944
Cnoc Bhaile Cupid,Kildare,1.439006100155587,0.4527380478037186,-2.157204030316388
Baile an Doidínigh,Kildare,1.69461380029829,-0.05208990102089315,0.18331450870854005
An Fearann Nua Theas,Kildare,0.3537545173505397,-0.07602841100854223,-0.03849553215958373
Baile Stiofáin Theas,Kildare,1.7133235779111724,-0.13154847884954568,0.09213967678749331
Ros Bearaigh,Kildare,-0.1167950762635073,0.13964003817674042,0.12691140728093475
An Cloigín Gorm,Kildare,-0.032820860929143006,0.019594990788683965,-0.05285233009932023
An Maidilín,Kildare,-0.008925292594714437,0.0005447084746800277,-0.0033199489738795075
Baile an Bhreatnaigh,Kildare,1.69461380029829,-0.05208990102089315,0.18331450870854005
An Coimín,Kildare,-0.011956881049785104,-0.001340332692173814,-0.023815868037458596
An Halla Glas Íochtarach,Kildare,0.09386414029235399,-0.11625149660915662,-0.1810829643178135
Baile an Bharraigh,Kildare,1.711515110361308,-0.05266449750372572,0.18316867999692232
An Claí Dubh,Kildare,-0.15130007639239942,0.08193880054146797,-0.18965832247002307
An Chúil Riabhach,Kildare,-0.1265777170121547,0.07931652416060128,-0.03444091888531213
An Charraig,Kildare,-0.06648619103834423,0.031317070049614544,-0.002471447413918494
Baile Mhuiris,Kildare,1.8145691715873637,-0.05857386945095788,0.19724872854599126
Fearann an Bháthaigh,Kildare,-0.028042049699404107,-0.005413965045791283,-0.030439028710515105
An Bhrocach,Kildare,-0.006338794198808865,0.00038488149017880825,-0.0023443942237969164
Doire Choirb,Kildare,-0.13911794214094428,-0.03723887300969581,0.02158124180650758
Cloch an Rince,Kildare,-0.012605328278859186,0.03339435319174262,0.03373625589926369
Cnoc Mhullach Caise,Kildare,-0.2852516118110305,0.5412811185477863,-2.446062352504945
Coill Mhullach Raoileann,Kildare,-0.02329895796014818,0.04998055816533816,-0.06899751680829887
Droichead Phíc,Kildare,-0.0034975039010658408,-0.005650303942562008,-0.023811624409197013
Bóthar Eoghain Rua,Kildare,-0.2033201784773651,0.15189207341528865,-0.3924453336371887
Garáiste an tSiúnaigh,Kildare,0.0,0.0,0.0
Abhainn Fhiodh Gaibhle,Kildare,-0.10761039214692555,0.1435949024325571,0.11224341632156003
Baile Átha Í (Tuath),Kildare,1.7703632299997916,-0.039557786084575865,0.15072499064025818
Baile Sonnáin,Kildare,1.69461380029829,-0.05208990102089315,0.18331450870854005
An Charraig,Kildare,-0.06648619103834423,0.031317070049614544,-0.002471447413918494
Cluain Conaire,Kildare,-0.19954807137742978,0.16771453946139103,0.08149902010251575
Dún Uabhair,Kildare,-0.12590616381945824,0.1329879240363947,0.02039140709008317
Inse Breisleáin,Kildare,0.01775267725592144,0.03475470191822405,0.009200280648681404
Maigh Nuad,Kildare,-0.06129448868771816,0.020909454105248942,-0.022134907164818658
An Nás (Uirbeach),Kildare,0.012553870920162132,0.0008303385260781301,0.004957831353123686
Seanchonnail,Kildare,0.0,0.0,0.0
Log Uí Dhonnaíle,Kildare,1.5531602402726785,-0.05588440618528058,-0.23649949257863623
Droichead Uí Dhúill,Kildare,1.5525913116880794,-0.06296050167701604,-0.24424070224860203
Crois Cuckel,Kildare,0.0072114417473015035,-0.005089214417499981,-0.007105315157835154
Droichead na Líre,Kildare,-0.0034975039010658408,-0.005650303942562008,-0.023811624409197013
Crois Ard Scol,Kildare,-0.05602870215155907,0.10310405453838008,0.016875944129467267
Crois Bhaile an Ruiséalaigh,Kildare,1.7390200199508203,-0.058039286350780525,0.1791607964388701
An Droichead Nua,Kildare,0.35958928553599556,0.0031938279233395886,0.0593067040627811
Droichead Alexandra,Kildare,-0.0034975039010658408,-0.005650303942562008,-0.023811624409197013
Droichead Chill Droichid,Kildare,-0.06362132391807532,0.07296208084956367,0.02302637865032218
An Baile Mór,Kildare,1.3504473731433397,1.622861592832198,2.3208155807638766
Cluain Conaire,Kildare,-0.19954807137742978,0.16771453946139103,0.08149902010251575
Uisce Beag,Kildare,-0.15539855334183394,-0.39294490612978317,-0.02583264181321223
Baile an Talbóidigh Uachtarach,Wicklow,1.6876175087530187,-0.047597332661011404,0.22209837590993464
Caisleán Mhic Ádaim,Wicklow,0.34452245094970885,-0.16900108922593504,0.07790647563649089
Baile Haicéid,Wicklow,1.7154420322423771,-0.0530051436855046,0.18468341483262482
Cillín Chaoimhín,Wicklow,-0.02765858500139217,0.003947913528977116,-0.013328250082135866
Cill Bhríde,Wicklow,-0.5275672606344026,-2.92927573369832,0.9471870776608808
Maigh Dhá Chonn,Wicklow,-0.06129448868771816,0.020909454105248942,-0.022134907164818658
Fearann na Mainistreach,Wicklow,-0.023119047898754432,-0.0038467003673891866,-0.03254799917743579
Sliabh na mBoth,Wicklow,-0.06286187759514815,0.007120904190852835,-0.042190334135602414
An Tuar Buí,Wicklow,-0.10194481101510569,0.044498701440381344,0.01707642537012591
Bealach Conglais Thiar,Wicklow,0.1822159070135192,0.11725839520332194,0.1437290972268238
Ráth Múna,Wicklow,-0.12002901962883608,0.15144999138927867,0.1145533661804946
Buaile na Scológ Íochtarach,Wicklow,0.10913008845034264,-0.15279496467011586,-0.06815939326234871
Buaile na Smután Uachtarach,Wicklow,-0.02299014631703443,0.0014872118666710244,0.023816155221849464
Cnoc an Ime,Wicklow,-0.2725335709957325,0.5268050567871304,-2.447348002162386
Páirc na bhFianna,Wicklow,-0.0257710328055171,0.10019551641952883,0.08150507608728899
Cnoc an Chaorthainn Uachtarach,Wicklow,-0.2770992856751343,0.5213383158759974,-2.3562145599251876
Baile Hobac Uachtarach,Wicklow,1.6876175087530187,-0.047597332661011404,0.22209837590993464
Baile an Fhaoitigh Uachtarach,Wicklow,1.7616970898894178,-0.050604148009845966,0.23076521491661073
An Currach Dubh,Wicklow,-0.19672433125206204,0.13838211867809747,-0.15620613340804554
Coolharbour Íochtarach,Wicklow,0.118521881777217,-0.14938045232426192,-0.054940901825955686
Páirc an Bhaile Ghaelaigh,Wicklow,1.6929420853274666,0.03182584911196048,0.2594272102960483
An Baile Gaelach Thiar,Wicklow,2.0124861189234187,0.011446847100316505,0.28328334194644345
Cill Bhéalad Íochtarach,Wicklow,-0.3501779339695197,-2.847174212610536,0.8282838388060719
An Bóthar Buí,Wicklow,-0.09609383716326717,0.02194401826354186,-0.03596116532197149
Dún Luáin Uachtarach,Wicklow,-0.11280829107598912,0.11947664515950868,0.11218713684065142
An Ráth Bhán,Wicklow,-0.17689629273346347,0.17912060758129544,0.11818875863234533
An Baile Uachtarach,Wicklow,1.6876175087530187,-0.047597332661011404,0.22209837590993464
Baile an Bharúnaigh Íochtarach,Wicklow,1.8535450148713977,-0.19552548752503138,0.08054068224694208
Bealach Saghais Uachtarach,Wicklow,-0.05340146304499743,0.056010957010335115,0.09555941753077649
Cnoc an Dragúin,Wicklow,-0.25560770014270295,0.5048279488246118,-2.340518539024928
An Ghléib,Wicklow,-0.03874097762943806,-0.0019058849035651173,-0.01420874772834608
Mullach Catha Íochtarach,Wicklow,0.011098536135165347,0.032331047623919015,0.07212994229983992
An Charraig Bhreac Uachtarach,Wicklow,-0.09906690997366883,0.04191530633041981,0.030896551835113504
Baile Uí Mhocháin,Wicklow,3.3488059858812784,-0.11394189568684304,-0.041187051759715036
Baile Uí Bhracháin,Wicklow,3.2507026158874353,-0.10940009875534719,-0.03711456913086497
Gort na Sceiche,Wicklow,-0.18531038100849165,0.15672010033843628,0.03486685702913158
Sliabh Cheann Abha,Wicklow,-0.11332270830107696,0.020598135535422522,-0.06308328235564722
An Cholgaigh,Wicklow,0.0,0.0,0.0
Criosadán,Wicklow,0.0,0.0,0.0
An Mhóin Rua,Wicklow,-0.23591581094980996,0.3787038731939504,-0.21181685885441193
Buaile an Fheadáin Uachtarach,Wicklow,-0.016388084872145527,0.0010780560140278175,0.025565375765001556
Cluain Seanáin,Wicklow,-0.18719487351698474,0.16011892890503346,0.08011326707767512
Móin Easpaig,Wicklow,0.04175586402077475,-0.04007885229239607,-0.05193334353453413
Baile na hAbhann,Wicklow,1.7324274373448105,-0.05671868230261897,0.1870035393744708
Buaile an Chnocáin,Wicklow,0.04668385088420311,-0.009272269111110384,-0.003627324350710578
Garraí an Chnoic,Wicklow,-0.04715587744009711,-0.0001983222830022162,-0.009670044300406562
An Ghreanach Mhór,Wicklow,-0.3577168313410447,1.7048616166340527,2.1861321127097666
An Choill Darach,Wicklow,-0.11441247978663979,0.19930499791007145,0.24558218791329678
An Bhoirneach,Wicklow,0.0,0.0,0.0
Páirc na bhFianna,Wicklow,-0.0257710328055171,0.10019551641952883,0.08150507608728899
An Chrosóg,Wicklow,0.0,0.0,0.0
Ráth Brain,Wicklow,-0.12002901962883608,0.15144999138927867,0.1145533661804946
Páirc na Sláine,Wicklow,-0.0016717149708233168,0.08391575013285363,0.07611270158750826
An Baile Gallda,Wicklow,1.7355799932933589,-0.05221239941559807,0.1879486797598276
Baile an Iúir,Wicklow,1.714886165861628,-0.05102026678003088,0.18809240324464735
Cnoc Comhraic Theas,Wicklow,-0.25004957761925095,0.43893757044508985,-2.4887836292093106
Cnoc an Dumha,Wicklow,-0.289979277887653,0.5366862426496658,-2.351707547749721
Cnoc na Muc Íochtarach,Wicklow,-0.17145955142927935,0.3716003219221463,-2.450134549181527
Na Cnoic Bhána,Wicklow,-0.011110969659649797,0.0011121448194813658,-0.0060420198383308804
Áth na Leice,Wicklow,-0.08026063668701444,0.04880906177920175,-0.03594306226431913
An Ghreanach Bheag Uachtarach,Wicklow,-0.11829844814814311,-0.3337869978307867,0.10075324971303105
An Tóchar,Wicklow,-0.011327596892309173,0.0006946288091614505,-0.004236112940358235
Páirc Fhianna Chill Ruaidhrí,Wicklow,-0.07062039493109346,0.16247537220472788,0.12632929139394206
Baile an Chinléigh Uachtarach,Wicklow,1.6876175087530187,-0.047597332661011404,0.22209837590993464
An Cnoc Bán,Wicklow,-0.27115643782674215,0.6485831483034391,-2.3795295764291113
An Tamhnaigh Gharbh,Wicklow,-0.039279532007977534,0.04598585519126544,0.02843508870343282
Coillín na Carraige,Wicklow,-0.011172027721490448,0.013647175738130457,-0.05087968315232391
Baile Mhuiris,Wicklow,1.8145691715873637,-0.05857386945095788,0.19724872854599126
Gleann Chormaic Thuaidh,Wicklow,-0.1531645717485684,0.16008717570553344,0.2700793740999669
Baile Bhaltraim,Wicklow,1.69461380029829,-0.05208990102089315,0.18331450870854005
Cúil an Chéachta,Wicklow,-0.06583727197547709,0.05210114189106243,-0.02861528361049199
Altidore,Wicklow,0.0,0.0,0.0
Baile an Toim Bheithe,Wicklow,1.6961414812129136,-0.045639699820165386,0.18221688201554367
Baile an Ráithín Láir,Wicklow,1.7340857305156343,-0.0004579844472480804,0.16943645108494898
An Chlogach,Wicklow,-0.006038229998333825,-0.0014042707375572323,-0.0044669861542042996
An Muine Mór,Wicklow,-0.3706658138756618,1.7330943045310696,2.192719483312481
Maigh Chríodáin Thiar,Wicklow,0.15614636968527784,0.028239750446764668,0.08454513049362888
Cluain,Wicklow,-0.18719487351698474,0.16011892890503346,0.08011326707767512
Cnocán na mBuachaill,Wicklow,-0.043484366649424955,0.003615820030605863,-0.04464949916661952
Baile na Claise,Wicklow,1.7740711500406525,-0.05467054194098875,0.1933140890816288
Baile an Iústásaigh,Wicklow,1.69461380029829,-0.05208990102089315,0.18331450870854005
An Cluainín,Wicklow,-0.008925292594714437,0.0005447084746800309,-0.0033199489738795027
Cúil an Bhlácaigh,Wicklow,-0.04601050049429711,0.05248627648957078,-0.027358208877178748
Tigh na Coille Íochtarach,Wicklow,0.15504179968113835,-0.1418635254697397,-0.12618703308215995
An Cheapach,Wicklow,-0.0338454354986867,0.030730958740101375,0.013634576612765686
Baile na Bearna,Wicklow,1.6925577633121107,-0.05009481279352473,0.17226310729499245
An Bhrocach,Wicklow,-0.006338794198808865,0.00038488149017880825,-0.0023443942237969164
Conairigh Íochtarach,Wicklow,0.118521881777217,-0.14938045232426192,-0.054940901825955686
Baile na gCeapóg,Wicklow,1.69461380029829,-0.05208990102089315,0.18331450870854005
Baile Uí Dhonnagáin Thoir,Wicklow,3.4890933551225496,-0.400451847694758,0.05558063340751601
An Chlochóg,Wicklow,0.0,0.0,0.0
Corr na nGabhar Thiar,Wicklow,0.17190745941060628,0.06273505530075928,0.03177810869241511
Ráth Aoibhill,Wicklow,-0.12002901962883608,0.15144999138927867,0.1145533661804946
Baile na Míséadach Uachtarach,Wicklow,1.6876175087530187,-0.047597332661011404,0.22209837590993464
An Bualach Uachtarach,Wicklow,-0.006996291545271163,0.004492568359881746,0.03878386720139458
Baile an Toim,Wicklow,1.69461380029829,-0.05208990102089315,0.18331450870854005
Baile Uí Chéin (Penrose),Wicklow,3.2507026158874353,-0.10940009875534719,-0.03711456913086497
Feirm an Tobair,Wicklow,-0.004267894214478097,-0.018508344849110604,-0.0751189153794555
An Ráithín,Wicklow,-0.008869926344795182,0.03461764721559771,0.026230922667888276
Baile na Cloiche,Wicklow,1.7419785713864875,-0.04260285359665729,0.18758086327722914
Coill Mhic Aindric,Wicklow,0.30882341174410033,-0.13660554167701505,0.09817435718416334
Coill na Manach Mhór,Wicklow,-0.3301558670921186,1.7157155280070975,2.213969372327101
Baile Uí Dhúllaing,Wicklow,3.2507026158874353,-0.10940009875534719,-0.03711456913086497
Buaile an Fhraoigh Thiar,Wicklow,0.19453441434513777,0.07108530274763433,0.07036702879014513
Áth na Fuinseoige,Wicklow,-0.08494290413439004,0.05123908426131984,-0.031157304814631352
An Baile Loiscthe,Wicklow,1.6918727687860944,-0.04429792130198848,0.1796484408830216
Baile na Cille,Wicklow,1.700876732723729,-0.04364446668546661,0.1860729650032663
Baile an Hórsaígh,Wicklow,1.69461380029829,-0.05208990102089315,0.18331450870854005
Tobar Dé,Wicklow,-0.09477715267177078,-0.012421135773137484,-0.04088235664606125
An Cnoc Rua,Wicklow,-0.41468458679729386,0.671262214065176,-2.752005827520306
An Ráth Mhór,Wicklow,-0.4641954467837862,1.8264014852423698,2.2520544382358314
An Bhuaile Bhuí,Wicklow,-0.06526666416139015,-0.0044322168887329086,-0.01847553954850717
Cuan an Bhealaigh,Wicklow,-0.03514721859890316,0.03234999672080966,0.10615599345575516
An Chuileanntrach Mhór,Wicklow,-0.36042903477640365,1.7127692382848487,2.1771379492015805
Cnoc an Mhuine,Wicklow,-0.23495983212902175,0.459192537748333,-2.3728548940956693
Móin Uí Chearúill,Wicklow,1.5871186812567573,-0.05057027586327252,-0.2850873516859999
Prospect Íochtarach,Wicklow,0.118521881777217,-0.14938045232426192,-0.054940901825955686
An Sliabh Rua,Wicklow,-0.22193876424973907,0.17355516943141713,-0.4536776226309806
Baile Hóic Íochtarach,Wicklow,1.813135682075507,-0.20147035334515506,0.12837360688258437
An Baile Nua,Wicklow,2.0577005897353513,-0.04324576915499155,0.26643283718051813
Cluain Manainn,Wicklow,-0.18719487351698474,0.16011892890503346,0.08011326707767512
Muiríoch Chnoc Roibín,Wicklow,-0.005998184529120945,0.007816386658564834,-0.0061543298224848355
Fearann an Chlóis,Wicklow,-0.028042049699404107,-0.005413965045791283,-0.030439028710515105
Sliabh an Chróigh,Wicklow,-0.06286187759514815,0.007120904190852835,-0.042190334135602414
Ráth Sheáin Mhóir Thiar,Wicklow,-0.146831779546446,1.928803891796983,2.396658104421068
An Chill,Wicklow,-0.06894867996027014,0.07855962207187425,0.0502165898064338
Tom an Choirce,Wicklow,-0.03413251846850919,-0.0023439053997797344,-0.012363199709792381
Tom na Feannóige,Wicklow,-0.031023453874314134,-0.004883085935044101,-0.010870236128163093
Achadh Mheánach,Wicklow,-0.08929245952643007,0.02647923801622271,-0.005454506124381718
Easca na gCeap,Wicklow,-0.01879300683848928,0.03404668380124031,0.03830907194447407
Buaile Mhic Thaidhg,Wicklow,0.29345396853373346,-0.16989756043012785,0.0861175581270477
An Cúl Buí,Wicklow,-0.1334667498083642,0.040055862054148864,-0.07556874737874311
Ros na Sraithe,Wicklow,-0.07693593282441641,0.14106352378818288,0.13361910033631358
An Baile Ard,Wicklow,1.6393714880411783,0.051182359322351136,0.20862700419402444
Barr na Moinge,Wicklow,-0.001737141439899982,0.0020518210803179057,-0.026309542832827368
Baile na Corra Beag,Wicklow,1.6433993395005222,-0.4305309538298619,0.20315427084602444
An Log Dubh,Wicklow,-0.14533064663461967,0.08093002977742147,-0.199091888973293
Teach Avondale,Wicklow,-0.008418913533529582,-0.002673359234505838,-0.0126401876172877
Muilte an Bhriotáis,Wicklow,-0.006338794198808865,0.00038488149017881275,-0.0023443942237969173
Sliabh an Doire Bháin,Wicklow,-0.22870034658706598,-0.08583444787937448,-0.006450118483760411
Graibhéal,Wicklow,0.0,0.0,0.0
Loch Deán,Wicklow,-0.26016423313005305,0.25720012842049245,0.04793659832010855
Loch Iolar,Wicklow,-0.26016423313005305,0.25720012842049245,0.04793659832010855
Málainn,Wicklow,-0.006338794198808865,0.00038488149017880966,-0.002344394223796917
An Seanbhaile,Wicklow,-0.01956563924060381,0.033461743804881094,0.03587253910263052
An Daoil,Wicklow,-0.006338794198808865,0.00038488149017880917,-0.0023443942237969173
Na Seacht dTeampall,Wicklow,0.0,0.0,0.0
Sliabh Fionn,Wicklow,-0.07198246033256245,0.016981997283302623,-0.04786960639663058
Cró Chaoimhín,Wicklow,-0.020530890494365732,0.036633405686978204,0.025694666928819585
Díseart Caoimhín,Wicklow,-0.020753957119355897,-0.0012483394259682078,-0.009535790473895496
Abhainn Fheartraí,Wicklow,-0.11375116274106617,0.13995055615542817,0.11119854415019738
Muileann Mhic Dhuibh,Wicklow,0.40871329563464565,-0.18873175106022844,0.11728944807150757
An Charraig,Wicklow,-0.06648619103834423,0.031317070049614544,-0.002471447413918494
An Abhainn Bheag,Wicklow,-0.21150291515784359,-0.22823913281620167,0.12453688600740373
An Abhainn Mhór,Wicklow,-0.45791758989601633,1.8149020500085193,2.248699616205534
Cipiúr,Wicklow,0.0,0.0,0.0
An Fásach Rua,Wicklow,-0.1590768866545909,0.1664342652405643,-0.4114872884953782
Srath na Muc,Wicklow,-0.07942467509786125,0.018391815784106223,-0.07415318200553314
Sliabh Cham an Doire,Wicklow,-0.2126209756042572,-0.02923809680467471,-0.02409945261553492
Baile na Corra,Wicklow,1.7411510919172997,-0.062341264858232014,0.1898159289888181
Baile an Ghaill,Wicklow,1.7427366637641322,-0.05521929454624795,0.1899248524250322
Cillín Chaoimhín,Wicklow,-0.02765858500139217,0.003947913528977116,-0.013328250082135866
Cill Bhríde,Wicklow,-0.5275672606344026,-2.92927573369832,0.9471870776608808
Cúirt an Phaoraigh,Wicklow,0.0,0.0,0.0
Ceann Bhríde,Wicklow,-0.08613921671325261,-0.2178777491361898,0.05259341122280874
Droichead Bhaile Coimín,Wicklow,1.679159415347439,-0.05908053765562897,0.13568701626188445
Droichead Pholl an Phúca,Wicklow,-0.03739830702118102,0.002705176695414765,-0.038208810827244546
Cill Chomhghaill,Wicklow,-0.4686998157467367,-2.6977937602862743,0.8832247406320276
Fíonach,Clare,-0.008925292594714437,0.0005447084746800248,-0.003319948973879509
Cill Fear Buí,Clare,-0.5363292935796238,-2.709839040123188,0.8362712768637764
Cill Fhiontanáin,Clare,-0.4686998157467367,-2.6977937602862743,0.8832247406320276
Seiseadh,Clare,0.019882975650196408,-0.0027152484177483736,-0.00499215320389073
An Chraobhach,Clare,0.0,0.0,0.0
An Mhoingeach Thiar,Clare,0.22862107851324548,0.06574000655286857,0.08695354689744189
Seiseadh Uí Dhónaill Thiar,Clare,1.8552029646912722,0.004477959772030924,-0.14522210437247338
Fánóir Bheag,Clare,-0.10566088475204564,-0.37609525793065973,0.011304470353271824
Sliabh na gCnocán,Clare,-0.06286187759514815,0.007120904190852835,-0.042190334135602414
An Grágán Thiar,Clare,0.22862107851324548,0.06574000655286857,0.08695354689744189
Cluain Duáin,Clare,-0.20407032223693766,0.10336351538985358,0.1001958237825073
An Tulaigh,Clare,-0.05764012422130716,0.09146437170268677,0.09608295179668742
Cill Chaoi Thoir,Clare,-0.356801349939063,-2.979360789963152,0.9877299326876448
Coimín an Chláir,Clare,-0.0002892064843179661,-0.0011935760042363652,-0.02607984926759325
Inis,Clare,-0.08352279784733851,0.054616364896986604,0.0349675462743042
Oileán Mhic Craith,Clare,0.256056296514287,-0.17957353097343715,0.04485971561254064
Edenvale,Clare,0.0,0.0,0.0
Drom Gaibhle,Clare,-0.0573350170758178,0.026388917522490764,0.012846253982045
Garraí na Móna,Clare,-0.01345162568984673,-0.00048319962351675225,-0.06822404252231638
An Chluain Mhuineach,Clare,-0.0354612976728337,0.040617153560065136,0.03128632077151449
Srath na nGealbhan,Clare,-0.045050942034067835,0.0022389903623097947,-0.019478073674890108
An Goirtín,Clare,-0.04750825628875171,0.004197119170750803,-0.016632909523057564
Cill Bhreacáin,Clare,-0.4956153207142069,-2.801152190569575,0.8672875278490668
Béal Átha Sheanáin Theas,Clare,0.032570122861566186,-0.062025101055225566,-0.1697721232656297
Baile Uí Choinín,Clare,3.312384629462911,-0.1109216879458653,-0.04465539390772335
An Chloch Liath,Clare,-0.10446443836512992,0.011379115683119313,-0.0425417301159014
Drom Bigid,Clare,-0.06347578766995841,0.022744571245361837,0.011801381810682344
Leifear,Clare,0.0,0.0,0.0
Seantulach,Clare,0.0,0.0,0.0
Lios Bocáin,Clare,-0.13306498076832848,0.06950047966612027,-0.118613693727156
Cluain Fhlaithín,Clare,-0.18719487351698474,0.16011892890503346,0.08011326707767512
Cnoc an Daingin,Clare,-0.25560770014270295,0.5048279488246118,-2.340518539024928
Maigh Ghamhnach,Clare,-0.06129448868771816,0.020909454105248942,-0.022134907164818658
Cruachán,Clare,-0.013689929290491653,0.0008456565207107156,-0.005161668798619203
An tOileán Gearr,Clare,-0.09366381831059774,0.07604725528876263,-0.008641359358960255
Baile Mhic Connaidh,Clare,2.0092518608841847,-0.22056349368867081,0.295175740110976
Baile Uí Dhuibh (Paterson),Clare,3.3512926447881894,-0.15289585132041872,-0.06753260786769807
An Ardchoill,Clare,-0.008925292594714437,0.0005447084746800315,-0.0033199489738795084
An Pháirc Nua,Clare,0.3614150744662381,0.09275988199875522,0.15923103005948636
Ros mBeannchair,Clare,-0.1167950762635073,0.13964003817674042,0.12691140728093475
Cathair Sheachnasaigh,Clare,-0.06887305651818929,0.025125909667483667,-0.03308781371585634
Ard Chearnaigh,Clare,-0.001398410677337189,0.10330831951670759,0.007096280503989683
Baile Uí Shí,Clare,3.2507026158874353,-0.10940009875534719,-0.03711456913086497
Baile Uí Mhaolchaoine,Clare,3.2507026158874353,-0.10940009875534719,-0.03711456913086497
Muairtheán,Clare,0.0,0.0,0.0
Coill na Crannaí,Clare,-0.005814648841794402,0.03186805099076262,-0.01368687421827267
Maigh gCoileáin,Clare,-0.06129448868771816,0.020909454105248942,-0.022134907164818658
Oileán Mhic Cnáimhín,Clare,0.20134742996516175,-0.16719457818270195,0.034447427088872204
Carraig Odhráin,Clare,-0.08876386083882833,-0.0582999459627238,-0.09740396606985802
Baile Uí Aodha Thuaidh,Clare,3.2975401592783986,-0.037099954704876974,0.14178875080674463
An Branán Beag,Clare,-0.09775175241677742,-0.36818968897162985,0.013338341857206344
An Doirín,Clare,-0.03175973309214262,0.006549075198796204,-0.012293462939983409
Baile Mhic Bhaiscinn,Clare,2.0092518608841847,-0.22056349368867081,0.295175740110976
Tír Léithín,Clare,-0.024690175948113433,0.024218307997487063,0.02157727558241321
Móin Fhríle Thuaidh,Clare,0.02984540934960292,0.1169768035491802,0.0993829844803067
Cnoc Droma Thuaidh,Clare,-0.5065277263991131,0.8398065471115548,-2.2842598720301037
Cluain Coll,Clare,-0.18719487351698474,0.16011892890503346,0.08011326707767512
An Leithinse,Clare,-0.006338794198808862,0.0003848814901788078,-0.0023443942237968995
Formaoil Íochtarach Thiar,Clare,0.3471429602904625,-0.08364044577139335,0.032012645071486205
Cathair Mionáin Thoir,Clare,0.043025409289484395,-0.2564411200093941,0.07141737833976082
Cill Fhionnúrach,Clare,-0.4686998157467367,-2.6977937602862743,0.8832247406320276
Maigh Mór Thuaidh,Clare,-0.4066453721606774,1.8060978296363388,2.2794074232174197
Oileán na bPortán,Clare,-0.11329063062073298,0.0012790144850757263,-0.0774138043135638
Leathbhairrín,Clare,0.0,0.0,0.0
Cnoc Phádraig,Clare,-0.29100809665319505,0.33172343647948455,-2.3282019994014744
Dumhach,Clare,-0.013218885033489346,0.003646396764001582,-0.0007836805521814224
Cnoc Sagart,Clare,-0.2155377115398013,0.5109382842655343,-2.4187105675230267
Bréachmhaigh,Clare,-0.005477751539203107,0.0019413408223977995,-0.0014088272621127045
Cluain Cholmáin,Clare,-0.24472868281166113,-0.13282659788322612,0.1784638844478627
Cluain Draighneach,Clare,-0.21125867170296364,0.1155180236557632,0.09451864670899343
Doire Gaoithe,Clare,-0.19751571616960412,0.023281397246426833,-0.0391391343301003
Bréachmhaigh Thiar,Clare,0.22314332697404238,0.06768134737526638,0.08554471963532918
An Leathbhaile Thuaidh,Clare,-0.00834033379908091,0.10994999338479917,0.16311918807689257
Maigh Fhada,Clare,-0.15054313720592358,0.058348089222745717,-0.06958166577164135
Baile an Átha,Clare,1.7500005952447188,-0.04376756627325492,0.15094508391662967
Ceathrú an Uisce Theas,Clare,-0.10119767675175406,-0.06948934839802004,-0.09759616584410256
An Chrois Mhór,Clare,-0.3666091088544056,1.7112350906862341,2.1739375721412624
Cill Mhuire Thoir,Clare,-0.3883620408835491,-3.0816306672798732,1.0144885699338635
Cionn Léith,Clare,-0.029789008401048415,0.04131108402813895,0.017065900838078057
Craig Uí Chiarabháin,Clare,1.5560888155891452,-0.05731019773445404,-0.22042907783940502
Imleach,Clare,-0.02648006368851162,-0.00368729728294257,-0.00662521468613696
Glaschluain,Clare,0.0,0.0,0.0
Barrán Íochtarach,Clare,0.118521881777217,-0.14938045232426192,-0.054940901825955686
An Chorrghráig,Clare,-0.008925292594714437,0.0005447084746800232,-0.003319948973879522
Tromráth Thiar,Clare,0.22862107851324548,0.06574000655286857,0.08695354689744189
Caisleán Tromráith,Clare,0.029884390363814104,-0.0005274965581573636,-0.03395475576594511
An Carnán,Clare,-0.006338794198808865,0.0003848814901788026,-0.0023443942237969173
An Mhóin Mhór Uachtarach,Clare,-0.42800164299544036,1.891713670166359,2.3759553688976975
Doire Locha,Clare,-0.07327588904613036,-0.018978246510069366,-0.017416666872254617
An Cheathrú Bhán,Clare,-0.13531539561430317,0.1101170844529947,0.07981258047657667
Ceathrú Bhluach Bheag,Clare,-0.17545079679464742,-0.30209251158108824,0.09534097978342423
Ceathrú Bhluach Mhór,Clare,-0.42186547153282017,1.7410486712436328,2.219503709981555
Maigh Fhearta Theas,Clare,-0.05049505260365537,-0.057157220691922105,-0.1177027495256594
An Clochán Beag,Clare,-0.13359634001895543,-0.37688880079300047,-0.0020426968330265974
Cluain Coinín,Clare,-0.18719487351698474,0.16011892890503346,0.08011326707767512
Ráth Úna Thiar,Clare,0.10399774749196258,0.22246530132608489,0.2038536922690894
Bile,Clare,0.0,0.0,0.0
Lios an Fhéir,Clare,-0.14184639365935434,0.07152689403825842,-0.12380989559338221
An Baile Glas,Clare,1.6875569605377287,-0.015222489994386156,0.06901508300515699
Caisleán an Chalaidh,Clare,0.03833602616748452,-0.004145364211308095,-0.03909112442359851
An Leathchoill,Clare,-0.008925292594714437,0.0005447084746800255,-0.0033199489738795058
An tSeanchill,Clare,-0.006338794198808865,0.000384881490178806,-0.002344394223796911
Srath an Mhuicín,Clare,-0.045050942034067835,0.0022389903623097947,-0.019478073674890108
Dromainn an Chaolaigh,Clare,-0.025001094558421023,0.007168107604586031,-0.01761785401090519
Droim Saileach (Parker),Clare,-0.2808930335865058,0.24029341749455702,-0.11687550298588174
Clochdhoire,Clare,0.0,0.0,0.0
Gort an Choirce,Clare,-0.16843285687697535,0.15665895123360293,0.037964581461882585
Cill Mochuille,Clare,-0.4686998157467367,-2.6977937602862743,0.8832247406320276
Meánach,Clare,0.039777033025186016,0.007148933354036475,-0.0035521851848878527
Doire an Longfoirt,Clare,-0.1611278623196039,-0.033927423354651556,0.011695547128632059
An Chreatalach Choille,Clare,0.0,0.0,0.0
Ceapach na Slis,Clare,-0.0034658164908973874,0.0018244249708367253,-0.011022094419219138
An Doire Mór,Clare,-0.48328436929589447,1.6377126208433954,2.1590823138618442
Gort Gearráin,Clare,-0.1551452907118627,0.15296560883452331,0.04223555705045017
Cluain Gaoithín Thoir,Clare,-0.07529640770931106,-0.12144810077184434,0.18461845913329228
Diméin Dhún Easa,Clare,0.17765291205062606,0.06952224204992861,0.039618686453846974
An Rinn Rua,Clare,-0.20827986416836508,0.17564498205346532,-0.4479248606790667
An Chorr Liath,Clare,-0.11908661645820001,0.015966257764549418,-0.05506923991678829
Baile an tSléibhe Theas,Clare,1.7374999695650992,-0.12825828677910459,0.09276984002386375
Ceathrú an Eireabaill,Clare,-0.06226065343957992,0.03472444658878582,0.03274964974736275
Ardchluanaigh,Clare,0.0,0.0,0.0
An Caithrín,Clare,0.0,0.0,0.0
Currach na gCros,Clare,-0.08141608006193521,0.02092132398638872,-0.006878560055869832
Doire Mhine,Clare,-0.13911794214094428,-0.03723887300969581,0.02158124180650758
Cúil Uí Riada,Clare,1.490251543613668,-0.005209055843391611,-0.249044361449897
Cathair Urthaile,Clare,-0.06887305651818929,0.025125909667483667,-0.03308781371585634
An Sián,Clare,-0.020578799998793692,0.03353667514148287,0.037080257129595895
Ceathrú na Coille,Clare,0.001547778282370564,0.042624734536421995,-0.008709560462610802
Moing an Chaithrín,Clare,-0.018985238293755015,0.0034021309879255653,-0.0038842196705181076
An Chathair (Power),Clare,-0.06887305651818929,0.025125909667483667,-0.03308781371585634
Gort an Leasa,Clare,-0.1496097738249547,0.15541512185726802,0.04053504443223272
Baile an Ruáin,Clare,1.7710894022119712,-0.05234514469536225,0.1860750511945786
An Barr Garbh,Clare,-0.06027031149026099,0.012238053609796058,-0.03386552615881174
Na Ceapacha,Clare,-0.006338794198808865,0.00038488149017880814,-0.002344394223796917
Gort na Scríne,Clare,-0.1488293967171271,0.16192614653169532,0.044520077661720885
Gaíníní,Clare,0.0,0.0,0.0
Ros an Iúir,Clare,-0.09652271070016931,0.14070967241760268,0.13168930181704205
An Garrán,Clare,-0.01660456635259082,0.047074740837897845,0.03217386586233299
Both Eite Thuaidh,Clare,-0.02487140754049049,0.14378097837392143,0.20214031795301912
Doire Odhráin Thoir,Clare,-0.025575364695552015,-0.3776499429501626,0.14313358237594187
Doire Con Íochtarach,Clare,-0.04737171952645693,-0.1828354325385095,-0.04221007999204812
An Cheathrú Ghearr,Clare,-0.08730738463800765,0.08654420961824848,0.07737967359605553
An Cheapach Rua,Clare,-0.19292232215327762,0.19716522398066566,-0.3978527118826125
Eanach Néill,Clare,0.031074919504759917,0.03219579145351859,0.03568096386700177
Doire Chéad gCrann,Clare,-0.13911794214094428,-0.03723887300969581,0.02158124180650758
Fómarla,Clare,0.0,0.0,0.0
Drom Mothláin,Clare,-0.06347578766995841,0.022744571245361837,0.011801381810682344
Gort na gCurrach,Clare,-0.1551452907118627,0.15296560883452331,0.04223555705045017
Dúros Thoir,Clare,0.11189846580767368,-0.2815670296768778,0.10450519205561716
Dúros,Clare,0.0,0.0,0.0
Cluain Lúirne Beag,Clare,-0.2849466259337622,-0.2080707600665964,0.09345160893488147
An Lochán Thuaidh,Clare,-0.024942932958016785,0.17145984308210513,0.2276257638300455
Maidhm Talún,Clare,-0.012302703133025868,0.000498228965605252,-0.005014560131898586
An Baile Crom,Clare,1.7170633133225386,-0.052967922770002195,0.185520867985784
An Fhaiche,Clare,-0.013142943219171466,-0.012309566282958654,-0.00280448794292017
Cuileannach,Clare,-0.014554412502319316,0.03624857892183846,0.043493041841421
Cnoc an Lócháin,Clare,-0.254452667472375,0.5132998914068834,-2.391275419134539
Bun an Bhóirígh,Clare,-0.06970394234488612,0.02309915234741794,-0.008402233398355781
Ceapaigh an Bhaile,Clare,1.7246184142954044,-0.05870674345844162,0.17844656777231202
Cathair Bolg,Clare,-0.06887305651818929,0.025125909667483667,-0.03308781371585634
Coill na Coirre Léithe,Clare,-0.005814648841794402,0.03186805099076262,-0.01368687421827267
An Dogairne,Clare,0.0,0.0,0.0
An Foiríre,Clare,0.0,0.0,0.0
Loch Ghort na gCeann,Clare,-0.3123152661990729,0.2890107372369566,0.03733919969632052
Rinn Inis Cuilinn,Clare,-0.14871666662179991,0.07255947486791593,-0.0005917906682882836
Cnoc Fhiachra,Clare,-0.25560770014270295,0.5048279488246118,-2.340518539024928
Cnoc na Láire Báine,Clare,-0.26976815074966526,0.5159532017758804,-2.3957972821052067
Caisleán Léim an Eich,Clare,-0.011916665554394155,0.020588977665573098,-0.06488508393458
Martraí Beag,Clare,-0.09775175241677742,-0.36818968897162985,0.013338341857206344
Loch Dhrom Cuirrín,Clare,-0.26016423313005305,0.25720012842049245,0.04793659832010855
Bá na Maighne,Clare,-0.013392497009168716,0.02882311989144519,0.03104010070333325
Cuan Mhuicinse,Clare,-0.04269059501076169,0.07740282377639914,0.0943490721984462
Pella,Clare,0.0,0.0,0.0
Teampall Naomh Fhlannáin,Clare,-0.027618193732824252,-0.01830683616955781,-0.022142995372324135
Caisleán Sheanmhuicinse,Clare,0.029884390363814104,-0.0005274965581573636,-0.03395475576594511
Abhainn na hAille,Clare,-0.12751803293543204,0.14749001109106916,0.11251359718743763
Abhainn Bhuaile Fhraoigh,Clare,-0.16913854549420088,0.13931658169611036,0.0984019597063331
Abhainn Ó gCearnaigh,Clare,-0.11375116274106617,0.13995055615542817,0.11119854415019738
Loch Bhaile Uí Leáin,Clare,2.990538382757382,0.14780002966514527,0.010822029189243576
Áth Longfoirt,Clare,-0.12010634932825516,0.05196047238713847,-0.04284969476729448
An Carn,Clare,-0.03567833231530644,0.030990846410045413,0.023914673706764474
An Chreatalach,Clare,0.0,0.0,0.0
Fánóir,Clare,-0.007909132335268224,-0.007905568959029875,-0.00203387150393452
Loch Inse Chrónáin,Clare,-0.2424115558741316,0.2919548303387165,0.05713687896878995
Míleac,Clare,-0.006338794198808865,0.0003848814901788159,-0.0023443942237969125
Pointe Chill Choradáin,Clare,-0.09143293595285511,0.11035478507922461,0.06644865091418578
Mainistir Chuinche,Clare,-0.030980600602027557,-0.0020594098739249466,-0.010603862517742025
Ard na Croise,Clare,-0.0652833316477202,0.10955975354311837,0.017803633968931434
Baile na Caillí,Clare,1.7145971274846876,-0.10722517866699327,0.20238507657730523
An Chlaonach,Clare,0.0,0.0,0.0
Cluaine,Clare,0.0,0.0,0.0
Cúil Mhín,Clare,-0.10341467807277371,0.08381053778773961,-0.13400452685956354
Doire na gCiotach,Clare,-0.13911794214094428,-0.03723887300969581,0.02158124180650758
Inis (Uimh.4 Uirbeach),Clare,-0.0861046110357181,0.0651116196163578,0.04036775419576737
Inis (Tuath),Clare,-0.06316016309226576,0.05882614508566566,0.034747452997932714
Cill Chloichir,Clare,-0.4830061714399361,-2.7578482148533676,0.9011775499021828
Cill Iúráin,Clare,-0.4686998157467367,-2.6977937602862743,0.8832247406320276
An Chill,Clare,-0.06894867996027014,0.07855962207187425,0.0502165898064338
Cuinche,Clare,0.0,0.0,0.0
Baile Átha an Ghabhann,Clare,1.7988114881243153,-0.042138183501553884,0.15564641931874984
Teampall Uí Mháille,Clare,1.5535166057280962,-0.033511271627837014,-0.20724971807194398
Tobar Bhríde,Clare,-0.15364459755943666,-0.2439031091851832,0.02307998038279197
Cathair Chonaill,Clare,-0.06737922841988067,0.030277222192701337,-0.04243096484711837
Baile na Caillí,Clare,1.7145971274846876,-0.10722517866699327,0.20238507657730523
An Chreagach,Clare,0.0,0.0,0.0
An Choill Bhán,Clare,-0.15131909629450738,0.22078512241213988,0.2491498955767629
Drom Gaibhle,Clare,-0.0573350170758178,0.026388917522490764,0.012846253982045
Dún an Daill Rua,Clare,-0.26488888618530887,0.2814183420401912,-0.3380840188561214
Cairbrigh Thoir (an Roinn Thiar),Cork,0.3417245234263507,-0.2335848159358382,0.20089098896934135
Cairbrigh Thiar (an Roinn Thoir),Cork,0.3417245234263507,-0.2335848159358382,0.20089098896934135
Mainistir na Sruthrach,Cork,-0.030980600602027557,-0.0020594098739249466,-0.010603862517742025
Ard Ó bhFicheallaigh,Cork,-0.0552423122571117,0.10327226034324428,0.025312495485484404
Baile Átha hÚlla,Cork,1.7500005952447188,-0.04376756627325492,0.15094508391662967
Bruíonaigh,Cork,0.0,0.0,0.0
Bréachmhaigh,Cork,-0.005477751539203107,0.0019413408223977995,-0.0014088272621127045
Caisleán an Mhaignéaraigh,Cork,0.02393226578587905,0.0005630736608392463,-0.03740826900016735
Claonúir,Cork,-0.006338794198808865,0.00038488149017880537,-0.0023443942237969173
Inis Eonáin,Cork,-0.08352279784733851,0.054616364896986604,0.0349675462743042
Cill Fachna Bheag,Cork,-0.566451568163514,-3.065983449257904,0.896563082489234
Cill an Eallaigh,Cork,-0.49035746394836777,-2.7406206178061545,0.8503931675228509
Cill na Martra,Cork,-0.4825680626358715,-2.7581545383345434,0.901442223712541
Lios Cléirigh,Cork,-0.13306498076832848,0.06950047966612027,-0.118613693727156
Maigh Chróine,Cork,-0.07131091753828414,0.01970870115355649,-0.027269452211090214
Baile an Mharascalaigh,Cork,1.69461380029829,-0.05208990102089315,0.18331450870854005
Mainistir na Móna,Cork,4.926506558449589e-05,0.0046805119972565725,-0.0752621363643369
Teampall Molaga,Cork,-0.0025722098610490044,0.023798926106617022,0.013179359767461055
An Tulach,Cork,-0.04343881897331479,-0.0590558602905874,0.0569896228753483
Baile an Fháltaigh,Cork,1.69461380029829,-0.05208990102089315,0.18331450870854005
Baile an Locha,Cork,1.7604558533931038,-0.0338292745212667,0.14431660002977786
Cill na Mallach,Cork,-0.4686998157467367,-2.6977937602862743,0.8832247406320276
Dún Uisce,Cork,-0.1634588004557745,0.0902288596414736,0.03423228596883826
Cill Briotáin,Cork,-0.4686998157467367,-2.6977937602862743,0.8832247406320276
Maigh Cluana Aichidh,Cork,-0.0782105574586422,0.034176187953090104,-0.07474473325783625
Paróiste Mhuire,Cork,-0.052113152563208906,-0.10727814979900462,0.020722561777392852
Mainistir na Corann,Cork,-0.030980600602027557,-0.0020594098739249466,-0.010603862517742025
Ráth Drochta,Cork,-0.12002901962883608,0.15144999138927867,0.1145533661804946
Clais an Aifrinn,Cork,-0.02414515465347427,0.028860707175881063,0.020244443872119988
Cloichín an Bhodaigh,Cork,-0.010947077334595306,0.0024810661406965548,-0.00040203044483621674
Gallaigh,Cork,0.0,0.0,0.0
An Goirtín,Cork,-0.04750825628875171,0.004197119170750803,-0.016632909523057564
Maoileann,Cork,0.0,0.0,0.0
Achadh Eochaille Beag,Cork,-0.19369676964023944,-0.34617321697505693,0.007988869357146586
Coill na Maoile,Cork,-0.016207526871905048,0.03399306230228823,-0.01852814295227626
Páirc Chill Cholmáin,Cork,-0.12815420422576984,-0.1304701545835317,0.22467990876412963
Carraig Cheannann,Cork,-0.0904079724765469,0.0005440943008651592,-0.11445111458367516
Fearann an Ghabha,Cork,-0.03527450861564423,-0.004258765376983567,-0.033967626554315726
An Scairt Uachtarach,Cork,-0.020692253337719325,0.005418379233718067,0.03445970371014194
An Láithreach,Cork,-0.0135995093776311,0.0008377379607584825,-0.0051116285325735235
Doire Garbh Thoir,Cork,-0.04422181626986793,-0.3102108445869208,0.12260080384616417
Seanach,Cork,-0.006338794198808865,0.0003848814901788081,-0.002344394223796917
Garrán an Bháitéaraigh,Cork,-0.01660456635259082,0.047074740837897845,0.03217386586233299
An Clochán,Cork,-0.03584458760217801,-0.008699111821370644,-0.015381038690232942
Ard an Chloig Uachtarach,Cork,-0.062238603802382865,0.10776482870312604,0.06409636268687899
An Carraigín,Cork,-0.010789408893459385,-0.00297895601267235,-0.01953312131087632
Fearann an Locha,Cork,0.037800003395409815,0.012846661453835163,-0.06943693738927731
Baile Níos,Cork,1.69461380029829,-0.05208990102089315,0.18331450870854005
Garraí an Drúigh,Cork,-0.04448149135745878,-0.007223121494698272,-0.003565768675721497
An Tulach Ghlas,Cork,-0.050495658733875945,-0.02218844926408041,-0.05730980282803476
Cnoc Ó dTuama,Cork,-0.25560770014270295,0.5048279488246118,-2.340518539024928
Garrán an Chunlaigh,Cork,-0.01660456635259082,0.047074740837897845,0.03217386586233299
Drom Bró,Cork,-0.07502902785203153,0.025221815054567852,0.009259477153173993
Inse Chloch,Cork,-0.019706633516043095,0.03904239041312884,-0.0074051144086638
An Seandrom Beag,Cork,-0.09775175241677742,-0.36818968897162985,0.013338341857206344
An Drom Liath Theas,Cork,-0.1117711376502414,-0.04962257939507618,-0.10530978516892059
An Seisceann,Cork,-0.011327596892309173,0.000694628809161457,-0.004236112940358229
An Cheapach Bhuí Bheag,Cork,-0.1661713401649529,-0.3324971641203239,0.01792593669442541
An Inse Rua,Cork,-0.14132420939866946,0.20118896715878834,-0.4022870078466968
Com an Chnámhlaigh,Cork,-0.0005656266476772031,-0.0011709245294156568,-0.014686404287123199
Rinn an Dísirt,Cork,-0.05659146838957137,0.00983002260383172,-0.03967762297156015
Ceann Rúscach,Cork,-0.03492091786464341,0.008456120388138526,-0.01264186523363851
Móintín Sodair,Cork,-0.006338794198808865,0.00038488149017880846,-0.0023443942237969142
Cluain Uí Ghormáin,Cork,1.373282082278402,0.05059099949516242,-0.1237469416669037
Meall an Bhaird,Cork,0.00671512963497215,0.021366737152459445,0.025997846700509586
Gort na Cille,Cork,-0.14888235828642357,0.16141104316994986,0.044994013345176435
Ros Caorach,Cork,-0.1437166472361796,0.15167897942702818,0.12352736076383279
An Chlais,Cork,-0.019896341147161767,0.00619066991968458,-0.01733512457388982
Cró Choingil,Cork,-0.03194727813357439,0.03612348529105475,0.026071596951066072
Trá na hÁithe,Cork,-0.04686008642407995,-0.009725066807406927,0.025512117326169495
Na hAilichí,Cork,0.0,0.0,0.0
Cathair Mhaoile Bó,Cork,-0.06766495908437505,0.03951688896019139,-0.042302244062151634
An Chaológ,Cork,-0.011327596892309173,0.000694628809161451,-0.004236112940358235
An Rinn,Cork,-0.049202977513774164,0.009210716812901025,-0.03643757218368855
Ceapaigh an Mhuicí,Cork,0.02322186769972294,-0.004321466823878327,-0.005088807845468549
An Currach,Cork,-0.05432225993390904,0.05887788044984947,0.026815340826016238
An Scairt,Cork,-0.013695961792448162,0.000925810873836321,-0.0043241634912526425
Cluain Troim,Cork,-0.20511539048837946,0.16542447210999822,0.07797912655684319
Coimín Doirín an tSagairt,Cork,-0.0036466255390260743,0.011319077947544961,-0.11430135947554057
An Tuar Mór Thoir,Cork,-0.26658329452949503,1.4499284454535084,2.3060361532493308
Oileán Ealbhach,Cork,-0.11329063062073298,0.0012790144850757263,-0.0774138043135638
An Searrach,Cork,-0.010518216121445488,0.006176203148739655,-0.001228408215140974
Barraigh Rua,Cork,-0.1590768866545909,0.1664342652405643,-0.4114872884953782
Baile Mhá,Cork,1.69461380029829,-0.05208990102089315,0.18331450870854005
Na Grianáin,Cork,0.0,0.0,0.0
Bothanach,Cork,0.0,0.0,0.0
Clais an Roisín,Cork,-0.015466045008350028,0.03614715057380744,0.021621485425828844
An Gaorthadh,Cork,0.0,0.0,0.0
Teampall Brianaid Thuaidh,Cork,-0.003756666179058138,0.1340358077846157,0.17722061809436263
Baile Uí Uallacháin,Cork,3.3645624959648153,-0.10858153372425168,-0.0941441449662245
Carraig an Chapaill,Cork,-0.11427557417618964,0.014733925355742378,-0.16716141908270285
Cnocán an Mhaoilín,Cork,-0.05816356271089497,-0.05656238312708992,-0.026568570690198093
Meall Meáin,Cork,-0.026693969706569357,0.024530902960837205,0.022504707194872162
An tOileán Gallda,Cork,-0.03974526217955883,0.07265162695832833,-9.27527535190863e-05
An Briotás Thuaidh,Cork,-0.0011844563180091337,0.11023688167799868,0.16404125832690158
An Cheathrú,Cork,-0.07844812250967578,0.08244646826097791,0.07617718802472594
Gort na gCaorach,Cork,-0.18462205329196021,0.16575630431813343,0.03602310491303473
An Chlogach Theas,Cork,0.012671547614548574,-0.08086284856620977,-0.09564181807525103
An Choillíneach,Cork,-0.006338794198808865,0.0003848814901788091,-0.00234439422379692
Cnoc na nOs,Cork,-0.25560770014270295,0.5048279488246118,-2.340518539024928
An Drom Garbh Thiar,Cork,0.14814295090668972,0.09707963589788324,0.09526929869216368
Leaca na Luaithe,Cork,-0.03814220732332386,0.02807953509513923,0.026375139255579327
An Lios Dubh,Cork,-0.2754670520864815,0.14900471789436828,-0.3016351679612178
Meall an tSrutháin,Cork,0.026956727820259284,0.032566533606880846,-0.018115264285250787
Domhnach Mór,Cork,-0.36227685147944005,1.7090726938925054,2.1734283624577584
An Rinn Theas,Cork,-0.030493199900891766,-0.0702478610157515,-0.1276124041047353
Leitir Colm,Cork,-0.030539664467563555,0.005110076058604319,-0.051820443816929185
An Chnapóg,Cork,-0.008643154452075221,-0.0011433719791893314,-0.005323848838441843
An Tulaigh Mhór,Cork,-0.4018065513762573,1.766415865555778,2.233584023852024
An Baile Breac,Cork,1.7103772851832655,-0.014668568645096719,-3.2674339194932456e-05
An Chloch Fhada,Cork,-0.12670795929016995,0.04172632361240156,-0.0640521536641679
Baile Ghiobúin,Cork,1.7674863330841442,-0.0594503077343941,0.19628958180680317
Cnoc an tSrutháin,Cork,-0.21566749949697492,0.5134293027732968,-2.3816819708634087
Baile an Bhuitléaraigh Mór,Cork,1.3973718704207099,1.6542393667492874,2.3681214236496366
An Corrbhaile Thuaidh,Cork,-0.02033269725331921,0.10656028399685924,0.16067290714109964
Baile an Ghleanna,Cork,1.7271613453925534,-0.049805440750896976,0.1843967589510381
Baile Sheinic,Cork,1.69461380029829,-0.05208990102089315,0.18331450870854005
Baile an tSagairt,Cork,1.7346837889011917,-0.04597956557997058,0.10512248021044149
Carraig Uí Leighin Láir,Cork,1.5140226996747377,-0.03975183407554152,-0.37498917271455956
An Ghlaise Bhuí Thuaidh,Cork,-0.04972658847715761,0.1093396576668065,0.15200044501157955
An Ghlaise Bhuí Theas,Cork,-0.02983235454626608,-0.08035580183984471,-0.1032156452363688
Carraig Ruacháin Bheag,Cork,-0.20558265374096815,-0.37932029757976804,-0.10711658492160986
Carraig Uí Chnáimhín,Cork,1.5490031073225927,-0.057719381601467355,-0.3502925379634314
An Muine Fliuch,Cork,-0.036600552928732495,0.05986474068643795,0.05388613482278973
An Cóbh,Cork,0.0,0.0,0.0
Baile Mhic Liam,Cork,2.121089396109499,-0.2048496849070822,0.35307238348735837
An Corrbhaile,Cork,-0.019148240935310076,-0.00367659768113944,-0.0033683511858019592
Tigh an Chnoic,Cork,-0.029962899900667483,0.006641438118582092,-0.03589119667091578
Baile na nImleach,Cork,1.69461380029829,-0.05208990102089315,0.18331450870854005
Lios Meathán,Cork,-0.13306498076832848,0.06950047966612027,-0.118613693727156
Maigh Ghuala,Cork,-0.06129448868771816,0.020909454105248942,-0.022134907164818658
Cnoc an Ghogánaigh,Cork,-0.25560770014270295,0.5048279488246118,-2.340518539024928
Baile Bhallúin,Cork,1.69461380029829,-0.05208990102089315,0.18331450870854005
An Caisleán Nua,Cork,0.39297117980087554,0.008316635307744234,0.049163572706033005
Baile an tSeanaigh,Cork,1.69461380029829,-0.05208990102089315,0.18331450870854005
Cnoc an Lisín,Cork,-0.2796387550260703,0.5164352769901623,-2.3934493313534326
Garrán Darach,Cork,-0.03656522294935062,0.05326523252784618,0.03224155065071761
Baile Phirín,Cork,1.69461380029829,-0.05208990102089315,0.18331450870854005
Achadh Dubh,Cork,-0.22372457920599903,0.10484474447871794,-0.1869253635837502
An Millín,Cork,-0.014342367690363844,0.0020653272137701063,-0.00907314471170182
Móin an Fhiaigh,Cork,0.021896552252689522,0.009339033204142328,-0.06866176626678903
Cnocán an Cholúir,Cork,-0.043484366649424955,0.003615820030605863,-0.04464949916661952
An Chúirt Bhreac,Cork,-0.03023296258394158,0.00379757563023955,-0.005658796015421361
An tArd Mór,Cork,-0.3654755746829888,1.744461901811834,2.2207764567367287
An Pháirc,Cork,-0.0016717149708233168,0.08391575013285363,0.07611270158750826
Baile an Mhanaigh,Cork,1.7304888555640816,-0.053469241406932884,0.18526569763102776
Na Lisíní,Cork,0.0,0.0,0.0
Baile an Mhuine Theas,Cork,1.7339714459248536,-0.17718388992582443,0.05980332171675199
Baile an Chollaigh,Cork,1.69461380029829,-0.05208990102089315,0.18331450870854005
Baile Uí Mhaoláin,Cork,3.2816312777583216,-0.16928475396342196,-0.02136383084408912
Cill Bharra,Cork,-0.4686998157467367,-2.6977937602862743,0.8832247406320276
Na Cillíní,Cork,-0.009873231889048772,0.0006959905578350153,-0.00424723562830833
An Mhóin Ard,Cork,-0.13208123655233076,0.3155418682966304,0.22498292512645066
Achadh Caorach,Cork,-0.10824407886051833,0.03737944750075768,-0.00728793586679038
Alltach Riabhach,Cork,-0.06805500728985271,0.028213066847148093,-0.008305652961400544
Cluain Creigín,Cork,-0.18719487351698474,0.16011892890503346,0.08011326707767512
An Doirín,Cork,-0.03175973309214262,0.006549075198796204,-0.012293462939983409
Lios na Bruíne,Cork,-0.14650327484433606,0.07594224850481396,-0.12382392663329851
An Meall Corrach,Cork,-0.02022939758325541,0.024971096766993717,0.02020088441587453
Currach Uí Chrualaoich Thiar,Cork,1.7303876341684816,0.067307689268264,-0.10666019011594689
Cill Cháscann,Cork,-0.49009751532619744,-2.8189001978729915,0.9220041010168513
Cill Bheanáin,Cork,-0.4686998157467367,-2.6977937602862743,0.8832247406320276
Doire Uí Ríordáin Theas,Cork,1.4356806510610833,-0.17400764857280238,-0.29002266795394416
Doire Mhic Coirnín,Cork,0.17552011844495044,-0.20571246567747348,0.1334424732089436
Caolmhagh Beag,Cork,-0.09775175241677742,-0.36818968897162985,0.013338341857206344
Caol Churraichín,Cork,-0.03153859615811635,0.03472597966440706,0.02862464455734576
Gort an tSeanbhaile,Cork,-0.1551452907118627,0.15296560883452331,0.04223555705045017
Inse Uí Ghrádaigh,Cork,1.5738414928450666,-0.022555495816229988,-0.21122879719072363
Móin an Mhadra,Cork,0.00698535863633926,0.022493322640559133,-0.13012894506075817
Tír an Easaigh,Cork,-0.024690175948113433,0.024218307997487063,0.02157727558241321
Cnocán an Ghiorria,Cork,-0.043484366649424955,0.003615820030605863,-0.04464949916661952
Muine na Croiche,Cork,-0.03969057158977918,0.06277198449365473,0.05333002771229091
Gort an Iúir,Cork,-0.13487292514852472,0.15403524307538558,0.047013451586557474
An Chúil Cham,Cork,-0.07647842784364187,0.052981013905230696,-0.03210564389693207
Cúil an Mhóinteáin,Cork,-0.06583727197547709,0.05210114189106243,-0.02861528361049199
An Goirtín,Cork,-0.04750825628875171,0.004197119170750803,-0.016632909523057564
Cluainte Uí Chuirc,Cork,1.5608686828165863,-0.05730267315284079,-0.23086256162855173
Baile Uí Shealbhaigh,Cork,3.2925730136672935,-0.10641809410776125,-0.04283223574856029
An Garraí Bán,Cork,-0.060030229041497976,0.13653207798412903,-0.042576806079904564
Na hEanaigh,Cork,0.0,0.0,0.0
Cúil Cheiliúir,Cork,-0.06583727197547709,0.05210114189106243,-0.02861528361049199
Doireach,Cork,0.0,0.0,0.0
Gabhal an Chuilinn,Cork,-0.026290427907499917,0.026273939802094425,-0.09531092454812766
Seanchorrán Thiar,Cork,0.22862107851324548,0.06574000655286857,0.08695354689744189
Baile Uí Mhaoileoin Thiar,Cork,3.479323694400681,-0.043660092202478615,0.04983897776657692
Bocraí,Cork,0.0,0.0,0.0
Béal an Átha,Cork,0.013860345248683785,0.01743347677342697,-0.07859729134458297
Barr na dTaobhán,Cork,-0.043267971553663666,0.003642995510143226,-0.030379896142851182
Áth Cairn Thiar,Cork,0.13052464936364994,0.11438902928496278,0.05398954680802293
An Gleann Trasna Theas,Cork,-0.068320717008659,0.02096537420796105,-0.0034271009838874322
Baile an Chamhaicigh,Cork,1.69461380029829,-0.05208990102089315,0.18331450870854005
An Bhuaile Dhorcha Theas,Cork,-0.01900708722133873,-0.09067966727205809,-0.10550937815230352
Páirc an tSimné,Cork,-0.0016717149708233168,0.08391575013285363,0.07611270158750826
Baile na mBodach,Cork,1.7920391887771303,-0.05608717568766562,0.1954752487407625
Cnoc an Trasnáin,Cork,-0.25560770014270295,0.5048279488246118,-2.340518539024928
Baile an Ghreallacháin,Cork,1.69461380029829,-0.05208990102089315,0.18331450870854005
Baile Riobaird,Cork,1.7367970991576742,-0.05375847010944825,0.1880525711712256
An Baile Trasna,Cork,1.7399605801592217,-0.05138235993454883,0.18815711710416572
Teamhair Mhór Íochtarach,Cork,-0.24515114912566147,1.5912970796241104,2.167084034716395
Coill an Mhaignéaraigh,Cork,-0.011766773419729457,0.03295862120975923,-0.017140387452494913
An Carraigín Thoir,Cork,0.10110905691421429,-0.28454598568955014,0.08497207074474084
Littlegrace,Cork,0.0,0.0,0.0
Lios na Bruíne Thuaidh,Cork,-0.1476877311623452,0.18617913018281262,0.04021733169360307
An tSeanchoill Íochtarach,Cork,0.11306563984758478,-0.15508741157704523,-0.05982348757384354
Dún Táithín,Cork,-0.10581199953071796,0.11498407679962692,0.07340326963925684
Baile na hAbha (Murrogh),Cork,1.78545596919117,-0.0531304875867464,0.19573217318040811
An Dúinín Thuaidh,Cork,-0.01023311227146046,0.11321899272625324,0.16517913212069052
An Lios Liath,Cork,-0.20007010836149386,0.0765919068543348,-0.1445500287857122
Baile Uí Chuáin,Cork,3.271471344373968,-0.190223686790704,0.04455332274710508
An Baile Ard,Cork,1.6393714880411783,0.051182359322351136,0.20862700419402444
Baile na nGeimhleach,Cork,1.69461380029829,-0.05208990102089315,0.18331450870854005
An Baile Ard,Cork,1.6393714880411783,0.051182359322351136,0.20862700419402444
Móin an Eanaigh,Cork,-0.0010835603828658683,0.02540916696573758,-0.07260557539524085
Baile Uí Ghliasáin,Cork,3.2507026158874353,-0.10940009875534719,-0.03711456913086497
Cill an Mhuilinn,Cork,-0.43565782910939893,-2.759684830865518,0.9139951811141277
An Coimín,Cork,-0.011956881049785104,-0.001340332692173814,-0.023815868037458596
Baile an Droichid Íochtarach,Cork,1.8219605420187677,-0.20141759062490364,0.12499502013566977
Cill Fhiontain Thuaidh,Cork,-0.4698842720647458,-2.5875568786082757,1.0472659989589292
An Gleann Riabhach,Cork,-0.19311771951915063,0.12693179321980813,0.07707948726671349
An Port Dubh,Cork,-0.17813195621427533,0.08639695078190812,-0.19740917398413024
Baile Mhic Philib,Cork,2.089915432087059,-0.21721652943000308,0.2597016249284091
Baile na mBodaichíní,Cork,1.69461380029829,-0.05208990102089315,0.18331450870854005
An Lisín,Cork,-0.02403105488336732,0.011607328165550572,-0.05293079232850462
Creig Ó Loimpre Thuaidh,Cork,-0.014663434105046115,0.11328378588296265,0.16229266923293434
An tSeanchluain,Cork,0.0,0.0,0.0
Baile an Rois,Cork,1.6849914455753603,-0.15258582766993672,0.21205042714540792
Maigh Dhriseáin,Cork,-0.06129448868771816,0.020909454105248942,-0.022134907164818658
Cúil Mhúcháin,Cork,-0.06583727197547709,0.05210114189106243,-0.02861528361049199
Cill Chloiche,Cork,-0.4686998157467367,-2.6977937602862743,0.8832247406320276
Móin na gCeann,Cork,0.00978002442001406,0.017537485174703073,-0.07178169763909478
Maigh Chróine Íochtarach,Cork,0.04721096423893285,-0.12967175117070542,-0.08221035403704591
Maigh Chróine Uachtarach,Cork,-0.0783072090835553,0.024201269513438234,0.011514414990304367
Baile an Bhrúnaigh Uachtarach,Cork,1.712543790052499,-0.0443564240676781,0.22490878784823137
Garraí Niocóil,Cork,-0.04448149135745878,-0.007223121494698272,-0.003565768675721497
Cill Seanaigh Íochtarach,Cork,-0.3501779339695197,-2.847174212610536,0.8282838388060719
An Cnocán Dubh,Cork,-0.18588643796757795,0.08312005825885387,-0.22767097340068132
An Cnoicín,Cork,-0.016251586438575976,-0.004078586104730225,-0.004288420987612863
An Cnoc Breac,Cork,-0.23984421525772753,0.5422492812004083,-2.5238657220726632
Carraig an Chaisil,Cork,-0.10790645796107476,0.012505840375193067,-0.17012718254628548
An Chlais Rua,Cork,-0.17897322780175268,0.17262493516024888,-0.428822413069268
An Cnoc Dubh Íochtarach,Cork,-0.2794878896836389,0.43495173472859794,-2.578480915084946
An Mhín Íseal,Cork,-0.03757740609729662,0.03170939589667719,-0.10538924324907155
Baile Uí Dhubháin Thoir,Cork,3.517532912558239,-0.40143243213963575,0.05960144223325135
Baile Uí Dhubháin Thiar,Cork,3.6342555252638107,-0.05412539590988941,0.042049797075076084
Mín an Tairbh,Cork,-0.07017007122101457,0.030634964762526997,-0.12512704560661864
Gleanntán Mhic Cárthaigh,Cork,0.3201527883360514,-0.17078525879357037,0.11941637220166611
Oileán na nDamh,Cork,-0.1258717298324654,0.002986992599112257,-0.08298977255652527
Cnoicín an Chonnaidh Thoir,Cork,0.08318195224273076,-0.28934152650759243,0.09434730600085882
Cnoc na Cora,Cork,-0.2672256315953825,0.5345093487851827,-2.4274232918615177
Baile Hoiste Thoir,Cork,1.8940880820938057,-0.34291711991848645,0.30120414848371024
Currach Cluana Bainbh,Cork,-0.07123832870483307,0.07214461429769063,-0.025794485267001347
Lios Uí Dhúgáin Theas,Cork,1.4855500995655258,-0.06920154562054888,-0.44677723187840634
Drom an Chomair Beag,Cork,-0.1742626057913652,-0.34147144626381715,-0.031107751984881003
Goirtín Airde,Cork,-0.032929058723081696,0.007942724913605852,-0.01576611471627162
Faill an Deamhain,Cork,-0.020080357038684507,0.002286353632570179,-0.008416690568313446
Teamhair Mhór,Cork,-0.3636730309028785,1.7406775319483723,2.222024936542351
Ceapach Pháidín,Cork,0.029793730379092942,0.0009479739476893393,-0.0064291115800833715
Cluain Mín Thuaidh,Cork,-0.23409025373072417,0.28180354110275246,0.22091913193939383
Cluain Mín Theas,Cork,-0.21419601979983266,0.09210808159610125,-0.03429695830855449
Cúil Uí Laighin Thoir,Cork,1.6178899502671171,-0.2906317770413248,-0.14593733881372042
Cluain Fearta,Cork,-0.21052613534941708,0.1132781651451939,0.10166046687862365
An Chuailleach,Cork,-0.006338794198808865,0.000384881490178816,-0.002344394223796918
Cnoc an Chomair,Cork,-0.2686427658473323,0.5088016202870627,-2.3967660146776977
Bán Abhlach,Cork,-0.01846462012570453,0.14885724083788657,-0.040239308004500283
Baile Choinn Thuaidh,Cork,1.7038038608596089,0.06608155753090567,0.34955317870235203
Baile Philibín,Cork,1.69461380029829,-0.05208990102089315,0.18331450870854005
Cluain Tí Foircill,Cork,-0.2282992181944084,0.16831104456046778,0.06696274371191409
Maol Iarthach,Cork,-0.032413346143184384,0.018616758712709833,-0.060424656068970774
Ráth Treana,Cork,-0.1307709594067523,0.09070589646089619,0.13804188500223236
Ráth na gCeard,Cork,-0.12002901962883608,0.15144999138927867,0.1145533661804946
Na Mínte Fliucha,Cork,-0.007963079532472793,0.0007125483986855535,-0.004231166510277804
Cnoc an Charria Thiar,Cork,-0.026986621629457475,0.5705679553774804,-2.2535649921274863
Cnoc an tSuain,Cork,-0.25560770014270295,0.5048279488246118,-2.340518539024928
An Millín Buí,Cork,-0.08197184552325097,-0.009979952623143462,-0.05602660847995294
An Millín Dubh,Cork,-0.15674443900851684,0.08156956544201811,-0.1920946189457636
Ré na hAbhann,Cork,0.04353158352466608,-0.003470777419330319,-0.009028139820967179
An Coimín,Cork,-0.011956881049785104,-0.001340332692173814,-0.023815868037458596
Cill Bheircheirt,Cork,-0.4686998157467367,-2.6977937602862743,0.8832247406320276
Cnoc an Éide,Cork,-0.25560770014270295,0.5048279488246118,-2.340518539024928
Oileán Chnoc na nEach,Cork,-0.1437620532473986,0.009642538390958744,-0.08856326371358267
Cnoc Uí Ruairc,Cork,1.3421637703534137,0.4575239652819186,-2.6189630377372883
Ré na nGallán,Cork,0.005717946478145654,0.0011580038623955006,-0.012717170486897952
Baile Uí Fhiacháin Íochtarach,Cork,3.369224497664652,-0.2587805510796091,-0.09205547095682065
Dúna,Cork,0.0,0.0,0.0
Gort Uí Shíoda,Cork,1.4009435248772826,0.09565541110006928,-0.17819352078895484
Áth an Mhuilinn,Cork,-0.06505444251225775,-0.01324204784714978,-0.0021935596073189047
Nead an Iolair Bheag,Cork,-0.15176744636861356,-0.2898745638302323,0.05227830482851452
Nead an Iolair Mhór,Cork,-0.3981821211067863,1.7532666189944885,2.1764410350266448
Méin Theas,Cork,0.018709777612882398,-0.07945857782865254,-0.09117483192104674
Cúil an Smutáin,Cork,-0.06583727197547709,0.05210114189106243,-0.02861528361049199
Baile na Móna,Cork,1.725643665965902,-0.04534997914971163,0.11865623486194517
Dromach,Cork,0.0,0.0,0.0
Romhail (Daunt),Cork,0.0,0.0,0.0
Cill an Mhaí,Cork,-0.4838823912533276,-2.7581750013675848,0.9011334408888821
Ceatharnach (Leland),Cork,0.0,0.0,0.0
Poll an Mhaoir,Cork,-0.07865921385887509,0.03715295064618439,-0.04973592239881188
An Seisceann,Cork,-0.011327596892309173,0.000694628809161457,-0.004236112940358229
An Tuairín Clasach,Cork,-0.02912440350816353,0.005643031251918148,-0.007571006792945997
Tuairín Ghleann an Chaoith,Cork,-0.06400242533452208,0.027143842406926483,-0.006400882313434387
Garraí Lúcáis,Cork,-0.034554131610736914,-0.004771209040707505,-0.0019721503594932405
Baile an Gharraí Láir,Cork,1.6984741655029707,-0.04229875315754407,0.1396397597413392
Ráth an Ghrua,Cork,-0.12002901962883608,0.15144999138927867,0.1145533661804946
An Baile Rua,Cork,1.5355369136436992,0.11434436421967115,-0.22817277978683814
Lios Pádraig Íochtarach,Cork,-0.03838052155017192,-0.07549826077783486,-0.18586018486700934
Lios Pádraig Uachtarach,Cork,-0.1638986948726601,0.07837475990630881,-0.09213541583965908
Lios Fichill,Cork,-0.13306498076832848,0.06950047966612027,-0.118613693727156
Baile an Dreiseachaigh,Cork,1.69461380029829,-0.05208990102089315,0.18331450870854005
Baile an Mhoirtéalaigh,Cork,1.69461380029829,-0.05208990102089315,0.18331450870854005
An Scairt,Cork,-0.013695961792448162,0.000925810873836321,-0.0043241634912526425
Baile Uí Chrosáin,Cork,3.2950623512615875,-0.11175824060007143,-0.041274767582237165
An Coimín,Cork,-0.011956881049785104,-0.001340332692173814,-0.023815868037458596
Cluain Buaigh,Cork,-0.18719487351698474,0.16011892890503346,0.08011326707767512
An Garrán Riabhach,Cork,-0.07734501138926844,0.0742901231074367,0.02634823058751285
Gleann an Bhioráin,Cork,-0.14520656175284044,0.10485650873753771,0.08279186456275169
Baile Uí Dhonnasa Thoir,Cork,3.362601081695109,-0.390967128432225,0.06739062292475219
Baile an Sciobaidh,Cork,1.69461380029829,-0.05208990102089315,0.18331450870854005
Baile an Aicéadaigh,Cork,1.69461380029829,-0.05208990102089315,0.18331450870854005
Buaile Fhlainn,Cork,-0.032005830766987584,-0.05210464560882495,0.0011763597343635197
Fearann Bhriain Thoir,Cork,0.10422215609784033,-0.28910366199488213,0.07340211217260713
Baile Risteag,Cork,1.69461380029829,-0.05208990102089315,0.18331450870854005
Baile an Bhardaigh,Cork,1.69461380029829,-0.05208990102089315,0.18331450870854005
Gort na Luisín,Cork,-0.1551452907118627,0.15296560883452331,0.04223555705045017
Lios na Crithle,Cork,-0.13306498076832848,0.06950047966612027,-0.118613693727156
Baile Thomáis Thiar,Cork,2.0854766125674367,0.022659535173265993,0.20351547689185068
Dún Darú,Cork,-0.10581199953071796,0.11498407679962692,0.07340326963925684
Fearann na Mainistreach,Cork,-0.023119047898754432,-0.0038467003673891866,-0.03254799917743579
Cnoc na Cora,Cork,-0.2672256315953825,0.5345093487851827,-2.4274232918615177
An Cheapach,Cork,-0.0338454354986867,0.030730958740101375,0.013634576612765686
Cnoc Uí Dhuibh,Cork,1.4010711443471962,0.40402199852508625,-2.591365655601166
An Seandaingean,Cork,0.0,0.0,0.0
Cnoc an Chuilinn,Cork,-0.27524388729642413,0.5301469054694334,-2.4313700055144998
An Rinn Thoir,Cork,0.06269548829389951,-0.27235631286397677,0.06806761987192861
Gort na Croise Theas,Cork,-0.1464765324895888,0.07979452420574486,-0.05644813638714954
Baile Dhonncha,Cork,1.7136782548189924,-0.05284911766741702,0.18343553148455596
Doire na gCaisí,Cork,-0.13911794214094428,-0.03723887300969581,0.02158124180650758
An Lios Ard,Cork,-0.1883072930254402,0.17277274000936454,-0.09330119824167159
Sliabh Gallán,Cork,-0.06286187759514815,0.007120904190852835,-0.042190334135602414
An tSeanghráig,Cork,0.0,0.0,0.0
Baile an Rinnleanaigh,Cork,1.69461380029829,-0.05208990102089315,0.18331450870854005
An Tuairín,Cork,-0.02912440350816353,0.005643031251918148,-0.007571006792945997
Cloichín Dubháin,Cork,-0.02499118411980636,-0.057823846258650995,0.017806093182415706
Ceann Droma,Cork,-0.27700734176398784,0.23834594088480018,-0.11915151713812164
Cnoc Sathairn,Cork,-0.25560770014270295,0.5048279488246118,-2.340518539024928
Cúldrom,Cork,0.0,0.0,0.0
Cúil na Carraige,Cork,-0.05407873126994188,0.060726126943917075,-0.07200424293784069
Cúil na Suan,Cork,-0.06583727197547709,0.05210114189106243,-0.02861528361049199
Cnoc an Mhullaigh,Cork,-0.25560770014270295,0.5048279488246118,-2.340518539024928
Garrán Uí Chearnaigh,Cork,1.5933281508163288,-0.010199397723092894,-0.20647142695856674
Gort na gCiseach,Cork,-0.1551452907118627,0.15296560883452331,0.04223555705045017
Gort na Péiste,Cork,-0.1551452907118627,0.15296560883452331,0.04223555705045017
Cúil an Fhéich,Cork,-0.07400417306181638,0.05376162694939038,-0.03232957703261784
An Phéic,Cork,-0.011324126951069947,0.004080568764208107,-0.012363884721400892
Com Uí Chlúmháin,Cork,1.6269903033521578,-0.061929546795760085,-0.24393336459667878
An Doire Leathan,Cork,-0.18177872227651465,-0.029091235620270363,0.011914636828984079
Gort na Fuinseann,Cork,-0.16580378604314283,0.15994602253095175,0.04346317911882283
Gort na gCros,Cork,-0.18223911083988886,0.11500905237106257,0.008541656168564102
Gort na Scairte,Cork,-0.16471075006955657,0.15705255120237732,0.04033349535475079
An Lománach Mhór,Cork,-0.34416642715495016,1.6749514938530912,2.1375010720553367
Baile Uí Bhuadáin,Cork,3.2507026158874353,-0.10940009875534719,-0.03711456913086497
An Leaca Bhán,Cork,-0.09500948042795124,0.055750151287156005,0.03001053170743007
Doire Mheáin,Cork,-0.15446174567576612,-0.03750206089380806,0.014722488431238566
Gort Smúráin,Cork,-0.1551452907118627,0.15296560883452331,0.04223555705045017
Carraig Thomáis,Cork,0.0718337612793541,0.00955352394215573,-0.1812036932978064
Baile na Graí Thiar,Cork,1.9437581789372727,0.02494673556489329,0.18676693913050446
Doire,Cork,-0.13911794214094428,-0.03723887300969581,0.02158124180650758
Drom Óinigh,Cork,-0.06347578766995841,0.022744571245361837,0.011801381810682344
Eanach Áille Thiar,Cork,0.26187358319123916,0.06864250348847688,0.07905894601964054
Códrom,Cork,0.0,0.0,0.0
Cúil Chomhair,Cork,-0.06583727197547709,0.05210114189106243,-0.02861528361049199
Cnocán Eoghain,Cork,-0.059263299141819104,-0.044915669895125195,-0.03659984275470969
Míseal,Cork,0.0,0.0,0.0
Garrán na Carraige,Cork,-0.004846025647055611,0.05569972589075249,-0.011215093465015702
Leaca Bhun an Chnoic,Cork,-0.1105205357508483,0.05820348665425322,0.011868630232538481
Maigh Seanghlaise,Cork,-0.06129448868771816,0.020909454105248942,-0.022134907164818658
Áth na gCeannaithe,Cork,-0.09809642914959553,0.04864902273209421,-0.03296400008941896
Gleann na gCloch Theas,Cork,-0.11983495351989182,0.052540404886526906,0.026990076740732193
Cnoc na nGabhann,Cork,-0.25560770014270295,0.5048279488246118,-2.340518539024928
An Bán Mór,Cork,-0.35971516483898935,1.8187066933319185,2.0984900346511535
Cac an Fhóid,Cork,-0.015326225142083925,0.005337123488632467,-0.0022107033340540184
Magh Réidh,Cork,-0.011428890029091168,0.0014437376403849283,-0.006640157304392481
Na Cillíní,Cork,-0.009873231889048772,0.0006959905578350153,-0.00424723562830833
Crois Uí Mhathúna,Cork,1.5633002573364467,-0.06239941215195402,-0.22753439299724018
Lios Ardachaidh,Cork,-0.13306498076832848,0.06950047966612027,-0.118613693727156
Ráth Ghlasáin,Cork,-0.12833883056887052,0.15527837529337604,0.11458137381098714
Baile na Móna,Cork,1.725643665965902,-0.04534997914971163,0.11865623486194517
An Gleann,Cork,-0.13237727448247302,0.09971641095026927,0.08290512254153362
Plácas,Cork,0.0,0.0,0.0
An Tuairín Thuaidh,Cork,-0.030308859826172662,0.11587991292991683,0.15647025153395558
An Drom Rua,Cork,-0.22255267432454934,0.18917883648592612,-0.39968590668469584
Drom Saidhbhín,Cork,-0.06347578766995841,0.022744571245361837,0.011801381810682344
Cathair Chonchúir,Cork,-0.06887305651818929,0.025125909667483667,-0.03308781371585634
Both Mhanach,Cork,-0.023686951222481357,0.03354409669592275,0.03809905962611753
An Choilligh,Cork,0.0,0.0,0.0
An Ráth,Cork,-0.12002901962883608,0.15144999138927867,0.1145533661804946
Baile Mhuirisín,Cork,1.69461380029829,-0.05208990102089315,0.18331450870854005
Cill Bhruaine,Cork,-0.4686998157467367,-2.6977937602862743,0.8832247406320276
Cill Mhic Aonghais,Cork,-0.16811692819793364,-2.920294788288028,1.015393900990229
An Cnoc Breac,Cork,-0.23984421525772753,0.5422492812004083,-2.5238657220726632
Sceach Ard gCeanannais,Cork,-0.08352035739593613,0.12010666465380233,-0.02056229289762546
An Drom Mór Thuaidh,Cork,-0.4088266711429177,1.8079329467764516,2.313343712192921
Gleann Doimhin,Cork,-0.13237727448247302,0.09971641095026927,0.08290512254153362
Cill Bhéalada Thoir,Cork,-0.356801349939063,-2.979360789963152,0.9877299326876448
Cill Bhéalada Thiar,Cork,-0.2400787372334912,-2.632053753733406,0.9701782875294696
Baile na Banaltran Mór,Cork,1.3504473731433397,1.622861592832198,2.3208155807638766
An Seanbhóthar,Cork,0.0,0.0,0.0
An Crochta,Cork,-0.010771752962830759,-0.007091302290584466,-0.003100814890158107
Cill Mhic Léinín,Cork,-0.15406175516084197,-2.866267352954052,0.9950859720344636
Drom Físe,Cork,-0.06347578766995841,0.022744571245361837,0.011801381810682344
An Leacainín,Cork,0.0,0.0,0.0
An Leathfhearann,Cork,-0.006338794198808865,0.00038488149017880825,-0.0023443942237969164
Scarbhach,Cork,-0.006116133958042003,0.0007774274513413799,-0.0041741752373156615
Coill Chnoc an Ghabha,Cork,-0.03482001546133219,0.04077999708567617,-0.023956419453119375
Garbhghort,Cork,0.0,0.0,0.0
Baile Dáithín,Cork,1.69461380029829,-0.05208990102089315,0.18331450870854005
An Cheathrú Chaol,Cork,-0.11036037236568388,0.09781025850273405,0.08208747063485036
Cnoc an Reabhraidh,Cork,-0.25560770014270295,0.5048279488246118,-2.340518539024928
Páirc an Dalláin,Cork,-0.03007185667416045,-0.018145321863005964,0.10834242738887576
Gleann an Spá,Cork,-0.15016764983319977,0.11340034101599053,0.03187375086517758
Na Feadáin,Cork,0.0,0.0,0.0
Carraig an Chonnaidh,Cork,-0.10287289960291385,-0.003151816425119247,-0.12032057965082063
Móin Ainmne Íochtarach,Cork,0.14955174744482905,-0.1426405304530804,-0.11959917567255057
An Tuairín,Cork,-0.02912440350816353,0.005643031251918148,-0.007571006792945997
Drom Raithin,Cork,-0.057035211105345554,0.030238642328313903,0.014428939590145198
An Leathbhaile Íochtarach,Cork,0.11136600429614522,-0.14966734061746143,-0.055862972075964704
Foraois na Carraige Thoir,Cork,0.12365700651320889,-0.27294204462402316,0.061116232728268466
An Corrlios,Cork,0.0,0.0,0.0
An Baile Salach,Cork,1.6845094313724354,-0.004297846651650415,0.22587851890132732
Gort Sceach,Cork,-0.18342333585068712,0.16980001314508136,-0.003639231332659691
An Seanbhaile Mór,Cork,-0.363732066395554,1.7084132376579722,2.173373611157967
Cluas Dubhóige,Cork,0.0,0.0,0.0
Baile na dTreighdíneach,Cork,1.69461380029829,-0.05208990102089315,0.18331450870854005
Baile an Róigh,Cork,1.742721430053759,-0.054050814409023325,0.18950540626895573
An Fearann,Cork,-0.028042049699404107,-0.005413965045791283,-0.030439028710515105
Draighneach Thiar,Cork,0.20455728032726658,0.02113910130359832,0.1013589265287602
An Ghléib,Cork,-0.03874097762943806,-0.0019058849035651173,-0.01420874772834608
Baile Uí Chanannáin,Cork,3.2507026158874353,-0.10940009875534719,-0.03711456913086497
Baile Uí Riagáin,Cork,3.2507026158874353,-0.10940009875534719,-0.03711456913086497
Coillín Dúllaing,Cork,-0.022930568427025656,0.0050221906852758085,-0.007490723824975221
Baile an Bhailisigh Mór,Cork,1.3504473731433397,1.622861592832198,2.3208155807638766
Baile an Bhriotaigh,Cork,1.69461380029829,-0.05208990102089315,0.18331450870854005
Baile Mhic Giolla Iasachta,Cork,2.0819893909706924,-0.23401645535948512,0.31844048328084873
Poll an Uisce,Cork,-0.13630601478393162,0.012397733488031065,-0.08890690606923046
Baile Thiobóid,Cork,1.69461380029829,-0.05208990102089315,0.18331450870854005
Fearann an Trinseardaigh,Cork,-0.028042049699404107,-0.005413965045791283,-0.030439028710515105
Gort Stóc,Cork,-0.1551452907118627,0.15296560883452331,0.04223555705045017
Carraig an Tóchair,Cork,-0.10514662853688707,0.002207252677638931,-0.12284445034900436
An Currach Lom,Cork,-0.05432225993390904,0.05887788044984947,0.026815340826016238
Coill Bhaile an Charránaigh,Cork,1.6887991514564955,-0.02022185003013053,0.16962763449026738
Baile an Chnoic,Cork,1.6919394142156516,-0.045065101809197095,0.17721023308385497
Barr Dáith,Cork,-0.043267971553663666,0.003642995510143226,-0.030379896142851182
Ceathrú an Chaisleáin,Cork,0.023717604987844386,0.03606391168832953,0.04572461689109778
An Corrbhaile,Cork,-0.019148240935310076,-0.00367659768113944,-0.0033683511858019592
Dún Guairne,Cork,-0.10581199953071796,0.11498407679962692,0.07340326963925684
Ráth an Cheanainn,Cork,-0.07607494419140212,0.152781701543372,0.11401178269135673
Baile Shimicín,Cork,1.69461380029829,-0.05208990102089315,0.18331450870854005
Ráth Achaidh,Cork,-0.15623985879811492,0.05640253925634672,0.1419349572182386
Dobhar,Cork,0.0,0.0,0.0
Drom Fhada Beag,Cork,-0.25047618860494125,-0.3080064826087712,-0.022307034938934007
An Garraí Mór,Cork,-0.38864791851240893,1.6677283723583929,2.1339353033796153
Ráth Challainn,Cork,-0.12002901962883608,0.15144999138927867,0.1145533661804946
Baile an Doimhnis,Cork,1.69461380029829,-0.05208990102089315,0.18331450870854005
Baile na Claise,Cork,1.7740711500406525,-0.05467054194098875,0.1933140890816288
Baile na Coille,Cork,1.7584222320202405,-0.04418961307325697,0.14185529849856648
Baile Mhata,Cork,1.69461380029829,-0.05208990102089315,0.18331450870854005
An Carragán,Cork,-0.006338794198808865,0.00038488149017880814,-0.002344394223796917
Lios Cúil Thiar,Cork,0.029718825769439905,0.18734162811005128,-0.06027543044020609
Ceathrú an Phóna,Cork,-0.06999731769507145,0.036160512018884775,0.02991099431831329
An Chlais Dubh,Cork,-0.16229841246531476,0.08569490814793258,-0.20035659880795162
An Garraí Dubh,Cork,-0.1868835626756118,0.07228111673354974,-0.1865872429097833
Cillín na Manach,Cork,-0.019249763735974885,0.012333976296297353,0.07720385443014738
Cill Rois,Cork,-0.4783221704696665,-2.798289686935318,0.9119606590688955
Maigh Dhíle,Cork,-0.06129448868771816,0.020909454105248942,-0.022134907164818658
Baile Uí Shabháin,Cork,3.2507026158874353,-0.10940009875534719,-0.03711456913086497
Diméin Churrach Uí Dhúgáin,Cork,1.724191756343399,-0.03761617653901063,-0.19695001192495132
An Baile Trasna,Cork,1.7399605801592217,-0.05138235993454883,0.18815711710416572
Baile na Leidean,Cork,1.69461380029829,-0.05208990102089315,0.18331450870854005
An tSeanchúirt Thoir,Cork,0.11189846580767368,-0.2815670296768778,0.10450519205561716
An Tobar,Cork,-0.09477715267177078,-0.012421135773137484,-0.04088235664606125
An Chorrghráig,Cork,-0.008925292594714437,0.0005447084746800232,-0.003319948973879522
Áthán Uachtarach,Cork,-0.017046919587632936,0.004876821098170532,0.035284361510941886
Cnoc an Gharráin Thoir,Cork,-0.11185140935688406,0.2350182360449694,-2.330713445546738
An Lománach Theas,Cork,0.018709777612882398,-0.07945857782865254,-0.09117483192104674
An Chúil,Cork,-0.06583727197547709,0.05210114189106243,-0.02861528361049199
Lios Catháin,Cork,-0.13306498076832848,0.06950047966612027,-0.118613693727156
Carraig Uí Leighin,Cork,1.4656808431125983,-0.05676610343358888,-0.3348801924230802
Cnoc na Graí,Cork,-0.2350844000169658,0.5161245788575297,-2.4240196555004054
Nuachabháil Uachtarach,Cork,0.0003662536806362674,0.004294524082889836,0.028991886201098223
An Leacht,Cork,-0.016492010676865683,-0.0021467839826913014,-0.005878057100732229
Cill Eoin,Cork,-0.4835746998259337,-2.7940609652166466,0.9096189300625331
Cnoc na Stacán,Cork,-0.2688272927516297,0.5162316429130142,-2.3954877868624367
Mín Sceiche Thoir,Cork,0.036022451615314435,-0.26636480765324455,0.0739010985691157
Baile Sheáin,Cork,1.7833563890223847,-0.015427501019148478,0.240964627996335
Baile Adac Theas,Cork,1.7133235779111724,-0.13154847884954568,0.09213967678749331
Cill Aonamra,Cork,-0.4686998157467367,-2.6977937602862743,0.8832247406320276
An Coimín,Cork,-0.011956881049785104,-0.001340332692173814,-0.023815868037458596
Cloch Liafuine,Cork,-0.006167456650301191,0.03228257176491017,0.03525978612024531
Baile Pholaird,Cork,1.69461380029829,-0.05208990102089315,0.18331450870854005
Páirc na bhFianna,Cork,-0.0257710328055171,0.10019551641952883,0.08150507608728899
Baile Uí Cheithearnaigh,Cork,3.2507026158874353,-0.10940009875534719,-0.03711456913086497
Na Carragáin Liatha,Cork,-0.006357821959244398,0.0028670623675937255,0.001474561554263362
Cluain Coille,Cork,-0.12338644179503426,0.16801921685266963,0.03865405686770157
An Tuar Riabhach,Cork,-0.09505577821889619,0.08375936354683376,0.05820425386355688
Cnoc an Chuilinn,Cork,-0.27524388729642413,0.5301469054694334,-2.4313700055144998
Oileán Gamhna,Cork,-0.13430531598992185,0.01175999991833085,-0.07822311679330272
Oileán Caorach,Cork,-0.14021220159340528,0.013317955735363473,-0.08079785083066576
Inis Liath,Cork,-0.1505279254405039,0.06170779208520113,0.009031211215748007
Drom Bhoirnín,Cork,-0.06347578766995841,0.022744571245361837,0.011801381810682344
Crathach Thoir,Cork,0.11189846580767368,-0.2815670296768778,0.10450519205561716
Dún na nGall Láir,Cork,-0.07208982156797202,0.13617297154067115,0.025294501184084193
Inis Píc,Cork,-0.08352279784733851,0.054616364896986604,0.0349675462743042
An Cladach,Cork,-0.00915387608977439,0.0025117223935572797,-0.002652320673249577
Fearann na Coise,Cork,-0.03579219714325116,-0.011421874632276056,-0.03158587989455804
Oileán Broc,Cork,-0.11329063062073298,0.0012790144850757263,-0.0774138043135638
Na Catalóga,Cork,0.0,0.0,0.0
Doire Clochach Uachtarach,Cork,-0.15968631373544423,-0.030812860080830777,0.058182210097834496
Drom Inide Thuaidh,Cork,-0.06466024398796755,0.13298145292336053,0.17584264013758394
Ard Gaotháin,Cork,-0.0552423122571117,0.10327226034324428,0.025312495485484404
Barraí Rua,Cork,-0.17052667877552097,0.17431427801962432,-0.4329909085630319
An Bán Leathan,Cork,-0.05820951781960958,0.15190283686825276,-0.04867764238170657
Baile an Oileáin,Cork,1.7086476977857659,-0.012737859449329161,0.22711117804902242
An Driseán Mór,Cork,-0.34416642715495016,1.6749514938530912,2.1375010720553367
Láthair Tí Dálaigh,Cork,-0.04110434467742366,0.00819211565543433,-0.013150523365761028
Cill na gCospach,Cork,-0.4686998157467367,-2.6977937602862743,0.8832247406320276
Carraig na Seangán,Cork,-0.1023053535353637,0.01230833270255679,-0.1739483290140074
Barr na nGabhlán Thoir,Cork,0.06863049425401002,-0.27792403416673456,0.07412529591276598
Goirtín an Choir,Cork,-0.04750825628875171,0.004197119170750803,-0.016632909523057564
Maoiní Íochtarach,Cork,0.118521881777217,-0.14938045232426192,-0.054940901825955686
Cill Damhéanóg Thoir,Cork,-0.356801349939063,-2.979360789963152,0.9877299326876448
Doire Graí Thoir,Cork,-0.006696176207533443,-0.30750927265365574,0.04258531738664725
An Cnoicín Buí Uachtarach,Cork,-0.09087735581673427,-0.011631297581762047,-0.0124580175544694
An Bán Buí,Cork,-0.08317821551692632,0.13170991964191375,-0.08596450117243418
Cill Cholmáin Thoir,Cork,-0.41433515923373937,-3.2723063167514117,1.0860805500578323
Gleann an tSnámha,Cork,-0.1412064190468647,0.10241199742000796,0.08172922420447194
Gort na Scríne,Cork,-0.1488293967171271,0.16192614653169532,0.044520077661720885
Na Cluainte,Cork,0.004779867227441007,7.524581613252997e-06,-0.010433483789146715
Meall Muirín,Cork,-0.01298347282546875,0.023965179658195893,0.023048167553229797
Rinn Ó Grianna,Cork,-0.049202977513774164,0.009210716812901025,-0.03643757218368855
An Cillín Liath,Cork,-0.10608010023376621,0.010529420321268187,-0.03888765511844557
Meán,Cork,-0.013710496881100605,0.0005657233026413103,-0.000543460358357634
Inse na nUan,Cork,-0.0016362244065142792,0.041387447935542214,0.002576776291663832
An Chéim Mhór,Cork,-0.3560341009133404,1.7130509088583221,2.1849186837621972
An Sceachánach,Cork,0.0,0.0,0.0
An Rosach,Cork,0.0,0.0,0.0
Gort Sheáin Chróin,Cork,-0.06640270198776792,0.18962800883626799,0.09988567633824513
Leic an Phóna,Cork,-0.03249182258226295,0.013396065031825704,-0.056819038068787575
Cnoc an Phréacháin,Cork,-0.25560770014270295,0.5048279488246118,-2.340518539024928
Eadargóil,Cork,0.0,0.0,0.0
Cúil na Cléithe,Cork,-0.07944923452627745,0.058527477410894604,-0.03516238786041067
An Baile Bán Thoir,Cork,1.7909635284219245,-0.18990173121894366,0.24880866335997412
An Baile Bán Thiar,Cork,1.9076861411274963,0.15740530501080274,0.23125701820179886
Barraí Rua,Cork,-0.17052667877552097,0.17431427801962432,-0.4329909085630319
An Stuaic,Cork,0.0,0.0,0.0
Ráth Dhreóin Mhór,Cork,-0.4641954467837862,1.8264014852423698,2.2520544382358314
Carraig an Churraichín,Cork,-0.0904079724765469,0.0005440943008651592,-0.11445111458367516
Carraigín an Ghabhair,Cork,-0.0262997049962133,0.008058389969974189,-0.07377843561270796
An Dumhach,Cork,-0.013218885033489346,0.003646396764001582,-0.0007836805521814224
An Leathfhearann,Cork,-0.006338794198808865,0.00038488149017880825,-0.0023443942237969164
Gort Tí Eoghain,Cork,-0.2120285678816805,0.11262623456422657,0.03713469009659897
An Bailtín,Cork,0.0,0.0,0.0
Cuar Leaca,Cork,-0.028243440355915736,0.027656339874777877,0.017068882148192025
Cuas na Spáinneach,Cork,-0.03373875141665774,0.006170124177736363,-0.009654454276473526
An Bailtín,Cork,0.0,0.0,0.0
Cathair an Bhioráin,Cork,-0.0817023437885567,0.030266007454752105,-0.03320107169463828
Lúghortán,Cork,0.0,0.0,0.0
An Chathair Loiscthe,Cork,-0.07161408803038484,0.03291788938638834,-0.036753881541374794
An Lao Thiar,Cork,0.20548217016335887,0.07778895912001253,0.08656264172140167
Oileán an Choinicéir,Cork,-0.12626386081414315,0.005100616919546291,-0.08150692372758343
An Altóir,Cork,0.0,0.0,0.0
Cill Chuaráin,Cork,-0.49009751532619744,-2.8189001978729915,0.9220041010168513
An Móinéar,Cork,0.03710299065368675,-0.002360885926059718,-0.00583526801049436
Baile na hAidhle,Cork,1.7098776751782483,-0.0510304409741707,0.18386887952660677
Mín Uachtair,Cork,-0.055434819547607296,0.05593820948973195,-0.030832533142400337
Móin na mBráthar,Cork,0.019787465059472036,0.02334651854201685,-0.11196772594456755
Cúil na Cranncha,Cork,-0.09144900068684418,0.09374338573059374,0.0105569967698275
Cúil na Cloiche Finne,Cork,-0.008919362499125701,0.06312131730564775,-0.024245963296874107
Leacain an Scartáin,Cork,-0.02257933718114956,0.03230674330615284,0.03434396683891691
Sliabh na Laidhre,Cork,-0.06286187759514815,0.007120904190852835,-0.042190334135602414
An Ré Ramhar Thuaidh,Cork,-0.02359227900904006,0.13317741083882012,0.056801305735064214
An Ré Ramhar Theas,Cork,-0.003698045078148529,-0.0565180486678311,-0.19841478451288413
An Cheathrú,Cork,-0.07844812250967578,0.08244646826097791,0.07617718802472594
Clais Diarmada Thoir,Cork,0.09170548624244078,-0.2598604890158454,0.12835374905988897
An Cnoc Gorm,Cork,-0.28214355952404224,0.5236266492359872,-2.3891048802808172
Cnoc na Sceach,Cork,-0.2838857452815274,0.5216623531351698,-2.386393327408038
Móin na mBráthar,Cork,0.019787465059472036,0.02334651854201685,-0.11196772594456755
Baile an Phléimeannaigh,Cork,1.69461380029829,-0.05208990102089315,0.18331450870854005
Baile an Sciobóil,Cork,1.69461380029829,-0.05208990102089315,0.18331450870854005
Móin na nGall,Cork,0.016410187068218653,0.010914547254178389,-0.07265806201028817
Rinn an Chiniféicigh,Cork,-0.049202977513774164,0.009210716812901025,-0.03643757218368855
An Bháinseach Mhór,Cork,-0.3560341009133404,1.7130509088583221,2.1849186837621972
Brooklodge,Cork,0.0,0.0,0.0
Clais Uí Dhonnchú Thiar,Cork,1.8466961299357376,0.03306731591612537,-0.1143769834603624
An Currach Buí,Cork,-0.12195173776679616,0.0468326006129359,-0.02013812294223488
Cnoc an Chatagánaigh,Cork,-0.25560770014270295,0.5048279488246118,-2.340518539024928
Mucros,Cork,-0.008925292594714437,0.0005447084746800329,-0.003319948973879507
Baile an Easpaig Beag,Cork,1.6075880462346752,-0.4670983641561006,0.20937778087780712
Baile na mBocht Thiar,Cork,1.9232348788115354,0.013650105531975425,0.27026805560598194
Fearann an Chléirigh,Cork,-0.028042049699404107,-0.005413965045791283,-0.030439028710515105
Fearann Phiarais,Cork,0.008252287767056474,-0.0068727018743265506,-0.02854320995958822
An Airglinn,Cork,-0.006338794198808865,0.00038488149017880223,-0.0023443942237969147
An Ghlaise Bhuí,Cork,-0.048542132159148474,-0.0008972240111921699,-0.012040813315322052
An Aighlinn,Cork,0.0,0.0,0.0
Abha na gCaolinse,Cork,-0.023189058880342086,-0.00012699293128626206,-0.009524022414000336
Abhainn Nead an Iolair,Cork,-0.1677668566929023,0.2182656812968257,0.15013850712150556
Baile na Claise,Cork,1.7740711500406525,-0.05467054194098875,0.1933140890816288
Baile Choitín,Cork,1.69461380029829,-0.05208990102089315,0.18331450870854005
An Dúcharraig,Cork,-0.008925292594714437,0.0005447084746800313,-0.0033199489738795092
An Baile Gallda,Cork,1.7355799932933589,-0.05221239941559807,0.1879486797598276
Cnocán an Aonaigh,Cork,-0.05808532592554332,0.009311004217573596,-0.046701848957947725
Cill an Mhuilinn,Cork,-0.43565782910939893,-2.759684830865518,0.9139951811141277
Rushbrooke,Cork,0.0,0.0,0.0
Reilig Churrach Cheapáin,Cork,-0.012770297846329173,0.0002128601929244983,-0.002617103399169411
Bá Chloich na Coillte,Cork,-0.02073616211828199,0.03334997846241365,0.019747801137009864
Bá Chúirt Mhic Shéafraidh,Cork,0.30454582570321975,-0.14269615837854832,0.14517338069121888
Ceann Chnoc an Dúin,Cork,-0.07033097370217473,0.06655472478763724,0.009700987007553535
An Eatharla,Cork,0.0,0.0,0.0
Mullach an Radhairc,Cork,-0.09992189205653619,0.1797129027904596,0.12198597006457948
An Teampall Geal,Cork,-0.007894602355935743,0.025130853772292645,0.010233897875983505
Cuainín Riobaird,Cork,0.04218329885938421,-0.0016685690885550996,0.004738062462685539
Teamhair,Cork,-0.019506603747928324,0.06572603809528116,0.08452386448701453
Caisleán na Cora,Cork,0.01826645891113459,0.029153903402413542,-0.12085950860253455
An Achaill,Cork,0.0,0.0,0.0
Alltach,Cork,-0.007314562253175093,0.0009976845776092384,-0.002480017686580404
Béal Átha an Spidéil,Cork,0.013860345248683785,0.01743347677342697,-0.07859729134458297
Baile Feá Aird,Cork,1.7212394202087677,-0.03795040734876316,0.13254068307737793
An Linn Dubh,Cork,-0.142402071318153,0.07950423822824801,-0.1830214742340618
An Linn Dubh A,Cork,-0.142402071318153,0.07950423822824801,-0.1830214742340618
Baile an Bhuitléaraigh,Cork,1.7415382975756601,-0.020712127103803775,0.2306203515943001
Cathair Laga,Cork,-0.06887305651818929,0.025125909667483667,-0.03308781371585634
Carraig Ruacháin Bheag,Cork,-0.20558265374096815,-0.37932029757976804,-0.10711658492160986
Caisleán na Gaoithe,Cork,-0.028513383664845748,0.05999277369796528,-0.09467513190255299
An Lár A,Cork,-0.01083046609753042,0.00024107269751224317,-0.005183215976522185
Claonúir,Cork,-0.006338794198808865,0.00038488149017880537,-0.0023443942237969173
Cluain Fearta Thoir,Cork,-0.0986276695417434,-0.1682888645316839,0.20616565893424083
Cluain Fearta Thiar,Cork,0.0180949431638284,0.17901817169806247,0.18861401377606557
Cluain Molt,Cork,-0.19867849888584665,0.16567410273624086,0.07687256525230014
An Cóbh (Uirbeach),Cork,0.012553870920162132,0.0008303385260781301,0.004957831353123686
Drom Dhá Liag Thuaidh,Cork,-0.08814249933344176,0.16308920243461061,0.21800526102208334
An Góilín,Cork,-0.006338794198808865,0.000384881490178816,-0.002344394223796918
Gort na Scríne,Cork,-0.1488293967171271,0.16192614653169532,0.044520077661720885
Garrán na mBráthar C,Cork,-0.027846966960730836,0.06368133750873317,-0.01513558623563968
Garrán na mBráthar D,Cork,-0.027846966960730836,0.06368133750873317,-0.01513558623563968
An Chaolchoill,Cork,0.0,0.0,0.0
Cill Bheircheirt,Cork,-0.4686998157467367,-2.6977937602862743,0.8832247406320276
Cill Cháscann,Cork,-0.49009751532619744,-2.8189001978729915,0.9220041010168513
Cill Coirne,Cork,-0.4686998157467367,-2.6977937602862743,0.8832247406320276
Cill Mhaoilearáin,Cork,-0.4686998157467367,-2.6977937602862743,0.8832247406320276
Maigh Teichigh,Cork,-0.06129448868771816,0.020909454105248942,-0.022134907164818658
Baile an Mhanaigh (Uirbeach),Cork,1.7430427264842436,-0.05263890288085475,0.19022352898415146
Nuachabháil,Cork,0.007362545225907431,-0.00019804427699191012,-0.009791981000296357
An Ros Mór,Cork,-0.46096150341845743,1.8145915320298316,2.264412479336271
An Seandún A,Cork,0.0,0.0,0.0
An Sceach,Cork,-0.028278045138824426,0.016834404310558045,-0.04587478838310986
An Sciobairín (Uirbeach),Cork,0.012553870920162132,0.0008303385260781301,0.004957831353123686
Eaglais Phádraig A,Cork,-0.006635044660267094,-0.17930664164517035,0.014380056979876207
Teampall Bríde,Cork,-0.014070997943971802,0.025747399877776456,0.008175997044585964
Teampall Muire,Cork,-0.014394715841893856,0.024321468931074484,0.008351997204291278
An Tóchar A,Cork,-0.011327596892309173,0.0006946288091614505,-0.004236112940358235
Caisleán Bhéal na Carraige,Cork,0.02249624833219096,0.016652795479107,-0.08624508041511929
Prióireacht Chill Chré,Cork,-0.06894867996027014,0.07855962207187425,0.0502165898064338
Crois na Leice Móire,Cork,0.011516625784832321,-0.007950434303941904,-0.0127232497697815
Abha Bhun Sílinn,Cork,-0.09289300122522821,0.022972159416131677,-0.017926255812356115
Carraig Liúir,Cork,-0.0904079724765469,0.0005440943008651592,-0.11445111458367516
Carraig na Spioróige,Cork,-0.0904079724765469,0.0005440943008651592,-0.11445111458367516
Pointe an Chuais Leathain,Cork,-0.041713036337951606,0.036189050890718874,0.010978208926564679
Faill na Loinge,Cork,-0.03452627398139538,0.01361615592881242,-0.06587854973222745
Oileán Athach,Cork,-0.11329063062073298,0.0012790144850757263,-0.0774138043135638
Inbhear Beag,Cork,-0.12045365277658186,-0.3392678359154042,0.061081677608115365
An Cillín,Cork,-0.03907497264060083,0.00343799313305366,-0.012951320059889379
Cill Bhrúin,Cork,-0.4686998157467367,-2.6977937602862743,0.8832247406320276
An Loch Beag,Cork,-0.35791598554683046,-0.1109895605511374,0.06127494017731489
Cuan Trá Chiaráin,Cork,-0.027125039453341007,0.01220993835590558,0.1324904818345343
Óglach,Cork,-0.007909132335268224,-0.007905568959029875,-0.002033871503934523
Óglach Beag,Cork,-0.10566088475204564,-0.37609525793065973,0.011304470353271822
An Abha Gharbh,Cork,-0.05980407335832563,0.044378432012790715,0.03155914525228049
Poll an Duirc,Cork,-0.07865921385887509,0.03715295064618439,-0.04973592239881188
Cnoic na Seithe,Cork,-0.011110969659649797,0.0011121448194813658,-0.0060420198383308804
Trá Dhún Cléire,Cork,-0.0463803353471915,0.03274071878634103,0.022975094201250656
Trá Chiaráin,Cork,0.01556555555742068,-0.06519288542049356,0.0381414096360881
Cnoc na Ceártan,Cork,-0.25560770014270295,0.5048279488246118,-2.340518539024928
Baile Mheasaigh,Cork,1.69461380029829,-0.05208990102089315,0.18331450870854005
Baile na mBuailteoirí,Cork,1.69461380029829,-0.05208990102089315,0.18331450870854005
Cnoc an Eallaigh,Cork,-0.27726534834433403,0.46200109130473144,-2.373350112134105
Coill Bhaile an Tobair,Cork,1.6963578193807338,-0.03866148980445262,0.0994501373218312
Ceann Bró,Cork,-0.03882501200765984,0.016081468085061966,-0.013910830463552827
Cuillinn,Cork,0.0,0.0,0.0
An Deisiúir,Cork,0.0,0.0,0.0
Teampall San Séamas,Cork,0.017747531982883966,0.026165179424507412,0.014223014889686695
Na hAilichí,Cork,0.0,0.0,0.0
Béal an Bhealaigh,Cork,-0.03398307328588644,-0.03594168502980073,-0.03442094529536363
Cúil Aodha,Cork,-0.017815272266504575,0.014164404263533964,-0.013753221999783953
An Chorr Bheithe,Cork,-0.05055380795041102,0.015325031777062653,-0.030230531551228464
Nuachabháil,Cork,0.007362545225907431,-0.00019804427699191012,-0.009791981000296357
Ros Tialláin,Cork,-0.1167950762635073,0.13964003817674042,0.12691140728093475
Inse Geimhleach,Cork,0.01775267725592144,0.03475470191822405,0.009200280648681404
Baile Cloch,Cork,1.6884463436479888,-0.019807329255982976,0.21857429482878535
Lios Leamháin,Cork,-0.13306498076832848,0.06950047966612027,-0.118613693727156
An Bóthar Síorghlas,Cork,-0.028464359330380044,0.03398929810045543,0.01099229844627963
An Rinn,Cork,-0.049202977513774164,0.009210716812901025,-0.03643757218368855
Géagánach,Cork,0.0,0.0,0.0
Oileán an Chuilinn,Cork,-0.13292681777445414,0.026597971129897327,-0.16826527080313547
Corcaigh Thiar,Cork,0.22862107851324548,0.06574000655286857,0.08695354689744189
Tír Mhic Caoirthinn,Derry,0.28994788463778126,-0.1442552846702906,0.13343850698484921
Droim an Chuais,Derry,-0.26896435028376775,0.22913560449231277,-0.11303644351326446
Baile na Scríne,Derry,1.7009296942930257,-0.043129363323721144,0.18559902931981076
Cill Eoghain,Derry,-0.48447874823913084,-2.7463252502120055,0.8912743970439374
Muine Dige,Derry,-0.026499386720711615,0.05814281067797846,0.05521841125714429
Garbhachadh,Derry,0.0,0.0,0.0
Droim Sorn,Derry,-0.24973556993840113,0.22474171660894424,-0.10778259133207715
Doire Ard,Derry,-0.194360254398056,0.06603338733354847,0.046893737291991984
An Dumhach Uachtarach Mheánach,Derry,-0.028185128217344556,0.009277696889636106,0.03644956987451987
Cruinneall,Derry,0.0,0.0,0.0
An Seisíoch Caol,Derry,-0.03153859615811635,0.03472597966440706,0.02862464455734576
Baile Naosa (Helton),Derry,1.69461380029829,-0.05208990102089315,0.18331450870854005
Maigh Inse Uí Fhloinn,Derry,1.6000716323311495,-0.005946609144428236,-0.24413362180245307
Both Bheitheach,Derry,-0.054807625374558244,0.023632032047208477,0.0866037557139809
An Ghreanaigh,Derry,0.0,0.0,0.0
Tír Chiana,Derry,-0.024690175948113433,0.024218307997487063,0.02157727558241321
Léim an Eich Rua,Derry,-0.20087794257279917,0.18755073946429476,-0.4424176166640131
An Magh,Derry,-0.011428890029091168,0.0014437376403849283,-0.006640157304392481
Tír Mhic Eochaidh,Derry,0.2807375206978045,-0.2078642288824083,0.1547624997475183
Baile Naosa,Derry,1.69461380029829,-0.05208990102089315,0.18331450870854005
Doire,Derry,-0.13911794214094428,-0.03723887300969581,0.02158124180650758
Cnoc Airbhí,Derry,-0.25560770014270295,0.5048279488246118,-2.340518539024928
Srath Feabhail,Derry,-0.045050942034067835,0.0022389903623097947,-0.019478073674890108
Beannchar,Derry,0.0,0.0,0.0
An Tolaid,Derry,0.0,0.0,0.0
Machaire Fíolta,Derry,-0.031062214279442845,-0.0010990400043276692,-0.01385816906309714
Cill Chruithneacháin,Derry,-0.4686998157467367,-2.6977937602862743,0.8832247406320276
Tamhlacht Uí Chroiligh,Derry,1.5747478915095234,-0.05821575801595792,-0.22790516215783496
An Corrán,Derry,-0.03527993320893876,0.05965385191071712,0.05753691913203922
Droim Raithleann,Derry,-0.24973556993840113,0.22474171660894424,-0.10778259133207715
Maigh Ghuala,Derry,-0.06129448868771816,0.020909454105248942,-0.022134907164818658
Droim Sorn,Derry,-0.24973556993840113,0.22474171660894424,-0.10778259133207715
An Duifrian,Down,0.0,0.0,0.0
Domhnach Cluana,Down,-0.035026493095413946,0.04738793388725539,-0.01668253569059599
Tulaigh Lis,Down,-0.07033428706316426,0.09559784793611843,0.09292057816652692
Cluain Dalláin,Down,-0.21559501522032187,0.058057856909173866,0.11234299287904262
Cill Bhrónaí,Down,-0.4686998157467367,-2.6977937602862743,0.8832247406320276
Maigh Bhile,Down,-0.04152395410678686,0.02723757412512201,-0.06846041742536202
Baile Chúl Trá,Down,1.6586816323804692,-0.06692624482701401,0.2129894032852953
Ard Mhic Nasca,Down,0.25939574832878304,-0.06520133232453339,0.1371737268879204
Tulaigh Charnáin,Down,-0.05764012422130716,0.09146437170268677,0.09608295179668742
Halla Hill,Down,-0.017600901724301843,-0.0037384553114016912,-0.01184263678847477
Droim Bó,Down,-0.2485274725045869,0.23913269590165195,-0.11699702167837245
Halla Hill,Down,-0.017600901724301843,-0.0037384553114016912,-0.01184263678847477
Cnoc Bhreacáin,Down,-0.28252320511017315,0.40146951854131124,-2.356455751807889
Éadan Trilic,Down,-0.017607417456286883,0.00023763240617156973,-0.005441764844405455
Deachoimheád,Down,0.0,0.0,0.0
An Chléith,Down,0.0,0.0,0.0
Áit Tí Chathail,Down,-0.07610064447956219,0.011109788603322774,-0.027339219874066
An Chorr Chríochach,Down,-0.05208148886503464,0.00887483057633489,-0.029132904858232094
Creamhchoill,Down,-0.006338794198808865,0.0003848814901788083,-0.002344394223796916
Beanna Boirche Thoir,Down,0.11189846580767368,-0.2815670296768778,0.10450519205561716
An Caol,Down,-0.03153859615811635,0.03472597966440706,0.02862464455734576
Cuan Dhún Droma,Down,-0.30287433237853356,0.3497216029778053,-0.020133319509135567
Oileán an tSiúcra,Down,-0.11329063062073298,0.0012790144850757263,-0.0774138043135638
Muileann Bháille,Down,-0.006514793852003109,0.023237594172620755,0.035846255405904665
Droim an Róid,Down,-0.24973556993840113,0.22474171660894424,-0.10778259133207715
Droichead Mhaigh Eo,Down,-0.02976075877977062,0.0004819672176610127,-0.035299675971273474
An Lios Bán,Down,-0.14861371845236768,0.21325567914494759,-0.15762473113133907
An Tulaigh Mhór,Down,-0.4018065513762573,1.766415865555778,2.233584023852024
An Leacain Mhór,Down,-0.36674576433609973,1.707258237159244,2.1718450388942534
Maigh Rath,Down,-0.06129448868771816,0.020909454105248942,-0.022134907164818658
Baile Nua na hArda,Down,2.0577005897353513,-0.04324576915499155,0.26643283718051813
Baile Mhic an Bhaird,Down,2.028950463344626,-0.22316193619440727,0.2981254192582558
An Carbad,Down,-0.007909132335268224,-0.007905568959029875,-0.002033871503934521
Doire Buí,Down,-0.2067474199738314,-0.04928415284660938,-0.025372221961743536
Éadan Trilic,Down,-0.017607417456286883,0.00023763240617156973,-0.005441764844405455
An Ghlasdromainn,Down,-0.016267725641782894,0.03472796396834042,0.04072165805253407
Teach Bhláin,Down,-0.008418913533529582,-0.002673359234505838,-0.0126401876172877
Cill Chaoil,Down,-0.4921639294720928,-2.7458415670498693,0.8969310007283753
Tír Aodha,Donegal,0.023331823760859082,-0.013718429630041402,0.03643933719312124
Cluain Dabhaodóg,Donegal,-0.19954807137742978,0.16771453946139103,0.08149902010251572
Inis Maí Samh,Donegal,-0.11046101854893414,-0.06268497724827565,0.07000388435953867
Na Cealla Beaga Íochtaracha,Donegal,-0.12028796995727473,-0.39084688448906113,0.007418146852334138
Cill Ó mBaird,Donegal,-0.4686998157467367,-2.6977937602862743,0.8832247406320276
Maigh Bhile Íochtarach,Donegal,0.07699792767043014,-0.12214287819913991,-0.1234013192513177
An Leac,Donegal,-0.027489009500826295,-0.0023192240002322096,-0.008438842125731478
Machaire Cairthe,Donegal,-0.031062214279442845,-0.0010990400043276692,-0.01385816906309714
An Cillín,Donegal,-0.03907497264060083,0.00343799313305366,-0.012951320059889379
Bun Cranncha,Donegal,-0.09531567105625322,0.06474139618694925,0.030770046981963707
Cró an Chaorthainn,Donegal,-0.04644257212073462,0.04814128398255863,-0.02840829115058822
An Droim Dubh,Donegal,-0.39213764125655415,0.30424595483719225,-0.2908040655661389
Mín na Gráinneoige,Donegal,-0.045710923895730296,0.011447730519720329,-0.02323539346518287
Mínte na Coille,Donegal,0.05584535218947769,0.008612836346321732,-0.04569037672025135
Mín Uí Bhradáin,Donegal,1.527376679298866,-0.04445077715041255,-0.2494446310327951
An Clochar,Donegal,-0.024982983386189216,0.026647586524159717,0.03139682641503126
Droim na nGuthann,Donegal,-0.24973556993840113,0.22474171660894424,-0.10778259133207715
Céide Íochtarach,Donegal,0.118521881777217,-0.14938045232426192,-0.054940901825955686
An Charcair Bheag,Donegal,-0.09775175241677742,-0.36818968897162985,0.013338341857206344
Droim Gamhan,Donegal,-0.24973556993840113,0.22474171660894424,-0.10778259133207715
Rathain Íochtarach,Donegal,0.11408708854369158,-0.15235913932926196,-0.0585643454585419
Leitir Tréin,Donegal,-0.037819547675839234,0.005488114943827521,-0.05607987631288355
Droim na dTart,Donegal,-0.24973556993840113,0.22474171660894424,-0.10778259133207715
Na Liagáin,Donegal,-0.010288619191217999,0.0005562676414742274,-0.005835430145392315
Paiteagó,Donegal,0.0,0.0,0.0
Baile Uí Bhrolcháin,Donegal,3.2507026158874353,-0.10940009875534719,-0.03711456913086497
Gleann Chuach,Donegal,-0.1417686131155046,0.10440607025715487,0.08472765283215156
Ard an Amhairc,Donegal,-0.0552423122571117,0.10327226034324428,0.025312495485484404
Cruach na Míol,Donegal,-0.022462177923279855,0.0010644445765182911,-0.010786074612988951
Tulaigh Iarla,Donegal,-0.07139652448579445,0.09354293477482803,0.09212071615935376
Dúchaiseal,Donegal,0.0,0.0,0.0
Cnoc na Coille,Donegal,-0.19179926842075246,0.512728236772248,-2.3819777492349017
Coill Darach,Donegal,-0.025775305438554198,0.038058542680710954,-0.01361918942988805
Doire Uí Fhríl,Donegal,1.416970873448201,-0.09454907074414985,-0.19884783603289743
Baile na Bó,Donegal,1.6958218977321042,-0.037698921728185425,0.17410007836224475
An Dún Mór,Donegal,-0.4499784266856681,1.789935570652718,2.2109043416945937
An Bhealtaine Uachtarach,Donegal,-0.013490282316467388,0.005011942614166533,0.037047926122408655
Croithlí,Donegal,0.0,0.0,0.0
Dobhar,Donegal,0.0,0.0,0.0
An Seascann Beag,Donegal,-0.09775175241677742,-0.36818968897162985,0.013338341857206344
Srath Máirtín,Donegal,-0.05561278694805294,0.0033144692480698125,-0.022966745984616312
An Tor,Donegal,-0.01717752266040047,-0.0060038130766825815,-0.0057565063541179795
Iompainn,Donegal,0.0,0.0,0.0
Mullach Dearg,Donegal,-0.12190071974823316,0.17894831607788034,0.16574363140563192
Athphort,Donegal,0.0,0.0,0.0
Maigh nArgan,Donegal,-0.06129448868771816,0.020909454105248942,-0.022134907164818658
Tulaigh Thónmhar,Donegal,-0.05764012422130716,0.09146437170268677,0.09608295179668742
Bun an Bhaic,Donegal,-0.07735292637606457,0.02398808472610746,-0.011099345486566806
Cró Bheithe,Donegal,-0.030419597218950767,0.04257368649178251,0.024973970258069703
Fionntrá,Donegal,0.0,0.0,0.0
Inis Eoghain,Donegal,-0.09930173033973266,0.006084874971255545,0.04301720268621403
Ros Beag,Donegal,-0.2145468286802847,-0.22854965079488943,0.1402497491381411
Baile na Finne,Donegal,1.704166938686444,-0.050556773030543685,0.18341747445346882
Sliabh Leirg an Dachtáin,Donegal,-0.06286187759514815,0.007120904190852835,-0.042190334135602414
Mín na bhFachrán,Donegal,-0.045710923895730296,0.011447730519720329,-0.02323539346518287
Áighe,Donegal,0.0,0.0,0.0
An Chrannóg Bhuí,Donegal,-0.03457415224948879,0.004961566111204592,-0.00904698177554662
Gleann Gheis,Donegal,-0.13237727448247302,0.09971641095026927,0.08290512254153362
Clochar an Chuilinn,Donegal,-0.04461917053991038,0.05196654316898132,-0.05945464007454039
Doire Luacháin,Donegal,-0.13911794214094428,-0.03723887300969581,0.02158124180650758
Mín an Bhainne,Donegal,-0.045710923895730296,0.011447730519720329,-0.02323539346518287
An tArd Donn,Donegal,-0.021309147528038617,0.06951040795874282,0.08327538468139202
An Clochar Thoir,Donegal,0.08691548242148446,-0.2549194431527181,0.13590201847064842
An Leathchruach,Donegal,0.0,0.0,0.0
Mín na mBroc,Donegal,-0.06238706006427207,0.013436558966314089,-0.030879669402393683
An tSeanga Mheáin,Donegal,-0.01534380353482183,-0.0002631878841122452,-0.006858753375269014
Learga na Saorthach,Donegal,0.0,0.0,0.0
Srath an Bhealaigh,Donegal,-0.037507565622209305,-0.04281383669327968,-0.007671152417581147
Droim Riach,Donegal,-0.24973556993840113,0.22474171660894424,-0.10778259133207715
Cill Chathasaigh,Donegal,-0.4686998157467367,-2.6977937602862743,0.8832247406320276
Port Eachrann,Donegal,-0.03572988489612234,0.006892712553660114,-0.014387699750068463
Ailt Chloch,Donegal,-0.04439987202677354,0.004769114972825993,-0.019336370498867536
Sliabh Bhíofáin agus Gharbhrois,Donegal,-0.06286187759514815,0.007120904190852835,-0.042190334135602414
Cruach an Chuilinn,Donegal,-0.03330511816779226,0.026803590478965033,-0.09959208253938694
Mín na Croise,Donegal,-0.055751943286338784,0.01773522371959441,-0.030744254981735844
Caiseal Coimín,Donegal,-0.03917309373815337,0.0008094928858448334,-0.03578400142010735
Cruachlann,Donegal,0.0,0.0,0.0
Gleann Lao,Donegal,-0.15551618283235963,0.11176536351741323,0.0825142173654934
Leargain na Gréine,Donegal,-0.03679454869901587,0.037795530023178536,0.03484619691717638
An Roisín,Donegal,-0.0030981128511928923,0.010205129090890296,-0.0032146748886692778
Goirt Sháile,Donegal,-0.010291207852735934,0.0024882616844496917,-0.005063556711824939
An Mhín Bhuí,Donegal,-0.07215155834678541,0.03667096200788179,-0.11443622502461817
Srath Bruithne Uachtarach,Donegal,-0.052047233579339,0.00673155872219154,0.019305793526504474
Baile Iristín,Donegal,1.69461380029829,-0.05208990102089315,0.18331450870854005
Maol Mosóg,Donegal,-0.024386205087345663,0.016227838560374963,-0.05665134752011694
Cionn Caslach,Donegal,-0.04514606005422327,0.04074397069533861,0.016867418762605328
An Cnoc Glas,Donegal,-0.2626645399032641,0.5416953598511188,-2.4548179647283113
Carraig Bhrachaí,Donegal,-0.0904079724765469,0.0005440943008651592,-0.11445111458367516
Ráth Seanaigh,Donegal,-0.12002901962883608,0.15144999138927867,0.1145533661804946
Na Srathanna,Donegal,0.0,0.0,0.0
Dún Draighin,Donegal,-0.10581199953071796,0.11498407679962692,0.07340326963925684
Aileach Beag,Donegal,-0.09775175241677742,-0.36818968897162985,0.013338341857206344
Baile na nÉan,Donegal,1.7005828231264726,-0.05054848218058601,0.17596182606605656
An Glaidhb,Donegal,0.0,0.0,0.0
An Clár,Donegal,-0.006338794198808865,0.000384881490178812,-0.0023443942237969272
Baile Sheascaigh,Donegal,1.69461380029829,-0.05208990102089315,0.18331450870854005
An Chraobh,Donegal,-0.008925292594714437,0.0005447084746800288,-0.003319948973879512
Cros Chonaill,Donegal,0.001493828098308616,0.005151312525217669,-0.009343151131262032
An Líonán,Donegal,0.0,0.0,0.0
Bun na hAbhann,Donegal,-0.0318903052983657,0.018470371065692118,-0.0047132027324250075
Ceathrú an Mhuilinn,Donegal,-0.029218666802242152,-0.027166623990458175,0.0635200902294628
Ceathrú Bhleathach,Donegal,-0.06226065343957992,0.03472444658878582,0.03274964974736275
Baile Mhic Artúir,Donegal,2.0092518608841847,-0.22056349368867081,0.295175740110976
An Cheathrú Trasna,Donegal,-0.03310134264874414,0.08315400934732223,0.08101979642035162
Gleann Uí Dhuibheannaigh,Donegal,1.4237115411066723,0.04240621321581523,-0.1375239552978714
Baile Mhic Cearnacháin,Donegal,2.0092518608841847,-0.22056349368867081,0.295175740110976
An Tobar Slán,Donegal,-0.09477715267177078,-0.012421135773137484,-0.04088235664606125
An Tobar,Donegal,-0.09477715267177078,-0.012421135773137484,-0.04088235664606125
An Tulaigh Mhór,Donegal,-0.4018065513762573,1.766415865555778,2.233584023852024
Baile Uí Bheaglaoich,Donegal,3.2507026158874353,-0.10940009875534719,-0.03711456913086497
Ruachán,Donegal,0.0,0.0,0.0
Caisleán Bláthach,Donegal,0.029884390363814104,-0.0005274965581573636,-0.03395475576594511
Droim Barrnocht Uachtarach,Donegal,-0.2567318614836723,0.22923428496882597,-0.06899872413068257
Drong,Donegal,0.0,0.0,0.0
Mín Dobhráin,Donegal,-0.045710923895730296,0.011447730519720329,-0.02323539346518287
Droim Scealláin,Donegal,-0.24973556993840113,0.22474171660894424,-0.10778259133207715
An Chabraigh,Donegal,0.0,0.0,0.0
Machaire Rann,Donegal,-0.042624841803640734,0.0009122147290407628,-0.02022477663687089
An Chraobh (Smith),Donegal,-0.008925292594714437,0.0005447084746800288,-0.003319948973879512
Bomaine,Donegal,0.0,0.0,0.0
Baile Uí Mhaolaíola,Donegal,3.2507026158874353,-0.10940009875534719,-0.03711456913086497
Caisleán Wray,Donegal,0.029884390363814104,-0.0005274965581573636,-0.03395475576594511
Carraig an Tiompáin,Donegal,-0.0904079724765469,0.0005440943008651592,-0.11445111458367516
Cluain Dabhaodóg,Donegal,-0.19954807137742978,0.16771453946139103,0.08149902010251572
An Chloigeann Thuaidh,Donegal,-0.0011844563180091337,0.11023688167799868,0.16404125832690158
Sliabh Bhaile an Choincéir,Donegal,1.6317519227031418,-0.04496899683004031,0.14112417457293763
Gort na bhFearn,Donegal,-0.1551452907118627,0.15296560883452331,0.04223555705045017
Cnoc na Móna,Donegal,-0.2245778344750909,0.5115678706957933,-2.405176812871523
An Fhearsaid Mhór,Donegal,-0.34416642715495016,1.6749514938530912,2.1375010720553367
Na Bruíonacha,Donegal,0.0,0.0,0.0
Mullach Shoip,Donegal,-0.08806219486478399,0.16426225666638491,0.17475043958916703
Baile Eochagáin,Donegal,1.69461380029829,-0.05208990102089315,0.18331450870854005
An Dún Mór,Donegal,-0.4499784266856681,1.789935570652718,2.2109043416945937
Gleann Cheo,Donegal,-0.13237727448247302,0.09971641095026927,0.08290512254153362
Creamhghort,Donegal,0.0,0.0,0.0
Duibhleann Mór,Donegal,-0.34416642715495016,1.6749514938530912,2.1375010720553367
Machaire Leacht,Donegal,-0.047554224956308525,-0.0032458239870189706,-0.01973622616382937
An Leithead Beag,Donegal,-0.09775175241677742,-0.36818968897162985,0.013338341857206344
Gleann Meánach,Donegal,-0.09260024145728701,0.10686534430430575,0.07935293735664577
An tArd Glas,Donegal,-0.028365987288599775,0.10637781898524981,-0.031024041021991036
Creamhros,Donegal,0.0,0.0,0.0
Cionn Droma,Donegal,-0.2948816299926244,0.26548568730428285,-0.09091517256947182
Baile Uí Chiaráin,Donegal,3.3022003393626767,-0.1597566403697199,-0.028648054071532134
Leitir Fada,Donegal,-0.11978831298576896,0.042548711176101095,-0.09926720242375188
An Cheathrú Riabhach,Donegal,-0.1391885675463534,0.10966185053051677,0.0703515527499058
Baile Mhic Thiarnáin,Donegal,2.0092518608841847,-0.22056349368867081,0.295175740110976
Machaire na Coille,Donegal,0.032746217442507636,0.006801247943308509,-0.05531737927307069
Gleann Úraí,Donegal,-0.13237727448247302,0.09971641095026927,0.08290512254153362
An Meall Mór,Donegal,-0.3571498999804189,1.698916673511287,2.1605492396085664
Machaire Loiscthe,Donegal,-0.033803245791638396,0.006692939714576999,-0.017524236888615596
Gabhla Mór,Donegal,-0.3606898335097781,1.7110015353854404,2.182449815064104
Doire Easa Cloiche,Donegal,-0.02793854519517744,-0.027433917046999205,0.032127388899296026
An Bhinn Dubh,Donegal,-0.17957799754670695,0.10535353481010616,-0.16008285915029524
An Caiseal,Donegal,-0.02721621268836827,0.0021498255780186474,-0.011968133382648754
Droim Dhoire Dhúnáin,Donegal,-0.23324454486371393,0.2424865386214453,-0.12134796590488334
Mín na gCnámh,Donegal,-0.056890266881179645,0.023457483824453042,-0.08060906404582566
Baile Bó an Teampaill,Donegal,1.7635475222441341,-0.03783090075697019,0.17951848720360886
An Chluain Chlaíoch,Donegal,-0.0354612976728337,0.040617153560065136,0.03128632077151449
Cill Ráin,Donegal,-0.4686998157467367,-2.6977937602862743,0.8832247406320276
Mín an Laig,Donegal,-0.045710923895730296,0.011447730519720329,-0.02323539346518287
An Muileann Buí,Donegal,-0.07414427168489024,0.011192314335707186,-0.011107208362346452
An Goirtín Thuaidh,Donegal,-0.04869271260676084,0.11443400084874948,0.147408348803844
Síorchluain,Donegal,0.0,0.0,0.0
An Charraig Bhreac,Donegal,-0.09207061842839767,0.037422737970538064,-0.007887315366281079
Droim Caoin,Donegal,-0.2983538495734975,0.28880953981716184,-0.06415962321431673
Droim na Brataí,Donegal,-0.24973556993840113,0.22474171660894424,-0.10778259133207715
Baile Uí Leannáin,Donegal,3.3622892420268946,-0.11361441885135701,-0.04753963372316072
Tulaigh Uí Dhónaill Íochtarach,Donegal,1.6675806680837402,-0.11646287898466441,-0.1860414480952928
Mullach an Aoire,Donegal,-0.10057194387778187,0.16806718017643124,0.17298340310399585
An Charraig,Donegal,-0.06648619103834423,0.031317070049614544,-0.002471447413918494
An Corrdhoire,Donegal,0.0,0.0,0.0
Leitir Móir,Donegal,-0.04489851739293202,-0.05513563947264039,-0.03480936445066879
Cúil an Doire,Donegal,-0.20495521411642137,0.014862268881366617,-0.007034041803984408
Ráth Bhoth,Donegal,-0.13016742123168543,0.15857172862623428,0.11737923229309638
Srath an Urláir,Donegal,-0.045050942034067835,0.0022389903623097947,-0.019478073674890108
Droim na hÁithe,Donegal,-0.26066348844466036,0.22985299360765818,-0.11194536858266292
An Caisleán Nua,Donegal,0.39297117980087554,0.008316635307744234,0.049163572706033005
Loch na gCreach Mór,Donegal,-0.621265198978956,1.9783677188885047,2.234560554602644
An Uinsinn,Donegal,0.0,0.0,0.0
An Eachla Bheag,Donegal,-0.09775175241677742,-0.36818968897162985,0.013338341857206344
An Eachla,Donegal,0.0,0.0,0.0
Loch Eachnaise,Donegal,-0.27104364875720693,0.2640922566245295,0.04708607993701057
Cnoc Bhaile an tSratha,Donegal,1.439006100155587,0.4527380478037186,-2.157204030316388
Binn Ghorm,Donegal,-0.031633545810466346,0.015653487914341388,-0.052208379438300735
Cruach Bhríosaí,Donegal,-0.013668931014071097,0.0014846338341434333,-0.008740616049815285
An Bheart,Donegal,0.0,0.0,0.0
Caisleán Cary,Donegal,0.029884390363814104,-0.0005274965581573636,-0.03395475576594511
Croim na Leanbh,Donegal,0.0,0.0,0.0
Cnoc an Fhir Bhréige,Donegal,-0.2752074670447236,0.531032100031531,-2.458081620222987
Fearann Droichid,Donegal,-0.019217189756143435,-0.005361202325539853,-0.03381761545742971
Gáinne Mór,Donegal,-0.34416642715495016,1.6749514938530912,2.1375010720553367
Abhainn Ghlinne,Donegal,-0.11375116274106617,0.13995055615542817,0.11119854415019738
Loch Ghort na Trá,Donegal,-0.32699759286929564,0.26337683012731417,0.07413751806557568
An Cnoc Glas,Donegal,-0.2626645399032641,0.5416953598511188,-2.4548179647283113
An tOileán Glas,Donegal,-0.08776829493518878,0.10964153637954024,-0.1190263495081897
Loch Mhic Ciabáin,Donegal,0.05447382745584167,0.08872653575271477,0.15979782972254455
Loch an Iolair,Donegal,-0.29299151347150976,0.301799982654243,0.04387706981314921
Loch an tSaotharcáin,Donegal,-0.26016423313005305,0.25720012842049245,0.04793659832010855
Loch Dearg,Donegal,-0.29400275801350223,0.27188618783198787,0.03892979013657344
Loch Gabhlach,Donegal,-0.26016423313005305,0.25720012842049245,0.04793659832010855
Gaoth Luacharois Mór,Donegal,-0.40256420118361,1.7354717641092139,2.0767806959187287
Cnoc Mhín an Fhir Rua,Donegal,-0.4718617597966111,0.7291757611687725,-2.974958151967437
Loch Mhullach Dearg,Donegal,-0.31148706713185603,0.2899986950065634,-0.016380852453452763
Loch Abhainn Fhia,Donegal,-0.4068734631118546,0.37211869982427254,0.1313803668052259
Bá Inbhir,Donegal,-0.025079327267544464,0.06826360527170011,0.07945951351350658
Pointe Chill Domhnaigh,Donegal,-0.09143293595285511,0.11035478507922461,0.06644865091418578
Ceann Ros Eoghain,Donegal,-0.15984578058148818,0.10471277252686531,0.1235921378868001
Cuan na gCaorach,Donegal,-0.07216735759085921,0.09019351926000926,0.08813662006103076
Loch Thobar Caoin,Donegal,-0.3087825127651494,0.32126795162871,0.09155956643786897
Cnoic Iorrais,Donegal,-0.011110969659649797,0.0011121448194813658,-0.0060420198383308804
Na Croisbhealaí,Donegal,0.0,0.0,0.0
Clúid an Iolair,Donegal,-0.03282728034145671,0.04459985423375055,-0.004059528506959333
Na Mínte,Donegal,-0.007963079532472793,0.0007125483986855535,-0.004231166510277804
Abhainn an Bhaile Dhuibh,Donegal,1.6814526664579779,0.044364902569463516,0.26409501412190434
An Bhradóg,Donegal,0.0,0.0,0.0
Abhainn Bhun Góistín,Donegal,-0.1834551050859523,0.1630497085028461,0.10279631075184159
Abhainn Bhun na hAbhann,Donegal,-0.1456414680394319,0.1584209272211203,0.10648534141777237
Abhainn Ghleann Daoile,Donegal,-0.14862918456742472,0.16145136731043652,0.11236866862970898
Teileann,Donegal,0.0,0.0,0.0
Na Tréantacha,Donegal,0.0,0.0,0.0
An Clochán,Donegal,-0.03584458760217801,-0.008699111821370644,-0.015381038690232942
Cuan na gCealla Beaga,Donegal,-0.1404423474275391,-0.2907868651952307,0.10768741405565255
An Cúl Buí,Donegal,-0.1334667498083642,0.040055862054148864,-0.07556874737874311
Samhaoir,Donegal,0.0,0.0,0.0
Gleann Fhinne,Donegal,-0.13237727448247302,0.09971641095026927,0.08290512254153362
Inis Caoil,Donegal,-0.09219728647569629,0.05613574887172907,0.03598080107357455
Loch Feabhail,Donegal,-0.26016423313005305,0.25720012842049245,0.04793659832010855
An Machaire,Donegal,-0.031062214279442845,-0.0010990400043276692,-0.01385816906309714
Leic Éime,Donegal,-0.024755158326771425,0.011959999601726747,-0.05398038263973812
Seascann Bhearach Shéamais Mhaighréide,Donegal,0.04736901117806729,0.003660106559257431,-0.0033872661124582774
An Cheathrú Chaol,Donegal,-0.11036037236568388,0.09781025850273405,0.08208747063485036
Cró Bheithe,Donegal,-0.030419597218950767,0.04257368649178251,0.024973970258069703
Cró Chaorach,Donegal,-0.03194727813357439,0.03612348529105475,0.026071596951066072
Cúil Dabhcha,Donegal,-0.06583727197547709,0.05210114189106243,-0.02861528361049199
An Dubhais,Donegal,0.0,0.0,0.0
Dún Damh,Donegal,-0.10581199953071796,0.11498407679962692,0.07340326963925684
Dún Cionnaola,Donegal,-0.10581199953071796,0.11498407679962692,0.07340326963925684
Fánaid Thuaidh,Donegal,-0.0011844563180091337,0.11023688167799868,0.16404125832690158
Cill Charthaigh,Donegal,-0.4686998157467367,-2.6977937602862743,0.8832247406320276
Tulach Dhúghlaise,Donegal,-0.04343881897331479,-0.0590558602905874,0.0569896228753483
An Taobh Scaoilte,Donegal,-0.014933947048922125,0.000725274578374625,-0.006256987656476458
Athphort Uachtarach,Donegal,-0.006996291545271163,0.004492568359881746,0.03878386720139458
Cnoc na hArdadh Bige,Donegal,-0.25560770014270295,0.5048279488246118,-2.340518539024928
Pointe Eachnaise,Donegal,-0.03336367161973887,0.03868729121138741,0.015381542724654008
Carraigeacha an Bhealaigh,Donegal,-0.0012681642049272735,-0.04546525623454455,0.008746472492093479
Baile na mBó,Donegal,1.7031845983275864,-0.049696545638910745,0.18091755492573453
Béal Bhaile an Easa,Donegal,1.7169019764581144,-0.04266085045664366,0.1433664346799668
Bá Bhaile an Easa,Donegal,1.7529847264670726,-0.0236864659025191,0.22314937858448103
Bearna na Muice Báine,Donegal,-0.021825837691989692,0.014613758656884168,-0.07826448286035803
Oileán Muiríní,Donegal,-0.11329063062073298,0.0012790144850757263,-0.0774138043135638
An Bhinn Mhór,Donegal,-0.3813423533835041,1.7008007904349494,2.160439687139103
An Bhinn Ard,Donegal,-0.09241823848566563,0.12912155692510244,0.04825111056925094
An Bhinn Bhuí,Donegal,-0.07175007847804273,0.03081086269306274,0.013891633308219917
An Bhinn Bhuí,Donegal,-0.07175007847804273,0.03081086269306274,0.013891633308219917
Binn an Fhraoigh,Donegal,-0.056328416651699686,0.024413296454961084,-0.05557640610920447
Binn na nÉan,Donegal,-0.0256645229822838,0.017194906754648527,-0.05956106208078422
An Bhinn Bhuí,Donegal,-0.07175007847804273,0.03081086269306274,0.013891633308219917
An Poll Dubh,Donegal,-0.22106128517702808,0.1166571888744324,-0.23275739663287368
An tOileán Dubh,Donegal,-0.2231135264927806,0.15227836358128127,-0.18774839803886845
Bá Íochtair,Donegal,-0.023098781210009696,0.04210093023319518,0.03634268470288474
Droichead Bhriain,Donegal,0.016868236088504907,-0.007772971214775057,-0.024475675581691933
Boilg an Chaca,Donegal,-0.014115224753470277,0.03612869393248616,0.04365944236190807
Loch Bhun Arbha Thoir,Donegal,-0.21796970966726548,-0.0012677489089674143,0.14403955697736992
Loch Bhun Arbha Thiar,Donegal,-0.10124709696169369,0.346039287320779,0.12648791181919466
Bun an Chlaí,Donegal,-0.08449530714706881,0.025719813892613446,-0.01265250527495469
Droichead Charlach Motháin,Donegal,-0.0034975039010658408,-0.005650303942562008,-0.023811624409197013
Carn na Baintrí,Donegal,-0.03567833231530644,0.030990846410045413,0.023914673706764474
Carraig an Cheapa,Donegal,-0.0904079724765469,0.0005440943008651592,-0.11445111458367516
Carraig an Choiscéim,Donegal,-0.0904079724765469,0.0005440943008651592,-0.11445111458367516
Carraig an Lín,Donegal,-0.1030349954875866,-0.00021154368511093198,-0.12643397690926672
Carraig an Bhriocáin,Donegal,-0.10572858296541114,-0.059804432489489634,-0.09889810597624676
Carraig an Bháid,Donegal,-0.0904079724765469,0.0005440943008651592,-0.11445111458367516
An Charraig Chruinn,Donegal,-0.06648619103834423,0.031317070049614544,-0.002471447413918494
An Charraig Dhubh,Donegal,-0.2088882623564972,0.11082130827786255,-0.18549292164798029
Carraig Ghráinne,Donegal,-0.051540183187507645,-0.00128234895672212,-0.12116293409101471
An Charraig Liath,Donegal,-0.1334913186315096,0.03840849723782907,-0.028407782472474687
Carraig na Loinge,Donegal,-0.10485388941925777,0.0118738965971074,-0.17191297374758918
Carraig Lár na Trá,Donegal,-0.13717060649189805,-0.014051176807743457,-0.08995943598344208
An Caiseal,Donegal,-0.02721621268836827,0.0021498255780186474,-0.011968133382648754
Cnoc an Chaisil,Donegal,-0.2731061856272308,0.5167896948989397,-2.3961946069875384
Loch an tSeipéil,Donegal,-0.26016423313005305,0.25720012842049245,0.04793659832010855
Pointe Tharlaigh,Donegal,-0.02248425599258497,0.03179516300735036,0.016232061107751987
Oileán an Teampaill,Donegal,-0.04556500610870308,0.0011470354562909625,-0.0719953954721997
Cladach an Róin,Donegal,-0.01663331494700921,0.0031008725149871564,-0.005902799765020526
Cloch an Stocáin,Donegal,-0.014057691878588617,0.033406604449657026,0.0310717814261787
Sruthán an Chlochair,Donegal,-0.018011653460414508,0.029107181645645155,0.014365394684971684
Sruthán na Cúlbhá,Donegal,-0.007992373406052794,0.028088743022841783,0.017549767074395435
Uaigh an Choire,Donegal,-0.02560671402909235,0.00017193485837026972,-0.006900972520346071
Cruach an tSagairt,Donegal,0.02640105758883055,0.007594969275066004,-0.08693264454791384
Abhainn an Chruaichín,Donegal,-0.11375116274106617,0.13995055615542817,0.11119854415019738
Cruach na mBroc,Donegal,-0.030345067182612873,0.003473462280737193,-0.016384891987026095
Cnoc na Naomh,Donegal,-0.2806536840144782,0.46272218654843694,-2.375840894164713
Cnoc an tSoilseáin,Donegal,-0.25560770014270295,0.5048279488246118,-2.340518539024928
An Chruach Trasna,Donegal,0.04534677986093164,0.0007075410863443166,0.004842608395625683
Cnoc an Cheo,Donegal,-0.25560770014270295,0.5048279488246118,-2.340518539024928
Binn Uaigh an Fhearghamhna,Donegal,-0.04512253789636379,0.012130233710645713,-0.056879945711996775
Cnoc an Stualaire,Donegal,-0.25560770014270295,0.5048279488246118,-2.340518539024928
Cnoc Mhín Leic na Leabhar,Donegal,-0.31794026456677105,0.5484973443230158,-2.499888164913738
Loch Chró na Lochán,Donegal,-0.29724999906830457,0.326329367912639,0.11103795855124006
Cnoc na gCarn,Donegal,-0.2685450572343133,0.5200242306851087,-2.3963680158306824
Cróibh,Donegal,0.0,0.0,0.0
Cnoc Leitir Catha,Donegal,-0.30550851538753415,0.5273872681650121,-2.440018578305229
Loch Chnoiceach Mór,Donegal,-0.6043306602850032,1.9321516222735835,2.1854376703754452
Cnoc an Churraoin,Donegal,-0.2417534043636936,0.5153709108623405,-2.4035224299086075
An Diarach,Donegal,0.0,0.0,0.0
Gob na Dumhcha,Donegal,-0.04796029028980254,0.004550071922388776,-0.03022802365320906
An Droichead Dearg,Donegal,-0.037336028784515,0.009035755468933407,-0.03281843259273212
Droim Loch Mhic Aodha,Donegal,-0.14723974277358692,0.27553151473413057,0.06687730000117544
Cnoc Droim an Locha,Donegal,-0.4395012169862901,0.7478302919331825,-2.4872990390357677
Droim Righin,Donegal,-0.24973556993840113,0.22474171660894424,-0.10778259133207715
An Eidhnigh Bheag,Donegal,-0.09775175241677742,-0.36818968897162985,0.013338341857206344
Droichead na hÉalaití,Donegal,-0.0034975039010658408,-0.005650303942562008,-0.023811624409197013
Folach Éireann,Donegal,0.0,0.0,0.0
Uaigh Fhánada,Donegal,-0.01348899208589745,-0.003523254203695675,-0.004671566273696039
Fiogart,Donegal,0.0,0.0,0.0
Faicheán,Donegal,0.0,0.0,0.0
Barra Mhic Fhionnlaoigh,Donegal,0.3146380605858947,-0.16847359266777767,0.111861231402436
Gleann Allt an Doire,Donegal,-0.2872539339512193,0.06457886207852663,0.10214248760802572
An tOileán Glas,Donegal,-0.08776829493518878,0.10964153637954024,-0.1190263495081897
Oileán Eachtach,Donegal,-0.11329063062073298,0.0012790144850757263,-0.0774138043135638
Oileán na Luchóg,Donegal,-0.11329063062073298,0.0012790144850757263,-0.0774138043135638
An tOileán Glas,Donegal,-0.08776829493518878,0.10964153637954024,-0.1190263495081897
Oileán Craoibhe,Donegal,-0.13921063344772386,0.020471045826346644,-0.13209952071457132
Oileán Liam Mhic Aoidh,Donegal,0.3131849651904758,-0.15148076940111332,0.09234407046525456
An tOileán Loiscthe,Donegal,-0.08345248668682317,0.08056610507193791,-0.008392991630325107
An tOileán Mór,Donegal,-0.4248778823295778,1.7477256192061243,2.13277414825053
An tOileán Mór,Donegal,-0.4248778823295778,1.7477256192061243,2.13277414825053
Oileán na bhFeannóg,Donegal,-0.12636436557651679,0.005656752854833502,-0.07946051537943041
Oileán Sleá,Donegal,-0.11329063062073298,0.0012790144850757263,-0.0774138043135638
Sliabh na hUilleann,Donegal,-0.06286187759514815,0.007120904190852835,-0.042190334135602414
An Uillinn Uachtarach,Donegal,-0.006996291545271163,0.004492568359881746,0.03878386720139458
An Caolas Mór,Donegal,-0.34416642715495016,1.6749514938530912,2.1375010720553367
Baile Uí Cheallaigh,Donegal,3.3670165420867435,-0.11403048168303268,-0.05457178372564207
Oileán na Ceilpe,Donegal,-0.11329063062073298,0.0012790144850757263,-0.0774138043135638
Cill Ulta Íochtarach,Donegal,-0.3501779339695197,-2.847174212610536,0.8282838388060719
Cionn Droma Mór,Donegal,-0.6390480571475745,1.940437181157374,2.046585899485865
An Bhinn Ramhar,Donegal,-0.06530169539773052,0.047631821880284086,-0.07158416702117287
Leac an Téadaire,Donegal,-0.027489009500826295,-0.0023192240002322096,-0.008438842125731478
Leac Bharradáin,Donegal,-0.027489009500826295,-0.0023192240002322096,-0.008438842125731478
An Leac Leathan,Donegal,-0.07014978963639668,0.005828413389193241,-0.018105447103254978
Leac na Creathnaí,Donegal,-0.027489009500826295,-0.0023192240002322096,-0.008438842125731478
An Liathcharraig,Donegal,0.0,0.0,0.0
Loch an Chrainn,Donegal,-0.27083332420633366,0.2632994477067573,0.04640045755790519
Loch an Duine,Donegal,-0.26016423313005305,0.25720012842049245,0.04793659832010855
An Loch Dubh,Donegal,-0.40256630444820607,0.3367043666487405,-0.13508487591395324
Loch an Oileáin,Donegal,-0.24613033564257725,0.2965521699920564,0.09173326766059092
Loch an Tairbh,Donegal,-0.2846233804553373,0.2763873626632991,-0.05395505382132722
Loch an Mhadaidh,Donegal,-0.26016423313005305,0.25720012842049245,0.04793659832010855
An Loch Dubh,Donegal,-0.40256630444820607,0.3367043666487405,-0.13508487591395324
An Loch Fhada,Donegal,-0.34941288164825846,0.29463876353798923,0.0004898397132858529
An Loch Fhada,Donegal,-0.34941288164825846,0.29463876353798923,0.0004898397132858529
Loch Caol,Donegal,-0.2917028292881694,0.2919261080848995,0.0765612428774543
Loch an Chip,Donegal,-0.27610339513928894,0.26352474420874755,0.04551563238503396
Loch na Binne,Donegal,-0.2917977789405194,0.27285361633483385,-0.0042717811181921875
Loch na Cuinge Uachtarach,Donegal,-0.2671605246753242,0.2616926967803742,0.08672046552150313
Loch na gCliath,Donegal,-0.26016423313005305,0.25720012842049245,0.04793659832010855
Loch na mBan Síofróg,Donegal,-0.2879296314419082,0.21215076139590605,0.05750700556736309
Loch na Míne,Donegal,-0.2719888589304199,0.26394691846430274,0.046617305769276904
Loch na Pingne,Donegal,-0.26016423313005305,0.25720012842049245,0.04793659832010855
Loch na Searrach,Donegal,-0.27068244925149854,0.2633763315692321,0.04670819010496757
Loch Salach,Donegal,-0.27026860205590775,0.30499218278973517,0.0905006085128958
Loch Salach,Donegal,-0.27026860205590775,0.30499218278973517,0.0905006085128958
Loch Shliabh Sneachta Beag,Donegal,-0.35791598554683046,-0.1109895605511374,0.06127494017731489
Loch Bheithe,Donegal,-0.2586365522154294,0.2636503296212202,0.046838971627112175
Trá Chloch na nArlann,Donegal,-0.07339147868978527,-0.010548655311216074,0.013069499519410062
An Lochán Giobach,Donegal,-0.02375847664000765,0.06122296140410645,0.06358450550314391
An Lochán Mór,Donegal,-0.3679249037949578,1.7361744552571976,2.2010855775584806
Loch Sálta,Donegal,-0.26016423313005305,0.25720012842049245,0.04793659832010855
Bá an Mhachaire,Donegal,-0.011963354216070855,0.029820370274331848,0.03167322401520015
Mín na mBroc,Donegal,-0.06238706006427207,0.013436558966314089,-0.030879669402393683
Loch Mhín na Craoibhe,Donegal,-0.3236616420543405,0.30810155565844055,-0.11213836132997052
Mín na nGall,Donegal,-0.060330602495123696,0.015622355902717197,-0.031235181628876164
Mín an Albanaigh,Donegal,-0.045710923895730296,0.011447730519720329,-0.02323539346518287
Mín na Sróna Uachtarach,Donegal,-0.05270721544100146,0.015940298879602074,0.01554847373621171
Mín an Tóiteáin,Donegal,-0.054921672960136114,0.013655305978793853,-0.028882099538272223
Abhainn Mhín Ghiolla Charraigh,Donegal,-0.10629232369970293,0.1690530630059251,0.014883048881593206
Bá an Mhill Mhóir,Donegal,-0.349610126843737,1.7030370204330045,2.1710561494071783
An Loch Bheag,Donegal,-0.35791598554683046,-0.1109895605511374,0.06127494017731489
Droichead an Mhuilinn,Donegal,0.02954448273627193,-0.067541374521806,0.006958816072903041
Cnoc na Mullcha,Donegal,-0.25560770014270295,0.5048279488246118,-2.340518539024928
An Muirlín,Donegal,0.0,0.0,0.0
An Seanbhaile,Donegal,-0.01956563924060381,0.033461743804881094,0.03587253910263052
Casán an Aon Fhir,Donegal,-0.019599766902020654,0.026204151206919234,-0.1175630811980589
Abhainn na Craoibhe,Donegal,-0.13967116556805703,0.1591425874966991,0.05651282774918987
An Abhainn Bhuí,Donegal,-0.14832531499055496,0.14491212226663278,0.10215156237465076
Páirc an Chéididh,Donegal,-0.0016717149708233168,0.08391575013285363,0.07611270158750826
Pointe Pholl an Chaonaigh,Donegal,-0.04456066452630951,0.035787835794408356,0.006927006541241485
Poll an Chaonaigh,Donegal,-0.08684596376326995,0.03913558211519138,-0.05300091725167226
Poll na Duibhe,Donegal,-0.09993695323845944,0.039101187473219945,-0.05822417851777204
Poll an Bháis,Donegal,-0.07865921385887509,0.03715295064618439,-0.04973592239881188
Poll na Binne Duibhe,Donegal,-0.1315704990489258,0.05475467538756133,-0.11043255795607278
Poll an tSómais,Donegal,-0.07865921385887509,0.03715295064618439,-0.04973592239881188
Port Mairse,Donegal,-0.03572988489612234,0.006892712553660114,-0.014387699750068463
An Reannaigh Dhubh,Donegal,-0.142402071318153,0.07950423822824801,-0.1830214742340618
Rinn Ard Dealfa,Donegal,-0.10444528977088587,0.1124829771561453,-0.011125076698204148
Pointe na Rinne Buí,Donegal,-0.0901137338254721,0.01974988317043679,-0.03072140266049913
Rinn na mBroc,Donegal,-0.06587911368231594,0.011199545259494785,-0.04408184812089936
Oileán an Rum,Donegal,-0.11329063062073298,0.0012790144850757263,-0.0774138043135638
Abhainn an Scáthláin,Donegal,-0.11375116274106617,0.13995055615542817,0.11119854415019738
An Scoilt,Donegal,-0.025730795787852402,0.02501250951473477,0.03275733385535403
Scoilt an Churaigh,Donegal,-0.025730795787852402,0.02501250951473477,0.03275733385535403
Scoilt Ailbhe Bheag,Donegal,-0.12348254820462981,-0.3431771794568951,0.046095675712560374
An Scoilt Mhór,Donegal,-0.3698972229428026,1.699964003367826,2.170258405910691
Scoilt na gCabhóg,Donegal,-0.025730795787852402,0.02501250951473477,0.03275733385535403
Scoilt na gCabhóg,Donegal,-0.025730795787852402,0.02501250951473477,0.03275733385535403
Scoilt na Péiste,Donegal,-0.025730795787852402,0.02501250951473477,0.03275733385535403
Spinc na bhFaoileog,Donegal,0.0,0.0,0.0
Sceilp Úna,Donegal,-0.004594311392446815,0.00527530338393764,0.0023467791911528806
Sliabh Mullach,Donegal,-0.15092407245993214,0.17138316085723776,0.13256010545356461
Sruthán an Aillt Chaoil,Donegal,-0.03982316823542463,-0.02030328045089411,0.028687527578904956
Sruthán an Easa,Donegal,0.055822252451516625,0.02840665156130253,0.023829559598494775
Sruthán an Chró Chaim,Donegal,-0.021319662704296676,0.03599502111088189,0.017066621802383032
Sruthán Shrath Laoill,Donegal,-0.007992373406052794,0.028088743022841783,0.017549767074395435
Tobar Conaill,Donegal,-0.09589626199791319,-0.019412272280428786,-0.0407393551893554
Staca na nGlasán,Donegal,-0.005083264641353367,0.00033825348985692347,-0.0022909892807195906
Stacán an Gharbhphoirt,Donegal,-0.013219592608926729,0.011403694088402316,-0.054969247837508436
Staca Ruairí,Donegal,0.07307201389569759,-0.0017325566598522034,2.9922609399552456e-06
Oileán na nDúróg,Donegal,-0.11329063062073298,0.0012790144850757263,-0.0774138043135638
Carraig an Stocáin,Donegal,-0.09829820770483433,0.0016681269856120159,-0.11863911927774176
Srath na Brád Íochtarach,Donegal,0.07347093974314917,-0.14714146196195213,-0.0744189755008458
Srath an Arbhair,Donegal,-0.06021847231810266,0.013583399657809685,-0.07636901698595165
Nead an Iolair,Donegal,-0.054015693951836155,0.07831512514139752,0.038939962971308174
Tobar Mhuire,Donegal,-0.12633784361625688,-0.11469101308985863,-0.014123719399842402
Tobar na nAmhrán,Donegal,-0.09477715267177078,-0.012421135773137484,-0.04088235664606125
Tóin Scoilt an Leamhaigh,Donegal,-0.046263088172168565,0.027365857909927856,0.023884305903751457
An Tor Beag,Donegal,-0.11492927507717789,-0.3741935020483124,0.007581835503088365
Tor Mharcais,Donegal,-0.024849912367055055,-0.004580967646112299,-0.008901091622694838
Tor na mBallán,Donegal,-0.01717752266040047,-0.0060038130766825815,-0.0057565063541179795
An Trá Bhán,Donegal,-0.09279944102244811,0.01283427238589592,0.03331028702860601
An Trá Dhearg,Donegal,-0.06977069280126989,-0.00015028439462544396,0.02066808639322016
An Trá Ghlas,Donegal,-0.04298900767838189,0.022031067220386134,-0.0846245311266278
An Trá Mhór,Donegal,-0.3800985950727709,1.6601151500469704,2.167175966632092
Trá Shruthán na nEascann,Donegal,-0.043312184784147015,-0.014320855210206788,0.024979862250125696
Tulaigh na Gréine,Donegal,-0.07583950872253149,0.09550693885420342,0.0927095911700834
An Torc,Donegal,-0.012534430103237812,0.004907441373152524,-0.00033602716431524004
Reilig Chill Bhléine,Donegal,-0.08171897780659931,0.07877248226479876,0.04759948640726439
Leaba Dhiarmada agus Ghráinne,Donegal,0.04793523607521953,-0.004581436981558346,-0.009471824044548285
Gleann Cholm Cille,Donegal,-0.1261143420570339,0.1081618452856958,0.08566357883625988
Cluain Lao,Donegal,-0.21033378186687135,0.1721678814721774,0.0797223619016349
Cloich Óir,Donegal,-0.014786366443680652,0.012746192829552428,-0.05736835953108299
An Coimín,Donegal,-0.011956881049785104,-0.001340332692173814,-0.023815868037458596
Croithlí,Donegal,0.0,0.0,0.0
Droim Caoin,Donegal,-0.2983538495734975,0.28880953981716184,-0.06415962321431673
An Ráith,Donegal,0.0,0.0,0.0
Bealach Féich,Donegal,-0.04640517149972627,0.05151838865045337,0.056775550329381905
Baile Lifín,Donegal,1.69461380029829,-0.05208990102089315,0.18331450870854005
An Cheathrú Chaol,Donegal,-0.11036037236568388,0.09781025850273405,0.08208747063485036
An Craoslach,Donegal,0.0,0.0,0.0
Cladach Bhun Leacaí,Donegal,-0.07885781843466051,0.025610874740975217,-0.011054554071605358
Sruthán an Bhearnais,Donegal,-0.007992373406052794,0.028088743022841783,0.017549767074395435
Droichead Chroithlí,Donegal,-0.0034975039010658408,-0.005650303942562008,-0.023811624409197013
Ros na bPartán,Donegal,-0.1167950762635073,0.13964003817674042,0.12691140728093475
Rann na Feirste,Donegal,-0.02232830431482664,0.002640695541881165,-0.012513740013022405
An Lathaigh,Donegal,0.0,0.0,0.0
Mín na Croise,Donegal,-0.055751943286338784,0.01773522371959441,-0.030744254981735844
Claoininis,Fermanagh,0.0,0.0,0.0
Béal Leice,Fermanagh,-0.023690657235163875,0.009271181072896281,-0.049206928727572756
Machaire na Croise,Fermanagh,-0.04110323367005134,0.0051884531955464115,-0.02136703057965011
Inis Ceithleann,Fermanagh,-0.09622659078667266,0.05864201226700454,0.033953215849976695
Claoininis,Fermanagh,0.0,0.0,0.0
Cluain Tibhrinne,Fermanagh,-0.18719487351698474,0.16011892890503346,0.08011326707767512
Droim Cléithe,Fermanagh,-0.2633475324892015,0.23116805212877642,-0.11432969558199584
Camleitir,Fermanagh,0.0,0.0,0.0
Ros Catha,Fermanagh,-0.13615622704077496,0.15708928145853646,0.07923181181756332
An tOileán Bán,Fermanagh,-0.09626019285866681,0.21652932483186055,-0.04373796120898972
Feartach,Fermanagh,0.0,0.0,0.0
Maigh Niadh,Fermanagh,-0.06129448868771816,0.020909454105248942,-0.022134907164818658
Both Loiste Mhór,Fermanagh,-0.3938748677926858,1.7564581340021537,2.171731242380956
Na Fánaí,Fermanagh,0.0,0.0,0.0
An Mullach Fada,Fermanagh,-0.1773108433829894,0.20170089178388168,0.12730368098234435
Achadh Lon,Fermanagh,-0.08132250788784602,0.025340506250469932,-0.003903889349688423
Créach,Fermanagh,0.0,0.0,0.0
Baile Uí Chaiside,Fermanagh,3.2507026158874353,-0.10940009875534719,-0.03711456913086497
An tOileán Bán,Fermanagh,-0.09626019285866681,0.21652932483186055,-0.04373796120898972
An Fhinn,Fermanagh,0.05924031381958394,-0.001601891955538339,0.003459573163351397
An Arna,Fermanagh,0.0,0.0,0.0
An Abha Dhubh,Fermanagh,-0.16559113019849508,0.07937724529696175,-0.19254549664806211
Mullach an Chnoic,Fermanagh,-0.09073658094742232,0.17128705587808096,0.16864616396448195
Inis Badhbha,Fermanagh,-0.08352279784733851,0.054616364896986604,0.0349675462743042
An Droim Meánach,Fermanagh,-0.20995853691321512,0.2318906499629807,-0.11133477651696501
Srath Gabhláin,Fermanagh,-0.045050942034067835,0.0022389903623097947,-0.019478073674890108
Bléinigh,Fermanagh,0.0,0.0,0.0
Inis Ceithleann,Fermanagh,-0.09622659078667266,0.05864201226700454,0.033953215849976695
Botha,Fermanagh,-0.007963079532472793,0.0007125483986855514,-0.0042311665102778015
Béal Leice,Fermanagh,-0.023690657235163875,0.009271181072896281,-0.049206928727572756
Eadarnaidh,Fermanagh,0.0,0.0,0.0
Inis Ceithleann,Fermanagh,-0.09622659078667266,0.05864201226700454,0.033953215849976695
Baile Uí Chaiside,Fermanagh,3.2507026158874353,-0.10940009875534719,-0.03711456913086497
Maigh Niadh,Fermanagh,-0.06129448868771816,0.020909454105248942,-0.022134907164818658
Tír Uí Bhranáin,Fermanagh,1.5313986396410317,-0.03309188973696697,-0.1988518022569918
Clann Mhac nEoghain,Galway,0.3146380605858947,-0.16847359266777767,0.111861231402436
Baile na hInse,Galway,1.737265020735736,-0.05361528191401036,0.18663146949794554
Dún Coillín,Galway,-0.1287425679577436,0.12000626748490273,0.06591254581428162
Áth Eascrach,Galway,-0.09809642914959553,0.04864902273209421,-0.03296400008941896
Ard Raithin,Galway,-0.04880173569249884,0.11076633142619635,0.027940053264947258
Áth Liag,Galway,-0.12157868449506976,0.07875677224334429,0.00919862079508043
Baile an Dúin,Galway,1.6733275061249997,-0.006896146935217694,0.21112536891318415
Cluain Caoin,Galway,-0.2358131531520811,0.22418675211325106,0.12373623519543553
Dún an Uchta,Galway,-0.10581199953071796,0.11498407679962692,0.07340326963925684
Cill Cholgáin,Galway,-0.4686998157467367,-2.6977937602862743,0.8832247406320276
Cill Chonaicne,Galway,-0.4686998157467367,-2.6977937602862743,0.8832247406320276
Cill Fhaoile,Galway,-0.4686998157467367,-2.6977937602862743,0.8832247406320276
Cill Tulach,Galway,-0.5121386347200515,-2.756849620576862,0.9402143635073759
Iomaí,Galway,0.0,0.0,0.0
Órán Mór,Galway,-0.34416642715495016,1.6749514938530912,2.1375010720553367
Breacarnach (Clancarty),Galway,0.0,0.0,0.0
Tuaim Sruthra,Galway,-0.026191003700667306,0.027326812158590764,0.02679432594405961
Mainistir Ó gCormacáin,Galway,-0.030980600602027557,-0.0020594098739249466,-0.010603862517742025
Cúlach,Galway,0.016394532575745344,0.002492118091784153,-0.00014835325486492682
Droim an Tobair,Galway,-0.24217690201416275,0.20630207683462215,-0.17796008850051334
Droim Eyre,Galway,-0.24973556993840113,0.22474171660894424,-0.10778259133207715
Oirbhealach Uachtarach,Galway,-0.006996291545271163,0.004492568359881746,0.03878386720139458
Lios Mhic Aogáin (Hodson),Galway,0.21042890739926481,-0.10578317065242392,-0.00238223027422992
Sraith Luachra,Galway,-0.027461537668590892,0.0056138294215615815,-0.007661724377786887
An Chathair,Galway,-0.06887305651818929,0.025125909667483667,-0.03308781371585634
Doire Fhada,Galway,-0.2283665906591497,0.00019976210780096176,-0.025865516800315114
Doire an Mhaoláin,Galway,-0.108189280270058,-0.09712352821777057,0.03733198009328344
An Coillín,Galway,-0.022930568427025656,0.0050221906852758085,-0.007490723824975221
Loch Buan,Galway,-0.26016423313005305,0.25720012842049245,0.04793659832010855
Alúin Íochtarach,Galway,0.118521881777217,-0.14938045232426192,-0.054940901825955686
Cluain Gamhna,Galway,-0.2082095588861736,0.17059991433828858,0.0793039545979362
Breac-chluain,Galway,-0.008925292594714437,0.0005447084746800288,-0.003319948973879512
Áit Tí Cofaigh Thiar,Galway,0.1681721850725244,0.07415785629755378,0.06704893995337144
An Baile Nua,Galway,2.0577005897353513,-0.04324576915499155,0.26643283718051813
An Gleannán,Galway,0.0,0.0,0.0
An Lochán Bréan,Galway,-0.03731675273552491,0.067974011131668,0.059080950313055346
An Cheathrú Riabhach,Galway,-0.1391885675463534,0.10966185053051677,0.0703515527499058
Baile an Doire,Galway,1.5554958581573457,-0.08932877403058896,0.20489575051504763
Ceathrú an Ghabhann,Galway,-0.013449760559983467,0.03635382936048685,0.037450985149482925
Tulaigh Mhuicí,Galway,-0.06442287051869869,0.09375974731635692,0.0958620848874469
Lios na bhFoltán,Galway,-0.13306498076832848,0.06950047966612027,-0.118613693727156
Baile na dTurcach,Galway,1.69461380029829,-0.05208990102089315,0.18331450870854005
An Réchoill,Galway,0.0,0.0,0.0
Goirtín an Mhuilinn,Galway,-0.01446626965141394,-0.05769395140849319,0.01413753095904249
Lios Uí Choileáin,Galway,1.4943409360815028,-0.04503417513595188,-0.33748188566197074
An Baile Glas,Galway,1.6875569605377287,-0.015222489994386156,0.06901508300515699
An Eiscir,Galway,-0.012462157097300051,-0.008401135189587357,-0.005873237309992277
Inis Aodha,Galway,-0.035500798138366,0.01667962726945814,0.049829607885012235
Coill na Buiríse,Galway,-0.005814648841794402,0.03186805099076262,-0.01368687421827267
Ard Beirín,Galway,-0.0552423122571117,0.10327226034324428,0.025312495485484404
Baile na mBreatnach,Galway,1.69461380029829,-0.05208990102089315,0.18331450870854005
Baile Úlaidh,Galway,1.69461380029829,-0.05208990102089315,0.18331450870854005
Béal Átha an tSiúraic,Galway,0.013860345248683785,0.01743347677342697,-0.07859729134458297
Na Cúilíní Thoir,Galway,0.11189846580767368,-0.2815670296768778,0.10450519205561716
Fíoch,Galway,-0.004761448439425612,-0.0059423663291864265,7.588260175151559e-05
Cill Tormóir Thiar,Galway,-0.2400787372334912,-2.632053753733406,0.9701782875294696
Bile Chuas,Galway,0.0,0.0,0.0
Cnoc na hUaighe,Galway,-0.25560770014270295,0.5048279488246118,-2.340518539024928
Lios an Phearsúin,Galway,-0.13306498076832848,0.06950047966612027,-0.118613693727156
Áit Tí Préacháin,Galway,-0.06044889344072106,0.008417849744685204,-0.019904606944070452
Baile na mBodach,Galway,1.7920391887771303,-0.05608717568766562,0.1954752487407625
Ardchoill,Galway,-0.008925292594714437,0.0005447084746800315,-0.0033199489738795084
An Gearrán Bán,Galway,-0.01554873768403919,0.1437551994788273,-0.03901103740418307
Caolchoill,Galway,0.0,0.0,0.0
Cluain Beag,Galway,-0.2849466259337622,-0.2080707600665964,0.09345160893488147
Doire Fhada Thiar,Galway,0.0002544878540957918,0.06593976866066953,0.06108803009712678
Aill na bhFiach,Galway,-0.042570320562937136,0.04250048085941702,0.03289438871097628
An Charraig Mhór,Galway,-0.4106526181932944,1.7062685639027058,2.135029624641418
Baile Conraoi,Galway,1.69461380029829,-0.05208990102089315,0.18331450870854005
Leitir Dín,Galway,-0.030539664467563555,0.005110076058604319,-0.051820443816929185
Leitir Seanaidh,Galway,-0.030539664467563555,0.005110076058604319,-0.051820443816929185
Fothair,Galway,0.0,0.0,0.0
Salroc,Galway,0.0,0.0,0.0
Tulaigh Uí Chonchúir,Galway,1.498448691367838,0.03415417396823273,-0.1243461260427176
Na Monga,Galway,0.0,0.0,0.0
Seanadh Chaola,Galway,-0.00826700665889198,0.0037950493649305823,0.00032246071338877725
Cluanach Mhór,Galway,-0.37200019883422514,1.7742971534595777,2.262588479216315
Damhoileán,Galway,0.0,0.0,0.0
Inis Goirt,Galway,-0.09381400570007445,0.057104626581436294,0.02990398956247926
Inis Scine Mór,Galway,-0.4276892250022887,1.7295678587500778,2.1724686183296407
An Aird Thiar,Galway,0.24320027607891548,0.06948561229572363,0.08782034170422784
Oileán Aimhréidh,Galway,-0.12144938807716968,0.0016926952777063563,-0.08156042742965418
Carna,Galway,-0.006338794198808865,0.0003848814901788096,-0.002344394223796917
An Coillín,Galway,-0.022930568427025656,0.0050221906852758085,-0.007490723824975221
Fraochoileán,Galway,0.0,0.0,0.0
Glinsce,Galway,-0.006338794198808865,0.00038488149017880765,-0.0023443942237969173
Inis Troighe,Galway,-0.08352279784733851,0.054616364896986604,0.0349675462743042
Roisín an Chalaidh,Galway,0.005353522952477523,0.006587261437739565,-0.00835104354632268
An Chathair,Galway,-0.06887305651818929,0.025125909667483667,-0.03308781371585634
Ceannúir,Galway,0.0,0.0,0.0
Doire Fhada Thoir,Galway,-0.11646812485147601,-0.2813672675690768,0.07863967525530204
An Gharmain,Galway,0.0,0.0,0.0
Leitir Seanaidh,Galway,-0.030539664467563555,0.005110076058604319,-0.051820443816929185
An Ros Rua,Galway,-0.27587196291809823,0.3060743034173047,-0.28457588121444344
Oileán na nGeabhróg,Galway,-0.11329063062073298,0.0012790144850757263,-0.0774138043135638
Loch Conaortha,Galway,-0.26016423313005305,0.25720012842049245,0.04793659832010855
An tOileán ó Thuaidh,Galway,-0.08189591149263675,0.18301100703103193,0.15931433452209492
Bráidoileán,Galway,0.0,0.0,0.0
Corr Uí Mhongáin,Galway,1.4812696543826098,-0.0627115560107719,-0.27247655056190373
Inis Brún,Galway,-0.08352279784733851,0.054616364896986604,0.0349675462743042
Leitir Geis Thiar,Galway,0.19808141404568191,0.0708500826114729,0.035133103080512706
Áit Tí Geadáin,Galway,-0.06044889344072106,0.008417849744685204,-0.019904606944070452
Cois an tSrutha,Galway,-0.007458556824230118,0.0009050002867965214,-0.002540002073386329
Magh,Galway,-0.011428890029091168,0.0014437376403849283,-0.006640157304392481
An Roisín,Galway,-0.0030981128511928923,0.010205129090890296,-0.0032146748886692778
Caladh an Chnoic,Galway,0.005777249721032085,0.0034069315585453248,-0.011240644282338466
Caladh Mhaínse,Galway,0.008451635803670416,-0.003617867653150731,-0.005136368657653402
Gleannán,Galway,0.0,0.0,0.0
Oileán Mana,Galway,-0.11329063062073298,0.0012790144850757263,-0.0774138043135638
Cor an Dola,Galway,-0.012847955850044723,0.005364443480027035,-0.005795269554983983
Na Coitiantaí,Galway,0.0,0.0,0.0
An Chreig Dhubh,Galway,-0.15347474678085063,0.08173799720219943,-0.19036398842360552
Ceathrú an Tobair Thiar,Galway,0.17391909299790392,0.08202481336733229,0.04952569947636845
Baile Uí Fhathaigh,Galway,3.2507026158874353,-0.10940009875534719,-0.03711456913086497
An Cnoc Bán,Galway,-0.27115643782674215,0.6485831483034391,-2.3795295764291113
Páirc an Bhairéadaigh,Galway,-0.0016717149708233168,0.08391575013285363,0.07611270158750826
Páirc na bhFianna,Galway,-0.0257710328055171,0.10019551641952883,0.08150507608728899
Cnoc na Craoibhe,Galway,-0.2815277029696938,0.5240199801658827,-2.3952042554259356
An Phéic Rua,Galway,-0.17040101360566084,0.1705148340047724,-0.42385117321677906
Poll an Ghuail,Galway,-0.07865921385887509,0.03715295064618439,-0.04973592239881188
An Garrán Theas,Galway,0.002105211260291579,-0.03238383699075469,-0.059000966058713744
Maolún,Galway,0.0,0.0,0.0
Áit Tí Seonac,Galway,-0.06044889344072106,0.008417849744685204,-0.019904606944070452
An Chloch Scoilte,Galway,-0.03745931077196454,0.004287688494904786,-0.016605395057345203
An Cillín,Galway,-0.03907497264060083,0.00343799313305366,-0.012951320059889379
Mionchluain,Galway,0.0,0.0,0.0
Troscaigh Thoir,Galway,0.11189846580767368,-0.2815670296768778,0.10450519205561716
Cluain na bhFeadóg,Galway,-0.2004995336159575,0.1680269996126392,0.07813143463026251
Droim na Gaoithe,Galway,-0.308133343967061,0.2852619868650669,-0.16850296746868504
Baile an Dúlaigh,Galway,1.69461380029829,-0.05208990102089315,0.18331450870854005
Gort Chluain Mór,Galway,-0.5347730155396465,1.8685342562476797,2.211022949877301
An Phéic,Galway,-0.011324126951069947,0.004080568764208107,-0.012363884721400892
Baile Uí Bhróin,Galway,3.2507026158874353,-0.10940009875534719,-0.03711456913086497
Leitir Gungaid,Galway,-0.030539664467563555,0.005110076058604319,-0.051820443816929185
Páirc Mhuirlinne,Galway,-0.0016717149708233168,0.08391575013285363,0.07611270158750826
Oileán Rois Bhig,Galway,-0.12196470430138096,-0.15111063505996805,-0.030660794493114745
An Bealach,Galway,-0.04640517149972627,0.05151838865045337,0.056775550329381905
Gleann na Néal,Galway,-0.13237727448247302,0.09971641095026927,0.08290512254153362
Na Doiriú Theas,Galway,0.018709777612882398,-0.07945857782865254,-0.09117483192104674
Ros an Mhíl,Galway,-0.13300878374201236,0.1508925816048577,0.12680122549153708
Caorán na gCearc Thuaidh,Galway,-0.0011844563180091337,0.11023688167799868,0.16404125832690158
Both Chuanna Thiar,Galway,0.1849634625286782,-0.012690019104657183,0.16330532291877212
Cárán Caolbhaí,Galway,-0.006338794198808865,0.000384881490178808,-0.0023443942237969116
An Clochán,Galway,-0.03584458760217801,-0.008699111821370644,-0.015381038690232942
Oileán na mBráthar,Galway,-0.124533031228873,0.017885611155911058,-0.12472325641153648
Leitir,Galway,-0.030539664467563555,0.005110076058604319,-0.051820443816929185
Ogúil,Galway,0.0,0.0,0.0
An Corrbhaile,Galway,-0.019148240935310076,-0.00367659768113944,-0.0033683511858019592
Liathleitir,Galway,0.0,0.0,0.0
Sliabh an Aonaigh,Galway,-0.07746283687126651,0.012816088377820566,-0.04424268392693062
Fionasclainn,Galway,-0.006338794198808865,0.00038488149017880646,-0.0023443942237969134
An Spidéal Láir,Galway,0.048341856562139345,0.017014269358047358,-0.04010898029147935
Baile Dóite,Galway,1.7370601895826554,-0.05563762501031701,0.19574553210120885
Port Darach,Galway,-0.055690541492882134,0.013083204243608447,-0.014320014961683843
Cloch an Mhíle,Galway,-0.016338251990488217,0.034013852315525735,0.032475151124180035
An tSráid,Galway,0.0,0.0,0.0
Cluain Ruach,Galway,-0.18719487351698474,0.16011892890503346,0.08011326707767512
Glinsce,Galway,-0.006338794198808865,0.00038488149017880765,-0.0023443942237969173
Achadh Leataoibh,Galway,-0.09120257921918697,0.025457474697457783,-0.005836746695541904
Gort Mhuiríosa,Galway,-0.1551452907118627,0.15296560883452331,0.04223555705045017
Buíbheanach Beag,Galway,-0.09775175241677742,-0.36818968897162985,0.013338341857206344
Baile na hAbhna,Galway,1.69461380029829,-0.05208990102089315,0.18331450870854005
Na Creagáin,Galway,0.0,0.0,0.0
An Móinín Rua,Galway,-0.17568345195422658,0.167655302881955,-0.4271397212333256
Baile Leathaird,Galway,1.69461380029829,-0.05208990102089315,0.18331450870854005
Gleann na Madadh,Galway,-0.14214906000586075,0.102917172967356,0.08239991328284252
An tOileán Thiar,Galway,0.14790962333861785,0.13851413190590184,0.08222662309263525
Cill Chúile,Galway,-0.4988286894111274,-2.8691912022914576,0.938141058207997
Ceathrú an Doire,Galway,-0.2013785955805242,-0.0025144264209099945,0.05433089155387033
Corr na nDamh,Galway,-0.0874002604182679,-0.003693380162281325,-0.05762344096546019
Corr an Locha,Galway,-0.008977108111721588,0.01285926822330859,-0.09104538140126091
Baile Liam,Galway,1.806451335523604,-0.03637609223930453,0.2412111520849224
An tÁthán,Galway,0.0,0.0,0.0
An Gort Garbh,Galway,-0.17214763064846003,0.16156066693417614,0.03874992703448961
Cluain Caoin Léana an Fhóid,Galway,-0.24558450115781705,0.23424338634545774,0.12226664206595832
An Choill Mhór,Galway,-0.43861825034483015,1.8680660000732143,2.3830155751802486
An Ghléib,Galway,-0.03874097762943806,-0.0019058849035651173,-0.01420874772834608
Lios Driseacháin,Galway,-0.13306498076832848,0.06950047966612027,-0.118613693727156
An Cheathrú Rua,Galway,-0.2375250091642667,0.24888073350154222,-0.33531010047065224
Lios Riobhas,Galway,-0.13306498076832848,0.06950047966612027,-0.118613693727156
An Poll Liath Theas,Galway,-0.12695456383915807,-0.035214199994253625,-0.1668470893784148
An Turlach,Galway,-0.015254255855306193,0.0038067839181633203,-0.0027857446601802388
Doire Challainn Thuaidh,Galway,-0.14030239845895343,0.07299800866830286,0.18562250013340917
An Ghabhail Rua,Galway,-0.1590768866545909,0.1664342652405643,-0.4114872884953782
Na Pollacha,Galway,0.0,0.0,0.0
Prospect,Galway,0.0,0.0,0.0
Ard Raithin Thuaidh,Galway,-0.049986192010507975,0.22100321310419502,0.19198131159184884
An Baile Bán,Galway,1.679065062614251,0.09166529845793417,0.14430347130435697
Cathair Cheallaigh,Galway,0.047440869681119116,0.020495526739798188,-0.05054502831063344
Droiminn an Locha,Galway,0.06584205309481392,0.018260626499626446,-0.0389979086787622
Dún Aille Thoir,Galway,-0.007906248241941033,-0.16287638612193425,0.17897596567553228
Cathair Bhruadair,Galway,-0.06887305651818929,0.025125909667483667,-0.03308781371585634
An Ráithín,Galway,-0.008869926344795182,0.03461764721559771,0.026230922667888276
Turlach Caológ,Galway,-0.015254255855306193,0.0038067839181633203,-0.0027857446601802388
Cuileannach Mhór,Galway,-0.3587208396572695,1.7112000727749297,2.180994113896758
An Ghaoithigh Thuaidh,Galway,-0.0011844563180091337,0.11023688167799868,0.16404125832690158
Ráth an Aonaigh,Galway,-0.13462997890495446,0.1571451755762464,0.11250101638916639
Baile Arda Gaibhle,Galway,1.7007545708924305,-0.048445554743764226,0.1843593808799027
An Baile Garbh,Galway,1.6776114603616927,-0.04349484292124032,0.1798288786925795
An Ruabheitheach,Galway,0.0,0.0,0.0
Baile na nGarrán,Galway,1.69461380029829,-0.05208990102089315,0.18331450870854005
Cill Fhínín Bheag,Galway,-0.566451568163514,-3.065983449257904,0.896563082489234
An Scailp,Galway,-0.00723881426671491,0.0008785449739595291,-0.002047458820884007
Cloch an Bhaile Mhóir,Galway,1.3442799164930386,1.6551441645971083,2.356075366884122
Creig Lúcáis,Galway,-0.0035516180403151135,0.005498816658954736,-0.00015497077773897906
An Tarae,Galway,0.0,0.0,0.0
An Cheapach Mhór,Galway,-0.37801186265363684,1.7056824525931926,2.1511356486681024
Baile Uí Mhocháin,Galway,3.3488059858812784,-0.11394189568684304,-0.041187051759715036
Ceapach na Pise Thuaidh,Galway,-0.018492989257117565,0.12681857271613456,0.10099200296630853
Lios na nGaidhríní,Galway,-0.13306498076832848,0.06950047966612027,-0.118613693727156
Tor an Bhuachalla,Galway,-0.01717752266040047,-0.0060038130766825815,-0.0057565063541179795
Cluain Daighin,Galway,-0.18719487351698474,0.16011892890503346,0.08011326707767512
Cill Bheaganta,Galway,-0.4686998157467367,-2.6977937602862743,0.8832247406320276
Dura Beag,Galway,-0.09775175241677742,-0.36818968897162985,0.013338341857206344
Dura Mór,Galway,-0.34416642715495016,1.6749514938530912,2.1375010720553367
Baile Uí Ainín Theas,Galway,3.2694123935003176,-0.18885867658399974,-0.12828940105191172
Cill Tartan,Galway,-0.49882868941112735,-2.8691912022914576,0.938141058207997
Buaile an Aon Dorais,Galway,-0.01665192307089865,-0.0030040616974848005,-0.016574340470585175
Goirtín an Uisce,Galway,-0.10515505721380825,-0.020558097987402518,-0.05580389319347614
Cill Charúráin,Galway,-0.4686998157467367,-2.6977937602862743,0.8832247406320276
Ard na gCnó,Galway,-0.07044551162556123,0.11349566307924161,0.025046527392244337
An Cartrún,Galway,-0.015961168436721174,0.0031359839889158027,-0.0027998349849863266
Cinn Mhara,Galway,-0.034486783632524866,0.014601752728386784,-0.014242667650557775
Na Liatha Thuaidh,Galway,-0.007542278277253532,0.1131039440455924,0.16551581988116496
An Rú,Galway,-0.02578770288543089,0.010330806557393088,-0.009177946367347938
Seiseadh na Geirbe,Galway,0.019882975650196408,-0.0027152484177483736,-0.00499215320389073
An Gort Rua,Galway,-0.31422217736645364,0.31939987407508763,-0.369251731444928
Lios Caoimhín,Galway,-0.13306498076832848,0.06950047966612027,-0.118613693727156
Cathair an Langaigh Thoir,Galway,0.043025409289484395,-0.2564411200093941,0.07141737833976082
Páirc na bhFianna,Galway,-0.0257710328055171,0.10019551641952883,0.08150507608728899
Ráth Anluain,Galway,-0.102388000428251,0.1499399728406535,0.11276635214303637
Ráth Alla,Galway,-0.12002901962883608,0.15144999138927867,0.1145533661804946
Cathair Chré Thoir,Galway,0.043025409289484395,-0.2564411200093941,0.07141737833976082
An Choill Gharbh,Galway,-0.13106683766786353,0.23761993116420008,0.28659767079119297
Baile an Gharráin Theas,Galway,1.7451814028893176,-0.11979116195231027,-0.0025604217899339587
Goirtín Acra,Galway,-0.0617790541174894,0.0072782366424155006,-0.018751568817182245
Tobar Con Eilí,Galway,-0.12155281183450042,-0.008637242977689273,-0.04973277661866126
Coillín Dá Fhiach,Galway,-0.022930568427025656,0.0050221906852758085,-0.007490723824975221
Ceathrú Sheanbhealaigh,Galway,-0.06226065343957992,0.03472444658878582,0.03274964974736275
Garraí Hoibeaird,Galway,-0.04448149135745878,-0.007223121494698272,-0.003565768675721497
Baile Uí Ghráinne,Galway,3.2895704051764745,-0.11122654201293447,-0.043826388638204525
An Chealtrach,Galway,-0.006338794198808865,0.00038488149017880684,-0.002344394223796916
Baile an Ruáin,Galway,1.7710894022119712,-0.05234514469536225,0.1860750511945786
An Lisín,Galway,-0.02403105488336732,0.011607328165550572,-0.05293079232850462
An Choill Mhór,Galway,-0.43861825034483015,1.8680660000732143,2.3830155751802486
Leathráth,Galway,0.0,0.0,0.0
Cluain Caoin Beag,Galway,-0.33356490556885854,-0.14400293685837878,0.1370745770526419
Cluain Caoin Mór Thuaidh,Galway,-0.5811640366250403,2.009375127644341,2.4252785655776736
Daraidh Braoin Thoir,Galway,0.09729037086837505,-0.29178473719173253,0.10574373674252481
Daraidh Braoin Thuaidh,Galway,-0.015792551257307764,0.100019174163144,0.16527980301380923
Daraidh Braoin Theas,Galway,0.0041016826735837675,-0.08967628534350722,-0.08993628723413909
Báin an Chneaimh,Galway,0.0,0.0,0.0
Gort na Móna,Galway,-0.12411542504425065,0.15970553070570484,-0.022422716796144708
Coill an Ghleanna,Galway,0.02673289625246905,0.03415251126075879,-0.012604623975774627
Tomaine Beag,Galway,-0.09775175241677742,-0.36818968897162985,0.013338341857206344
Baile an Bhogáin,Galway,1.69461380029829,-0.05208990102089315,0.18331450870854005
Cill Chornáin,Galway,-0.4686998157467367,-2.6977937602862743,0.8832247406320276
An Cartrún,Galway,-0.015961168436721174,0.0031359839889158027,-0.0027998349849863266
Doire na Manach,Galway,-0.11929273323631834,-0.02834288984645212,0.11173641629654434
Cnocán Eibhir,Galway,-0.043484366649424955,0.003615820030605863,-0.04464949916661952
Mul Péat,Galway,0.0,0.0,0.0
Muine Thaidhg,Galway,-0.038291685445998515,0.0601333552614822,0.042693229418149015
Baile an Churraigh,Galway,1.7629098340455767,-0.05375859278292286,0.18963131290169105
Eiscir Seanóir,Galway,-0.012462157097300051,-0.008401135189587357,-0.005873237309992277
Baile na Muice,Galway,1.689004450199442,-0.05059648354264605,0.17138017034200836
Dúgharrán,Galway,0.0,0.0,0.0
Cnoc an Daimh Mhóir,Galway,-0.6279251556577167,2.2287515171441936,-0.2184124716896463
An Lorgain,Galway,-0.008925292594714437,0.0005447084746800288,-0.0033199489738795084
Béal Átha na hAibhne,Galway,0.013860345248683785,0.01743347677342697,-0.07859729134458297
Baile Uí Fhloinn Thiar,Galway,3.566848322574482,-0.04796065963592581,0.03906906031966613
An Chathair Gheal,Galway,-0.06887305651818929,0.025125909667483667,-0.03308781371585634
Cathair Sciatháin,Galway,-0.06887305651818929,0.025125909667483667,-0.03308781371585634
Ceathrú Stiallach,Galway,-0.06226065343957992,0.03472444658878582,0.03274964974736275
Baile na mBurdúnach,Galway,1.69461380029829,-0.05208990102089315,0.18331450870854005
An Treascarnach,Galway,0.0,0.0,0.0
Baile Uí Ógáin,Galway,3.2507026158874353,-0.10940009875534719,-0.03711456913086497
Léim Con,Galway,-0.04880184706411375,0.013598199547658304,-0.02374908623324399
Buaile Chomhroinne,Galway,-0.009391793326874363,-0.003414512345853928,-0.013218491436393025
An tAcra Mór,Galway,-0.3589951582374516,1.711323470120877,2.178941516648159
Cathair na Móna,Galway,-0.03784319085057723,0.031865831538665186,-0.09774608756245122
Cnoc an tSeangharraí,Galway,-0.25560770014270295,0.5048279488246118,-2.340518539024928
Gort Síle,Galway,-0.1551452907118627,0.15296560883452331,0.04223555705045017
Griainíneach,Galway,0.0,0.0,0.0
Cnoc an Ime,Galway,-0.2725335709957325,0.5268050567871304,-2.447348002162386
An Mhóin Mhór Thiar,Galway,-0.19238427293692373,1.9529611083593459,2.4241250485937447
Na hAcraí,Galway,0.0,0.0,0.0
Aill an Cheoláin,Galway,-0.013404762055338961,0.036191918654357606,0.042351627422727946
An Droim,Galway,-0.24973556993840113,0.22474171660894424,-0.10778259133207715
Maigh Ghlas,Galway,-0.06835132844827932,0.057776865131755936,-0.13643433286820172
Cillín a Díoma Thiar,Galway,0.17582201495563496,0.013951369202707918,0.09143618332293763
An Chreig,Galway,-0.011072675462697629,0.00223375897395142,-0.007342514189543733
Creig an Turlaigh,Galway,-0.013478977787036982,0.0030469042049639703,-0.0017485890939672353
Gort an Ghabhann,Galway,-0.10633439783226625,0.15459499160622436,0.04693689245257035
Clais an Ghainimh,Galway,-0.021852739484645098,0.028140128014642926,0.023153807283769957
Cnoc Ard Dála,Galway,-0.31085001239981463,0.6081002091678561,-2.315206043539444
Corr Mhic Dhuach Thoir,Galway,0.3517173651870329,-0.45544198062097335,0.16431895073555447
An Cnoc Breac,Galway,-0.23984421525772753,0.5422492812004083,-2.5238657220726632
Both Leag,Galway,-0.023686951222481357,0.03354409669592275,0.03809905962611753
An Ghráig,Galway,-0.0135995093776311,0.000837737960758478,-0.005111628532573528
An tEanach,Galway,-0.030420369014527795,0.06575805040845258,0.055876046349895576
Cluain an tSléibhe Íochtair,Galway,-0.18067356338428076,0.17742452462875644,0.08353103766508864
Baile an Leasa,Galway,1.700149317185198,-0.04964038799814844,0.1816139960903226
Baile na Lúachra,Galway,1.69461380029829,-0.05208990102089315,0.18331450870854005
An Ghléib,Galway,-0.03874097762943806,-0.0019058849035651173,-0.01420874772834608
Na Bánóga,Galway,0.0,0.0,0.0
Gallach,Galway,0.0,0.0,0.0
Leitheanach,Galway,0.0,0.0,0.0
An Currach Buí,Galway,-0.12195173776679616,0.0468326006129359,-0.02013812294223488
An Baile Bán,Galway,1.679065062614251,0.09166529845793417,0.14430347130435697
Cluain Scairbre Thuaidh,Galway,-0.1883793298349939,0.27035581058303215,0.24415452540457672
An Choill Ghlas,Galway,-0.10150866295044114,0.22998191724663009,0.1312150774215291
Bléan na gCuas,Galway,0.0,0.0,0.0
Cúil Lú,Galway,-0.06583727197547709,0.05210114189106243,-0.02861528361049199
An Leathchoill,Galway,-0.008925292594714437,0.0005447084746800255,-0.0033199489738795058
An Mullach Mór Thoir,Galway,-0.32033015621206046,1.5576467208425984,2.4167567037001207
Treastarnach Thuaidh,Galway,-0.0011844563180091337,0.11023688167799868,0.16404125832690158
Cluain Maoláin,Galway,-0.18719487351698474,0.16011892890503346,0.08011326707767512
Mala Fhraoigh,Galway,-0.0314303770835418,0.009341932813054015,-0.005790830101303292
Ceathrú na Fréamhaí,Galway,-0.06226065343957992,0.03472444658878582,0.03274964974736275
An Goirtín,Galway,-0.04750825628875171,0.004197119170750803,-0.016632909523057564
Cill Ó Scóba,Galway,-0.4686998157467367,-2.6977937602862743,0.8832247406320276
An tEanach Mór Thiar,Galway,-0.14596571765623248,1.8064495508144123,2.280330665302674
Baile an Gheata,Galway,1.69461380029829,-0.05208990102089315,0.18331450870854005
Mountbernard,Galway,0.0,0.0,0.0
Achadh Leamhchoille,Galway,-0.08132250788784602,0.025340506250469932,-0.003903889349688423
An Chrois Uachtair,Galway,-0.03216657735133244,0.08077407580315463,0.028839360408708395
An tAcra Thiar,Galway,0.21379234743074405,0.10211198282065435,0.12839399149026426
An tArdán Thoir,Galway,0.11189846580767368,-0.2815670296768778,0.10450519205561716
Ard na Gaoithe,Galway,-0.11364008628577155,0.16379253059936694,-0.03540788065112348
An Baile Ard,Galway,1.6393714880411783,0.051182359322351136,0.20862700419402444
Coillín an Léana,Galway,-0.017375691290677692,0.009741701428850023,-0.006749613620398424
Dúráithe,Galway,0.0,0.0,0.0
Tom Naíonán,Galway,-0.020844952303396534,-0.0060372477988593415,-0.008092224121224798
Baile Uí Bhuíáin,Galway,3.2507026158874353,-0.10940009875534719,-0.03711456913086497
An Chloch Bhreac Láir,Galway,-0.014701881599878633,0.027407625773875663,-0.06213024330118713
An Chloch Bhreac Uachtair,Galway,-0.07276763381389498,0.05488383538583992,-0.029618402686925255
An Fhairche,Galway,0.0,0.0,0.0
An Choill Bheag Íochtair,Galway,-0.2098586571278803,-0.16105977909822486,0.2616404523331616
Ceannúir,Galway,0.0,0.0,0.0
Dubhachta,Galway,0.0,0.0,0.0
Oileán Dá Lára,Galway,-0.11329063062073298,0.0012790144850757263,-0.0774138043135638
Oileán Dhonncha Riabhaigh,Galway,-0.0942261761000307,0.0005197978385518556,-0.0772927815375479
Inis Mhionlais,Galway,-0.08352279784733851,0.054616364896986604,0.0349675462743042
Oileán Uí Cheallaigh,Galway,1.5591121111677206,-0.060661566177063794,-0.31530009674774595
Driseachán,Galway,-0.013341572266266382,-0.000719978663185795,-0.006962836211614575
An tOileán Rua,Galway,-0.23978834182921854,0.23920839059359755,-0.41621421230018485
Barr an Doire,Galway,-0.18238591369460794,-0.03359587749955259,-0.008798654336343602
Tír na Cille Thuaidh,Galway,-0.019611699840683443,0.1429006240109123,0.18837699020404106
Daighinis,Galway,0.0,0.0,0.0
Doire Bhriosc,Galway,-0.13911794214094428,-0.03723887300969581,0.02158124180650758
Baile an Ghallaigh,Galway,1.69461380029829,-0.05208990102089315,0.18331450870854005
Bun an Choill,Galway,-0.16415576553476613,0.21621365856754104,0.23711226972655639
An Cuasán,Galway,-0.008925292594714437,0.0005447084746800284,-0.003319948973879512
Doire na gCos Fuar,Galway,-0.13911794214094428,-0.03723887300969581,0.02158124180650758
An tOileán Iarthach,Galway,-0.08873859623046634,0.07516304550536812,-0.008500232353660485
An Clochar Mór,Galway,-0.36914941054113937,1.701599080377251,2.1688978984703677
Doire Míol,Galway,-0.14791118905015305,-0.03765906226732096,0.019535783243333913
Droimnín,Galway,0.0,0.0,0.0
Oileán na nGabhar,Galway,-0.09518508851683666,0.0036754215092842804,-0.08054176979609187
An Machaire Beag,Galway,-0.12881396669622025,-0.3692887289759575,-0.0005198272058907962
An Tóin Bhuí,Galway,-0.055106444633804944,0.007314914506397678,-0.017920009727149196
Droinn,Galway,0.0,0.0,0.0
Corr an Fheileastraim,Galway,-0.0748191612065355,-0.005401358276317856,-0.05204747272249871
Srúbh,Galway,0.0,0.0,0.0
Gort na gCruach,Galway,-0.16877909399538185,0.15848315687218553,0.03607357217849923
An Choill Mhór,Galway,-0.43861825034483015,1.8680660000732143,2.3830155751802486
An Preabán,Galway,0.0,0.0,0.0
Poll na bPéist,Galway,-0.07865921385887509,0.03715295064618439,-0.04973592239881188
Baile na Mainistreach,Galway,1.6995368020989396,-0.05052263634249105,0.18120553824161936
Cúl Fionn,Galway,-0.07495785471289139,0.061962234983512214,-0.03429455587152015
Na Ceapacha,Galway,-0.006338794198808865,0.00038488149017880814,-0.002344394223796917
An Droimne Thoir,Galway,0.09710496327084953,-0.28381720817451045,0.05351985630650958
An Lochán Rua Thoir,Galway,-0.07093689748692489,-0.05390980303220706,-0.24339759093661711
An Cuas Thuaidh,Galway,-0.034923207734666874,0.11640700585573505,0.15438680405042807
Doire Úbair Thiar,Galway,0.0895031363723012,0.02850113354317276,0.10853478870394948
Coill an Duilisc,Galway,-0.005814648841794402,0.03186805099076262,-0.01368687421827267
Coill na Meille,Galway,-0.005814648841794402,0.03186805099076262,-0.01368687421827267
Ros Dolas,Galway,-0.1167950762635073,0.13964003817674042,0.12691140728093475
Ceathrú na Feannóige,Galway,-0.07243915501049752,0.03587860845260106,0.029971637740424453
Doire Shuibhne Theas,Galway,-0.12040816452806188,-0.11669745083834834,-0.06959359011453915
Gort na Móna,Galway,-0.12411542504425065,0.15970553070570484,-0.022422716796144708
Coill an Chonnaidh,Galway,-0.01827957596816135,0.02817214026477821,-0.01955633928541814
An Caladh Beag,Galway,-0.089300116613107,-0.3718075566247806,0.008201973199552941
Oileán na bPeasán,Galway,-0.11329063062073298,0.0012790144850757263,-0.0774138043135638
An Coillín Thiar,Galway,0.20569051008621983,0.07076219723814438,0.07946282307246667
Áit Tí Gadhra,Galway,-0.06044889344072106,0.008417849744685204,-0.019904606944070452
Cloch an tSonnaigh,Galway,-0.019290194063268422,0.0341985074749815,0.030582157246958015
Pócaróca,Galway,0.0,0.0,0.0
Gráig an Choillín,Galway,-0.006049218688969493,0.010129411415470423,-0.05779969589029061
An Leithcheathrú,Galway,-0.0135995093776311,0.0008377379607584661,-0.005111628532573528
An tOileán Clochach,Galway,-0.09428353522385638,0.07470756992201653,-0.006909822714874319
An Cartrún Thuaidh,Galway,-0.017145624754730308,0.11337286566691449,0.16124142334191527
An Coinicéar,Galway,-0.01704241890054177,0.0052436047359033225,-0.007300039046054619
Coill idir Dhá Abhainn,Galway,-0.11956581158286057,0.1718186071461908,0.09751166993192471
An Múr,Galway,0.0,0.0,0.0
Doire Beag,Galway,-0.2368696945577217,-0.40542856198132565,0.03491958366371392
An Cheathrú Mhór,Galway,-0.42261454966462597,1.7573979621140692,2.2136782600800626
An Baile Bán,Galway,1.679065062614251,0.09166529845793417,0.14430347130435697
Baile na Móna,Galway,1.725643665965902,-0.04534997914971163,0.11865623486194517
Cluain Brosc,Galway,-0.18719487351698474,0.16011892890503346,0.08011326707767512
Cluain Deargan,Galway,-0.18719487351698474,0.16011892890503346,0.08011326707767512
Cluain Féan,Galway,-0.18719487351698474,0.16011892890503346,0.08011326707767512
Conachar,Galway,0.0,0.0,0.0
Baile Robac Beag,Galway,1.6579356415929696,-0.3952929234249175,0.25269246885096885
Baile Robac Mór,Galway,1.4115209668547968,1.6478482593998036,2.376855199049099
Tom na hUla,Galway,-0.020844952303396534,-0.0060372477988593415,-0.008092224121224798
Baile an Duibh,Galway,1.702818329415469,-0.05075323756567207,0.1793261759162136
Cill Chuanna,Galway,-0.4886704805088226,-2.809767882639723,0.9214774570272403
Luimneach Thoir,Galway,0.11189846580767368,-0.2815670296768778,0.10450519205561716
Béal an Fheá,Galway,-0.041526449697744966,0.009111142025788742,-0.04622786655267259
Ard Sceiche Beag,Galway,-0.18315915497051807,-0.26116293712447264,0.03128213732137215
Poll na Meall,Galway,-0.09164268668434383,0.06111813030438028,-0.026687754845582085
Ceathrú Chaol an Átha Ghlais,Galway,-0.05536414481942736,0.0028821499656647015,0.022520904315754414
An Baile Dóite Thoir,Galway,1.848958655390329,-0.33720465468719485,0.300250724156826
Ceathrú an Teampaill,Galway,0.0054649710724499825,0.034592467560001054,0.03816805858872686
An Cartún,Galway,0.004419019745248761,0.0005561240350809291,-0.020026577499176614
Páirc Uí Lócháin,Galway,1.5555721332886498,0.03507749498067117,-0.19507325636150746
An Cladach Thiar,Galway,0.2194672024234711,0.06825172894642585,0.08430122622419231
Cluain Bheirn,Galway,-0.18719487351698474,0.16011892890503346,0.08011326707767512
Cluain Bú Beag,Galway,-0.2849466259337622,-0.2080707600665964,0.09345160893488147
Cagála,Galway,0.0,0.0,0.0
Doirín Íochtair,Galway,-0.04941481461336551,0.020564478852078086,-0.009505855588940328
Poll an Chosáin Íochtair,Galway,-0.09631429538009798,0.05116835429946627,-0.0469483150477688
Ceathrú Thuatach,Galway,-0.06226065343957992,0.03472444658878582,0.03274964974736275
Coill na Sliabh,Galway,-0.06867652643694255,0.03898895518161546,-0.05587720835387509
Saighleán Thoir,Galway,0.11189846580767368,-0.2815670296768778,0.10450519205561716
Cill Fhíonáin Bheag,Galway,-0.5893007212689093,-3.135970622254635,0.9162335950205145
Fearann na Mainistreach Thuaidh,Galway,-0.024303504216763566,0.1063901813106095,0.1314932591494658
Doire Mór,Galway,-0.48328436929589447,1.6377126208433954,2.1590823138618442
Gort na gCadhan,Galway,-0.1551452907118627,0.15296560883452331,0.04223555705045017
Diméin Dhún Mór,Galway,-0.23032814096189352,1.744155827364559,2.1708399659850843
Méanas,Galway,0.0,0.0,0.0
Lios an Lín,Galway,-0.1456920037793682,0.06874484168014418,-0.13059655605274756
An Pháirc,Galway,-0.0016717149708233168,0.08391575013285363,0.07611270158750826
An Lios,Galway,-0.13306498076832848,0.06950047966612027,-0.118613693727156
Tobar an Chrosáin,Galway,-0.05041741729761867,-0.014779277617861722,-0.04504255509743344
Bearna Dhearg Theas,Galway,-0.017184784256746,-0.0627774301897887,-0.11123304151812946
Cluain Roide,Galway,-0.19683877205833458,0.16410843366535818,0.07947295461580897
Omain Mhóir,Galway,-0.34416642715495016,1.6749514938530912,2.1375010720553367
Poll an Chapaill,Galway,-0.10252681555851782,0.05134278170106161,-0.10244622689783957
An Chorrsceach Mhór,Galway,-0.34416642715495016,1.6749514938530912,2.1375010720553367
Cill Chraobhanta,Galway,-0.4686998157467367,-2.6977937602862743,0.8832247406320276
Lios Donncha,Galway,-0.13306498076832848,0.06950047966612027,-0.118613693727156
Maigh Leasa Fhlainn,Galway,-0.07837300924092339,-0.025331166134977365,-0.009440568612279564
Lisín na Gaoithe,Galway,-0.08242882891202717,0.07212759842167321,-0.1136511684651125
An Bheitheach Rua,Galway,-0.1901975608066678,0.15652220059185,-0.36298259240751485
Ceathrú na Lathaí,Galway,-0.07026674098198318,0.03609636488691011,0.03009147645071802
An Chealtrach,Galway,-0.006338794198808865,0.00038488149017880684,-0.002344394223796916
Tobar Maighne,Galway,-0.10272594999215269,-0.011683542461605596,-0.04339733329456965
An tOileán Fada Thuaidh,Galway,-0.17114456001084216,0.2204496421485287,0.11186757591527223
Cor an Droma,Galway,-0.26258352578844585,0.23010616008897128,-0.11357786088706114
An Cluaintín,Galway,0.0,0.0,0.0
An Choill Gharbh Theas,Galway,-0.11235706005498114,0.15816135333554754,0.19542283887014628
Cúil Uí Dhubháin,Galway,1.6451833744767979,-0.015674359550802403,-0.2568335421413978
An Poll Buí nó Cnoc an Tobair,Galway,-0.3943377239102268,0.5114959798595605,-2.5073854223604277
An Driseachán (Burke),Galway,-0.013341572266266382,-0.000719978663185795,-0.006962836211614575
An Driseachán (Stevens),Galway,-0.013341572266266382,-0.000719978663185795,-0.006962836211614575
An Driseachán (Toole),Galway,-0.013341572266266382,-0.000719978663185795,-0.006962836211614575
An Driseachán Theas,Galway,0.005368205346616016,-0.08017855649183833,-0.09813766813266131
An Fiodh Thoir,Galway,0.09583192145639574,-0.2780512589575741,0.09475317587072125
An Garrán Ard,Galway,-0.07184687860970251,0.15034700118114214,0.0574863613478174
Gort na Léime,Galway,-0.14111618376324256,0.15706927107767824,0.032981354657616584
An Bhreaclach,Galway,-0.006338794198808865,0.000384881490178806,-0.002344394223796911
Gort na Sceiche,Galway,-0.18531038100849165,0.15672010033843628,0.03486685702913158
Páirceanna an Bhaile (an chéad roinnt),Galway,1.6929420853274666,0.03182584911196048,0.2594272102960483
Fothannach,Galway,0.0,0.0,0.0
Sonnach Thiar,Galway,0.22862107851324548,0.06574000655286857,0.08695354689744189
Fraochoileán Mór,Galway,-0.34416642715495016,1.6749514938530912,2.1375010720553367
Abhainn Bhéal Átha na mBreac,Galway,-0.10743777699243959,0.18199962911803885,0.07012021546119496
Abhainn Bhéal na Cora,Galway,-0.14451577693090403,0.17818726310040878,0.015392425991782435
Abhainn na Ceapaí,Galway,-0.11375116274106617,0.13995055615542817,0.11119854415019738
Abhainn Inbhear Mór,Galway,-0.4806194902558208,1.843823903064745,2.296442951956443
Abhainn Bhoth Loiscthe,Galway,-0.12663059585611108,0.15486427311128845,0.11035834243728071
Abhainn Shraith Salach,Galway,-0.1238555316669209,0.1877426105246709,0.15376255434298464
Tobar Pheadair,Galway,-0.10517044605732354,-0.011634708581674237,-0.0448111801363323
An Abhainn Mhór,Galway,-0.45791758989601633,1.8149020500085193,2.248699616205534
Cill Tartan,Galway,-0.49882868941112735,-2.8691912022914576,0.938141058207997
Cnoc Mordáin,Galway,-0.25560770014270295,0.5048279488246118,-2.340518539024928
Cuan Bhaile na Cille,Galway,1.6581861377129674,0.03375835709093253,0.2804220372017125
An Currach Thiar,Galway,0.17429881857933643,0.12461788700271804,0.11376888772345813
Loch Coirib,Galway,-0.26016423313005305,0.25720012842049245,0.04793659832010855
Míleac,Galway,-0.006338794198808865,0.0003848814901788159,-0.0023443942237969125
Ros an Mhíl,Galway,-0.13300878374201236,0.1508925816048577,0.12680122549153708
Sunda Ghríora,Galway,0.0,0.0,0.0
Baile an Logáin,Galway,1.69461380029829,-0.05208990102089315,0.18331450870854005
Baile an Dónalláin,Galway,1.69461380029829,-0.05208990102089315,0.18331450870854005
Baile Éamainn,Galway,1.742721430053759,-0.05405081440902333,0.18950540626895573
An Baile Nua,Galway,2.0577005897353513,-0.04324576915499155,0.26643283718051813
Loch Bheitheach Chatha,Galway,-0.30640928636053544,0.2646081846813509,0.04185375204478961
Oileán na mBrúnach,Galway,-0.11329063062073298,0.0012790144850757263,-0.0774138043135638
Carraig an Óig,Galway,-0.0904079724765469,0.0005440943008651592,-0.11445111458367516
An Charraig Bhuí,Galway,-0.10106034328783302,0.03627863616081914,-0.011518429189465114
Carraig na nGiúróg,Galway,-0.10632818514783253,0.006591695927862228,-0.12093441396944193
Oileán na Bó,Galway,-0.11208253318691874,0.015669993777783452,-0.0866282346598591
Loch an Chaolaigh,Galway,-0.26016423313005305,0.25720012842049245,0.04793659832010855
Droichead an Úcaire,Galway,-0.016635618087430554,0.00029363518164259115,-0.026800237976177414
Rua-oileáin Fharnochta,Galway,0.0,0.0,0.0
An Gleann Mór,Galway,-0.4765437016374232,1.7746679048033605,2.2204061945968703
Gort Logach,Galway,-0.1551452907118627,0.15296560883452331,0.04223555705045017
Droichead Ghabhla Beag,Galway,-0.11396759455097795,-0.3777582988082838,-0.013026991440315038
Oileán an Choirce,Galway,-0.12657819678584564,0.004972356884155333,-0.08168477990213138
Oileán na Craoibhe,Galway,-0.13921063344772386,0.020471045826346644,-0.13209952071457132
Oileán an Arbhair,Galway,-0.1284581609047678,0.012623423780575616,-0.13430474762462535
Oileán na nÓrán,Galway,-0.11329063062073298,0.0012790144850757263,-0.0774138043135638
Loch na hUilleann,Galway,-0.26016423313005305,0.25720012842049245,0.04793659832010855
Inis Leathard,Galway,-0.09421055022895647,0.059836396219672086,0.035302286199908876
Loch Inbhear Beag,Galway,-0.3806178859066349,-0.08206770749491177,0.10901827592822391
Cnoc Dabhach,Galway,-0.25560770014270295,0.5048279488246118,-2.340518539024928
Loch Chnoc na Luachra,Galway,-0.29757230140945923,0.2697517756308286,0.03804228028518017
Loch an Loigín Beag,Galway,-0.35791598554683046,-0.1109895605511374,0.06127494017731489
Loch an Cheapáin,Galway,-0.26016423313005305,0.25720012842049245,0.04793659832010855
Loch an Easaird,Galway,-0.26016423313005305,0.25720012842049245,0.04793659832010855
Loch Chlochar Bó Bhairtliméid,Galway,-0.2589561356962388,0.27159110771320016,0.038722167973813254
Loch Coisméig an tSionnaigh,Galway,-0.28027633558453807,0.27403698609822097,-0.0072141895420492486
Loch an Doirín,Galway,-0.2919239662221957,0.26374920361928866,0.03564313538012514
Loch Domhain,Galway,-0.27707011088976513,0.2687248818435571,0.046577943956963117
An Loch Fhada,Galway,-0.34941288164825846,0.29463876353798923,0.0004898397132858529
Loch an Iarainn,Galway,-0.2824959903185259,0.27392713427288434,0.04507209114957138
Loch Ghleann Chronáin,Galway,-0.2950422549564116,0.2787009395755008,0.04910672279962016
Loch na Brocaí,Galway,-0.26016423313005305,0.25720012842049245,0.04793659832010855
Loch na Calgaí,Galway,-0.26016423313005305,0.25720012842049245,0.04793659832010855
Loch na mBreac Caoch,Galway,-0.3121397204962783,0.30091303789941987,0.04798254627740979
Eadargúil,Galway,0.0,0.0,0.0
Baile an Teampaill,Galway,1.76233942481032,-0.05222188004967791,0.18873291754990415
An Bhreaclach,Galway,-0.006338794198808865,0.000384881490178806,-0.002344394223796911
An Chathair Mhór,Galway,-0.4130394836731395,1.7000774035205748,2.1044132583394806
Caisleán an Táilliúraigh,Galway,0.029884390363814104,-0.0005274965581573636,-0.03395475576594511
Cluain Bheirn,Galway,-0.18719487351698474,0.16011892890503346,0.08011326707767512
An Crompán,Galway,0.0,0.0,0.0
An Daingean,Galway,-0.01801242835374003,0.03453108010482018,0.04215744366518491
Iorras Fhlannáin,Galway,0.0,0.0,0.0
Inis Bó Finne,Galway,-0.0727615620253703,0.07054047218004379,0.025856081672937674
Cill Chuanna,Galway,-0.4886704805088226,-2.809767882639723,0.9214774570272403
Cill Aithnín,Galway,-0.4686998157467367,-2.6977937602862743,0.8832247406320276
Cill Eithne,Galway,-0.482609384035641,-2.7576186628781114,0.9017490452563918
Cill Odhráin,Galway,-0.4670557041090181,-2.7566378005498633,0.9002718891458448
Coill Mhic Sheáin,Galway,0.3975660004681951,-0.09994314167527038,0.1558244764719583
Cill Molonóg,Galway,-0.4686998157467367,-2.6977937602862743,0.8832247406320276
Cill Tartan,Galway,-0.49882868941112735,-2.8691912022914576,0.938141058207997
Cill Tulach,Galway,-0.5121386347200515,-2.756849620576862,0.9402143635073759
Mounthazel,Galway,0.0,0.0,0.0
An Caisleán Nua,Galway,0.39297117980087554,0.008316635307744234,0.049163572706033005
Abhainn Ghabhla,Galway,-0.12646950097420087,0.13603225026133617,0.108644835261873
Tíne,Galway,0.0,0.0,0.0
Loch Saileach,Galway,-0.2913216967781577,0.2727518293061052,0.03884368666630395
Loch Throiscín,Galway,-0.26016423313005305,0.25720012842049245,0.04793659832010855
Loch Uisce,Galway,-0.3178110340551096,0.23244491126233913,0.008765614649689973
Loch an Iolra,Galway,-0.26016423313005305,0.25720012842049245,0.04793659832010855
Loch an Úcaire,Galway,-0.2733023473164178,0.26314406754469705,0.044947984753128147
Carraig Mháire,Galway,-0.1050312976059385,0.006556379115037024,-0.11988763929579542
Loch Mháimín,Galway,-0.2750828040496117,0.2693098175997854,0.04776135797350807
Oileán na nGiúróg,Galway,-0.12921084329201862,0.007326616112072795,-0.0838971036993306
Mullán an Chnoic,Galway,-0.014038842017711597,0.011254608329377271,-0.018602324093249786
Loch Shéamais Uí Nia,Galway,1.3517261282306463,0.20254962081548952,-0.1727119722602037
Ros Cam,Galway,-0.1167950762635073,0.13964003817674042,0.12691140728093475
Loch an Rosa Rua,Galway,-0.4349022444607325,0.43301143189870456,-0.37518334533036696
Smután,Galway,-0.006602061444888902,0.00040915585264320704,-0.0017492205431520905
Gob na Trá Báine,Galway,-0.09805290881458559,0.0008389810675365639,-0.055831872156732534
An Tulaigh Mhór,Galway,-0.4018065513762573,1.766415865555778,2.233584023852024
Boilg Mhór,Galway,-0.35828165190842043,1.7110801877855772,2.1811605144172446
Bá Golden,Galway,-0.005443699688786803,0.0280855265799133,0.033555077351841656
Cuan Chamais,Galway,-0.04269059501076169,0.07740282377639914,0.0943490721984462
Cuan Chladhnach,Galway,-0.04269059501076169,0.07740282377639914,0.0943490721984462
An Sceirde Beag,Galway,-0.11118976431162703,-0.3383807244156076,0.061066476283929284
An Bán Mór,Galway,-0.35971516483898935,1.8187066933319185,2.0984900346511535
An Aill Mhór,Galway,-0.35757118921028913,1.7111434125074487,2.1798526994780647
Oileán Ghort an Chalaidh,Galway,-0.13574018663848444,0.0186741923448676,-0.08602414780250534
Eanach Bhéal Abhna,Galway,-0.03519140986547098,0.011978918866827266,-0.015459177376820166
Oileáin Eanach Dhúin,Galway,-0.020283377812817888,-0.009234396987019444,0.051111993533650146
Cloch Ábhach,Galway,-0.006167456650301191,0.03228257176491017,0.03525978612024531
Sruthán Bhaile an Mhóinín,Galway,1.6866214268922373,-0.024001157998051366,0.20086427578293548
Baile na Buaile Glaise,Galway,1.679922349253189,-0.04972345811901051,0.1640572055993292
An Bhinn Charrach,Galway,-0.03717592622855394,0.02584929658185815,0.022938615083766538
Binse Ghibson,Galway,0.0,0.0,0.0
Oileán na bhFraochóg,Galway,-0.11329063062073298,0.0012790144850757263,-0.0774138043135638
An Charraig Leathan,Galway,-0.10914697117391461,0.039464707439039994,-0.012138052391441997
An Bodach Crom,Galway,0.11987490150308887,-0.0048752964158815144,0.014367099309466393
Bun an tSrutha,Galway,-0.07716249916911624,0.02400415263421446,-0.01094223547174211
Cathair na mBan,Galway,-0.09663845483004446,-0.019923457357102742,-0.0235174064686018
Scroigín,Galway,0.0,0.0,0.0
Carraig an Liagáin,Galway,-0.1006965916677649,0.0011003619423393866,-0.12028654472906747
Carraig an Phíobaire,Galway,-0.09845228701335032,0.0009885421263905645,-0.11951454980675076
Carraig Tíre,Galway,-0.11509814842466033,0.02476240229835222,-0.09287383900126195
Carraig na nGabhar,Galway,-0.07230243037265058,0.0029405013250737135,-0.11757908006620323
Carraigín na Muc,Galway,-0.045163141957252795,0.013173869409124076,-0.07420822964151935
An Cartúr Caol,Galway,-0.03153859615811635,0.03472597966440706,0.02862464455734576
Ceathrú an Chaisleáin,Galway,0.023717604987844386,0.03606391168832953,0.04572461689109778
An Coirnéal,Galway,0.0,0.0,0.0
Oileán Chloch an Fhaoileáin,Galway,-0.1507499413926975,0.005566702979980512,-0.09401919937090901
Carraig Chluain Brón,Galway,-0.1433699729442158,0.05670707210813511,-0.1379932527379355
An Codú,Galway,0.0,0.0,0.0
Loch Chualainn,Galway,-0.26016423313005305,0.25720012842049245,0.04793659832010855
An Chúltrá,Galway,0.0,0.0,0.0
An Córa,Galway,0.0,0.0,0.0
Coiscéim na gCailleach,Galway,0.05147734104357981,-0.04089605560733605,-0.035698159441405655
Carraigeacha an Chnapaigh,Galway,-0.008811540616785801,-0.00041242917895507723,-0.0030604487652154807
Croiminne,Galway,0.0,0.0,0.0
Cruachán Coilleán,Galway,-0.02024864607399887,0.0012495794824244559,-0.0076262290409163935
An Cromall,Galway,0.0,0.0,0.0
Cnoc an Choillín,Galway,-0.2431128282984524,0.5149902806916653,-2.39140291323534
Corrán an tSilidh,Galway,-0.03527993320893876,0.05965385191071712,0.05753691913203922
Sruthán Doire Chrith,Galway,-0.14711031554699708,-0.009150129986854029,0.03913100888090301
Carraig Oileán an Mhada,Galway,-0.20369860309727988,0.0018231087859408857,-0.19186491889723895
Ceann an Mhada,Galway,-0.027271771825586724,0.013604224275855949,-0.011368925806044476
Dóilín an Ghabhair,Galway,-0.015510296102753916,0.01103734598264654,-0.05424531430183164
Droim an Dá Rú,Galway,-0.27552327282383204,0.2350725231663373,-0.11696053769942509
Fardoras,Galway,0.0,0.0,0.0
Fardoras,Galway,0.0,0.0,0.0
An Charraig Leathan,Galway,-0.10914697117391461,0.039464707439039994,-0.012138052391441997
Glaise na Caillí,Galway,0.014683669468170853,-0.04935432239836354,0.013031756195947364
Abhainn Ghleann Eidhneach,Galway,-0.1682616833294412,0.15740167274539854,0.10928155930050651
Oileán na gCapall,Galway,-0.1323314107549534,0.003565203397182202,-0.08808531109807814
Oileán an Iascaire,Galway,-0.11329063062073298,0.0012790144850757263,-0.0774138043135638
An tOileán Glas,Galway,-0.08776829493518878,0.10964153637954024,-0.1190263495081897
Cosán Eidhneach Beag,Galway,-0.12601112333380307,-0.3811842252927481,0.007323171063798901
Carraig an tSeoighigh,Galway,-0.0904079724765469,0.0005440943008651592,-0.11445111458367516
Na Caoráin Dubha,Galway,0.0,0.0,0.0
An Caorán Mór,Galway,-0.34416642715495016,1.6749514938530912,2.1375010720553367
Cill Eoin,Galway,-0.4835746998259337,-2.7940609652166466,0.9096189300625331
Carraigeacha Chionlaí,Galway,-0.008811540616785801,-0.00041242917895507723,-0.0030604487652154807
Cnoc an Gharráin,Galway,-0.22374987516455774,0.5165852657218472,-2.4352186376023552
Cnocán an Chait Thiar,Galway,0.18031969245063711,0.07131463001620893,0.03828003667990539
Cnocán Gharraí na Sceach,Galway,-0.11624390314570816,0.013227102846465636,-0.09409005622545089
Cnoc na Fuaiche,Galway,-0.25560770014270295,0.5048279488246118,-2.340518539024928
Leaba Mhic na gCeart,Galway,0.30700674226790414,-0.17262596656267362,0.10793530146165486
An Leaca,Galway,-0.03814220732332386,0.02807953509513923,0.026375139255579327
Leac an Listín,Galway,-0.027489009500826295,-0.0023192240002322096,-0.008438842125731478
Carraig Risteaird Uí Laoigh,Galway,1.4656808431125983,-0.05676610343358888,-0.3348801924230802
Leic an Doichill,Galway,-0.024755158326771425,0.011959999601726747,-0.05398038263973812
Carraig na mBairneach,Galway,-0.0904079724765469,0.0005440943008651592,-0.11445111458367516
An Charraig Fhada,Galway,-0.15573483955654965,0.06875570516711133,-0.049918206020741186
Na Lotaí,Galway,0.0,0.0,0.0
Loch an Leacáin,Galway,-0.26016423313005305,0.25720012842049245,0.04793659832010855
Loch an tSamhaidh Mór,Galway,-0.601370625210125,1.9709839266612326,2.2297514671199887
An Loch Beag,Galway,-0.35791598554683046,-0.1109895605511374,0.06127494017731489
An Loch Beag,Galway,-0.35791598554683046,-0.1109895605511374,0.06127494017731489
Loch Dhoire na Boithe,Galway,-0.285142343672735,0.2716378545175313,0.04026743207483348
Loch an Champa,Galway,-0.26016423313005305,0.25720012842049245,0.04793659832010855
An Loch Domhain,Galway,-0.27707011088976513,0.2687248818435571,0.046577943956963117
Loch an Chaoráin,Galway,-0.26016423313005305,0.25720012842049245,0.04793659832010855
Loch Tan,Galway,-0.26016423313005305,0.25720012842049245,0.04793659832010855
Loch na hOlltóra,Galway,-0.26016423313005305,0.25720012842049245,0.04793659832010855
Loch na Lannach,Galway,-0.26016423313005305,0.25720012842049245,0.04793659832010855
Loch Roisín na Róige,Galway,-0.2632623459812459,0.2674052575113827,0.04472192343143927
Loch na Tamhnaí Íochtair,Galway,-0.27781931465127596,0.27121553207377436,0.05072420567115163
Loch na bhFraochlaí,Galway,-0.26016423313005305,0.25720012842049245,0.04793659832010855
Loch na bhFaoileán,Galway,-0.26016423313005305,0.25720012842049245,0.04793659832010855
Loch Pheadaí,Galway,-0.26016423313005305,0.25720012842049245,0.04793659832010855
Lochán an Cholga,Galway,-0.02375847664000765,0.06122296140410645,0.06358450550314391
Loch an Oileáin Mhóir,Galway,-0.5902967627975274,1.9715036638451475,2.2292343397159278
Loch an Aibhnín,Galway,-0.26016423313005305,0.25720012842049245,0.04793659832010855
Loch an Níocháin,Galway,-0.26016423313005305,0.25720012842049245,0.04793659832010855
Loch an Iarainn,Galway,-0.2824959903185259,0.27392713427288434,0.04507209114957138
Lochán na Meacan,Galway,-0.02375847664000765,0.06122296140410645,0.06358450550314391
An Loch Beag,Galway,-0.35791598554683046,-0.1109895605511374,0.06127494017731489
Moiltín an Oileáin,Galway,0.01403389748747579,0.03935204157156399,0.043796669340482375
Loch na nUilleann,Galway,-0.26016423313005305,0.25720012842049245,0.04793659832010855
Log na Brice,Galway,-0.0029285753164666746,0.0014257915491734602,-0.016070414739231202
Loch Mháimín Manrach,Galway,-0.2888356227852029,0.2756235222926061,0.045063037451046575
Carraig na Meidre,Galway,-0.0904079724765469,0.0005440943008651592,-0.11445111458367516
Trá na mBuailte,Galway,-0.03593216791782073,-0.01483634380612086,0.029674894576755265
Maigh Eascrach,Galway,-0.06129448868771816,0.020909454105248942,-0.022134907164818658
Barr na Cora,Galway,-0.054885903006343176,0.03332439547071413,-0.11728464897944063
Moing Gharraí Bhun na hAbhann,Galway,-0.0953570349495795,0.014649380558919414,-0.012163191078664612
Mullán na gCearn,Galway,-0.011364455935073266,0.0042298091176812165,-0.012498048468564721
An Diúilicín Beag,Galway,-0.09775175241677742,-0.36818968897162985,0.013338341857206344
Abhainn an Mhuilinn,Galway,-0.08070917610372841,0.07805948557618418,0.14196898463229743
Poll na Míoltóg,Galway,-0.07865921385887509,0.03715295064618439,-0.04973592239881188
Poll na Sagart,Galway,-0.03858922525597344,0.04326328608710696,-0.12792795089691045
An Poll Naofa,Galway,-0.086261633110459,0.038374397378682645,-0.05323819172158904
Port Mhuirbhigh,Galway,-0.03572988489612234,0.006892712553660114,-0.014387699750068463
Oileán na gCoiníní Thuaidh,Galway,-0.11447508693874212,0.1115158961630744,0.08662745401333778
An tOileán Rua,Galway,-0.23978834182921854,0.23920839059359755,-0.41621421230018485
Carraig Leathan,Galway,-0.13306875261211729,0.00869173169029061,-0.12411771956119866
Rua-oileán Thoir,Galway,0.11189846580767368,-0.2815670296768778,0.10450519205561716
Scailp Bhrady,Galway,-0.00723881426671491,0.0008785449739595291,-0.002047458820884007
Na Seacht dTeampaill,Galway,0.0,0.0,0.0
An Seanbhaile,Galway,-0.01956563924060381,0.033461743804881094,0.03587253910263052
Oiléan an Chnaipe,Galway,0.0,0.0,0.0
Sraith Seabhac,Galway,-0.0222414719459074,0.0015346697183567036,-0.009890061815441043
Céibh an tSrutháin,Galway,0.039940200645728036,0.008601353948684953,-0.041163431838480584
Sruthán an Bheannaithe,Galway,-0.007992373406052794,0.028088743022841783,0.017549767074395435
An Sruthán Buí,Galway,-0.07562185123893993,0.016043463185928215,-0.02940369669385568
An Sruthán Glas,Galway,-0.015049213166613952,0.06495615404934878,-0.09674965862898763
Sruthán Lochán na bhFiach,Galway,-0.060916408553658624,0.09562026663200764,0.07167703386578769
Sruthán Rolardaí Mór,Galway,-0.35215880056100296,1.703040236875933,2.155050839129732
Sruthán na gConaolach,Galway,-0.007992373406052794,0.028088743022841783,0.017549767074395435
Tobar Cholm Cille,Galway,-0.08851422024633165,-0.003975701437710944,-0.038123900351334984
Teampall Phádraig,Galway,-0.037972606371541116,-0.1493055862385102,0.025495899390914588
Tobar Muirí,Galway,-0.09477715267177078,-0.012421135773137484,-0.04088235664606125
Tobar Chiaráin,Galway,-0.04327942919652937,-0.0627776773875102,-0.03241584158672841
Tobar na Seacht nIníon,Galway,-0.09477715267177078,-0.012421135773137484,-0.04088235664606125
Tóin an Ghleanna,Galway,0.012015252709947296,0.004637808665189258,-0.00779077770910453
Trácht Each,Galway,-0.03533648853964757,0.018381334897089884,0.0030479739559421876
Loch Thulaigh na nUan,Galway,-0.2795531347924888,0.2638328744378106,0.04131309396309098
Túr Máirtín,Galway,-0.010561844913985104,0.0010754788857600178,-0.0034886723097262047
An tOileán Bán,Galway,-0.09626019285866681,0.21652932483186055,-0.04373796120898972
Oileán na Tuí,Galway,-0.11329063062073298,0.0012790144850757263,-0.0774138043135638
Cuan Bhun Abhann,Galway,-0.1123945373556478,0.10050197612381707,0.08594683880009041
Loch an Bhéaláin Íochtair,Galway,-0.27781931465127596,0.27121553207377436,0.05072420567115163
Caisleán an Línsigh,Galway,0.029884390363814104,-0.0005274965581573636,-0.03395475576594511
Crois na Tulaí,Galway,0.0072114417473015035,-0.005089214417499981,-0.007105315157835154
Turlach Chruachoille,Galway,-0.015254255855306193,0.0038067839181633203,-0.0027857446601802388
Turlach Ráth Asáin,Galway,-0.13528327548414226,0.155256775307442,0.11176762152031436
Loch Fionngheal,Galway,-0.26016423313005305,0.25720012842049245,0.04793659832010855
Coillte an Rosa,Galway,-0.030953587105583737,0.0146414901201482,-0.02543993136992912
Loch Bhearna Aille,Galway,-0.29447808480085647,0.2736568524426508,0.045340367568660556
Loch Muc,Galway,-0.2945379661938465,0.27335295384228886,-0.006738510010534479
Cuan Eachinse,Galway,-0.04269059501076169,0.07740282377639914,0.0943490721984462
Glasoileán,Galway,0.0,0.0,0.0
Loch Léim an Eich,Galway,-0.3019652890482613,0.27831660264422287,0.01700627015147365
Cillín a Díoma,Galway,-0.05279906355761052,-0.05178863735016066,0.004482636425495736
Cill Rícill,Galway,-0.4686998157467367,-2.6977937602862743,0.8832247406320276
Baile Átha an Rí,Galway,1.7911428979900959,-0.03447750767698957,0.10812135184697981
Béal an Átha Fada,Galway,-0.07538830326952162,0.054872111890923746,-0.12604404995140567
Bearna,Galway,-0.002056036986179238,0.0019950882273684187,-0.01105140141354761
Corr na Móna,Galway,-0.04378929553892345,0.0013385635948636636,-0.11670574656909359
Na Garfráin,Galway,0.0,0.0,0.0
Goirtíní,Galway,-0.006338794198808865,0.00038488149017880494,-0.0023443942237969173
Cill Chríost,Galway,-0.4825680626358715,-2.7581545383345434,0.901442223712541
An Choill Bhreac,Galway,-0.12003625057993343,0.19922017414104662,0.24009863517254956
An Baile Mór,Galway,1.3504473731433397,1.622861592832198,2.3208155807638766
Ros Mór,Galway,-0.46096150341845743,1.8145915320298316,2.264412479336271
Cinn Mhara,Galway,-0.034486783632524866,0.014601752728386784,-0.014242667650557775
Port Omna,Galway,-0.03572988489612234,0.006892712553660114,-0.014387699750068463
Cloch na Rón,Galway,-0.006167456650301191,0.03228257176491017,0.03525978612024531
Loch an tSáile,Galway,-0.26016423313005305,0.25720012842049245,0.04793659832010855
Loch na Bríce,Galway,-0.26016423313005305,0.25720012842049245,0.04793659832010855
Barr Coille,Galway,0.02054046016828682,0.011543283457779404,-0.07183910635282473
Tír Oileáin,Galway,-0.010656278460637643,0.06357034956905105,0.06537394492289558
Oileán na Lachan,Galway,-0.11329063062073298,0.0012790144850757263,-0.0774138043135638
An Sceirde Mór,Galway,-0.35760443904979977,1.7047604584091134,2.1852292064820595
Leaba Asurnaí,Galway,-0.007631318317990558,-0.004152373894895962,-0.00392592994078114
Tobar Chiaráin,Galway,-0.04327942919652937,-0.0627776773875102,-0.03241584158672841
Aill an Ára Thiar,Galway,0.2152163164579065,0.10193192520722619,0.12930517432016983
Fir Thulach,Westmeath,0.0,0.0,0.0
Baile an Chaisleáin,Westmeath,1.7805920587257142,-0.05075043592134944,0.19628947585227507
Nuachabháil,Westmeath,0.007362545225907431,-0.00019804427699191012,-0.009791981000296357
Ráth Garbh,Westmeath,-0.1370313595654334,0.1600450494889315,0.11106773616453404
Teampall Odhráin,Westmeath,-0.0009280982233304217,-0.03504511415697194,0.030226508281278198
Lios Uí Mhulláin,Westmeath,1.4230238348208168,0.012190281931666234,-0.33904277156656104
Achadh na Gréine,Westmeath,-0.09952189238907035,0.02938307340198657,-0.0072772499762924475
Baile Uí Bhruadair,Westmeath,3.2507026158874353,-0.10940009875534719,-0.03711456913086497
An Carn,Westmeath,-0.03567833231530644,0.030990846410045413,0.023914673706764474
Bun Abhann,Westmeath,-0.06970394234488612,0.02309915234741794,-0.008402233398355781
Bealach Caorthainn Beag,Westmeath,-0.15411794423397993,-0.32284625357085084,0.06931089721489574
Cuasán,Westmeath,-0.008925292594714437,0.0005447084746800284,-0.003319948973879512
Oileán na gCailleach Dubh,Westmeath,-0.19653921545380787,0.03866060220028309,-0.28886633188059185
Ard na gCreach,Westmeath,-0.07217685095106455,0.14948835695816545,0.07443537971268308
Baile Pháidín Uachtarach,Westmeath,1.720877055623009,-0.04847378368415879,0.2266913587490704
An Sián,Westmeath,-0.020578799998793692,0.03353667514148287,0.037080257129595895
An Choill Mhór,Westmeath,-0.43861825034483015,1.8680660000732143,2.3830155751802486
An Díseart,Westmeath,-0.020753957119355897,-0.0012483394259682078,-0.009535790473895496
Maoil Rua Mhór,Westmeath,-0.5032433138095411,1.8413857590936555,1.7260137835599585
Baile Bhata,Westmeath,1.69461380029829,-0.05208990102089315,0.18331450870854005
Baile an Gheartlúnaigh,Westmeath,1.69461380029829,-0.05208990102089315,0.18331450870854005
Cluain Gamhna,Westmeath,-0.2082095588861736,0.17059991433828858,0.0793039545979362
Cluain Fada,Westmeath,-0.2764435220351902,0.19755756402253022,0.03266650847085242
Baile na Leacan,Westmeath,1.7308508345064042,-0.05239522288008287,0.18632505709866046
Dún an Chaisleáin,Westmeath,-0.019833741103293653,0.11632354189917064,0.08637823678299186
Gáireach,Westmeath,0.0,0.0,0.0
Baile Ruáin (Pakenham),Westmeath,1.7710894022119712,-0.05234514469536225,0.1860750511945786
Cluain Uí Mhuireagáin,Westmeath,1.3688939420721604,0.10280873117057943,-0.1403158107617299
An Bealach,Westmeath,-0.04640517149972627,0.05151838865045337,0.056775550329381905
Béal Átha an Doire,Westmeath,-0.1252575968922605,-0.01980539623626884,-0.05701604953807539
Baile Phiarais,Westmeath,1.7309081377647506,-0.05354863784942842,0.18521032745946692
Baile na mBreatnach Thuaidh,Westmeath,1.6934293439802808,0.05814698065710553,0.34735576703544163
Oileán na mBrící,Westmeath,-0.11329063062073298,0.0012790144850757263,-0.0774138043135638
Caisleán Bhaile an Chaonóraigh,Westmeath,1.7244981906621042,-0.05261739757905051,0.14935975294259493
An Daoil,Westmeath,-0.006338794198808865,0.00038488149017880917,-0.0023443942237969173
Lochán an Bhealaigh,Westmeath,-0.016215100228149124,0.016170134348516975,0.07539142676045288
Loch Iarainn,Westmeath,-0.2824959903185259,0.27392713427288434,0.04507209114957138
Maigh Bhachla,Westmeath,-0.06129448868771816,0.020909454105248942,-0.022134907164818658
Coill Fheichín,Westmeath,-0.005814648841794402,0.03186805099076262,-0.01368687421827267
Sleamhain Mhór,Westmeath,-0.34416642715495016,1.6749514938530912,2.1375010720553367
An Clochán,Westmeath,-0.03584458760217801,-0.008699111821370644,-0.015381038690232942
Cill Fhaoilinn,Westmeath,-0.4686998157467367,-2.6977937602862743,0.8832247406320276
Baile Átha Luain Thoir (Uirbeach),Westmeath,1.9233843104707473,-0.32917388911853673,0.26765825885828154
Achadh na Gréine,Westmeath,-0.09952189238907035,0.02938307340198657,-0.0072772499762924475
Baile Uí Áille,Westmeath,3.2999998476937416,-0.10992121370215643,-0.03845135795367165
Baile na Sceach,Westmeath,1.6663357551594655,-0.03525549671033511,0.13743972032543017
Impir,Westmeath,0.0,0.0,0.0
Fíodh an Átha,Westmeath,0.05538679494642875,0.008322334747638228,-0.032369424791910385
Baile Fhobhair Thiar,Westmeath,1.9232348788115354,0.013650105531975425,0.27026805560598194
Baile Shéamais,Westmeath,1.7504153460698442,-0.04943021089144204,0.1830950159676328
Cill Chuimne,Westmeath,-0.4686998157467367,-2.6977937602862743,0.8832247406320276
Cill Phádraig,Westmeath,-0.5041002122572288,-2.8708982726314014,0.8955412802554812
Loch Uail,Westmeath,-0.26016423313005305,0.25720012842049245,0.04793659832010855
An Sceach,Westmeath,-0.028278045138824426,0.016834404310558045,-0.04587478838310986
Gairdíní Belvidere,Westmeath,0.0,0.0,0.0
Baile na gCailleach,Westmeath,1.7537672867833682,-0.09421255153393379,0.1548834553755738
An Muileann gCearr,Westmeath,-0.006514793852003109,0.023237594172620755,0.035846255405904665
An Sráidbhaile,Laois,-0.011537486855590811,0.0006270877655798243,-0.004266517695272849
Mainistir Laoise,Laois,-0.040954293368394616,-0.0011585084773697092,-0.014685185476867485
Áth Tanaí,Laois,-0.10701128808397557,0.050911207245380216,-0.035313384487551794
Baile Adaim,Laois,1.69461380029829,-0.05208990102089315,0.18331450870854005
Baile Átha an Róine,Laois,1.7500005952447188,-0.04376756627325492,0.15094508391662967
Cill Cholmáin Bháin,Laois,-0.5529541518923866,-3.0464557661350655,0.9957343318475496
Cill Moghobóg,Laois,-0.4686998157467367,-2.6977937602862743,0.8832247406320276
Ros Chonaill,Laois,-0.11530124816519868,0.1447913507019581,0.11756825614967271
Ros Fhionnghlaise,Laois,-0.1167950762635073,0.13964003817674042,0.12691140728093475
Paróiste Eoin,Laois,-0.03542734569791984,-0.10127547741265568,0.02035811396167959
Sléibhte,Laois,-0.006688566212739839,0.0005595385319670205,-0.0025013265727144973
Baile Mhadóg,Laois,1.7361263308774155,-0.053911923777313055,0.18797420038385163
Branra,Laois,0.0,0.0,0.0
An Cnoc Rua,Laois,-0.41468458679729386,0.671262214065176,-2.752005827520306
An Baile Nua,Laois,2.0577005897353513,-0.04324576915499155,0.26643283718051813
An Bhuaile Bhán,Laois,-0.08755978501652874,0.01827683319207928,-0.005793165321109807
Baile an Locha,Laois,1.7604558533931038,-0.0338292745212667,0.14431660002977786
Droim Seilge,Laois,-0.24973556993840113,0.22474171660894424,-0.10778259133207715
Raithean an Mhanaigh,Laois,0.03587505526579153,-0.0013793403860397316,0.001951188922487717
Tulaigh Lobhair,Laois,-0.05764012422130716,0.09146437170268677,0.09608295179668742
Lios Ó gComáin,Laois,-0.13306498076832848,0.06950047966612027,-0.118613693727156
Ceapach na Cloiche,Laois,0.04389895459730003,0.011311472395072584,-0.00675573985053003
Cúil na Ceártan,Laois,-0.06583727197547709,0.05210114189106243,-0.02861528361049199
Baile Uí Ghamhdáin Beag,Laois,3.152950863470658,-0.477589787726977,-0.023776227273658627
An Chúil Fhionn,Laois,-0.07720778308823492,0.05978934077843706,-0.026182376537916878
Cruail,Laois,0.0,0.0,0.0
Cloch Choill,Laois,-0.10061927984018118,0.22539707798503328,0.28077428924515746
Bun Leacan,Laois,-0.03346690813677187,0.022793830488228216,-0.005391685008235381
An Seanbhaile Thiar,Laois,0.20905543927264167,0.09920175035774967,0.12282608600007242
An Ros,Laois,-0.1167950762635073,0.13964003817674042,0.12691140728093475
Ceathrú an Spá,Laois,-0.08005102879030668,0.04840837665450707,-0.018281721928993293
Caisleán an Trinsigh,Laois,0.029884390363814104,-0.0005274965581573636,-0.03395475576594511
Ráth Uí Fhaoláin,Laois,1.4360597959603092,0.09413979365482464,-0.10587571165891042
An Ghléib,Laois,-0.03874097762943806,-0.0019058849035651173,-0.01420874772834608
Cnoc an Fhuaráin,Laois,-0.25560770014270295,0.5048279488246118,-2.340518539024928
An Mhaighean,Laois,-0.012120539240651282,0.0027930176053780806,-0.0037037186458371276
An Garrán,Laois,-0.01660456635259082,0.047074740837897845,0.03217386586233299
Claonach,Laois,0.0,0.0,0.0
An Fosadh Íochtarach,Laois,0.118521881777217,-0.14938045232426192,-0.054940901825955686
An Garraí Dubh,Laois,-0.1868835626756118,0.07228111673354974,-0.1865872429097833
Baile an Ghróntaigh,Laois,1.69461380029829,-0.05208990102089315,0.18331450870854005
Cúil Choire,Laois,-0.07795499391867199,0.05579633095312837,-0.03084468985714202
Tor Fearnaí,Laois,-0.01717752266040047,-0.0060038130766825815,-0.0057565063541179795
Cluain Dúghlaise Theas,Laois,-0.1804300237555825,0.0830578051187673,-0.01489482583577446
Doire Rua,Laois,-0.29819482879553516,0.12919539223086848,-0.38990604668887063
An Garraí Glas,Laois,-0.05153833111801994,0.029644289531808723,-0.11786519437910456
An Choill,Laois,-0.09445182318987999,0.1931145062201231,0.24551450312491216
An Fhorrach Mhór,Laois,-0.3569666759551781,1.7161561432304715,2.188822273144944
Cnoc Philib,Laois,-0.17494412893982886,0.5081749130832796,-2.375992654207495
Cill Abáin,Laois,-0.4686998157467367,-2.6977937602862743,0.8832247406320276
An Fhailligh Bheag Íochtarach,Laois,0.02077012936043958,-0.5175701412958917,-0.04160255996874934
Cnoc na Raithní,Laois,-0.2698547923452861,0.5166583495851677,-2.3960671039612182
Garraí Mhadóg,Laois,-0.002968960778333224,-0.00904514425111818,0.0010939229995900741
An Ros Mór,Laois,-0.46096150341845743,1.8145915320298316,2.264412479336271
Móinín na Buaile,Laois,-0.02599835862651004,-0.002193474704463217,-0.02887092417434043
Baile Mhadóg,Laois,1.7361263308774155,-0.053911923777313055,0.18797420038385163
Cnoc na mBráthar,Laois,-0.266850100750843,0.5214345454954471,-2.387827991122901
Baile Phaoil,Laois,1.69461380029829,-0.05208990102089315,0.18331450870854005
Gleann Cit,Laois,-0.1464900087663058,0.10726519733027773,0.08463392614893868
Mounthall,Laois,0.0,0.0,0.0
Garraí Bhácam,Laois,-0.04448149135745878,-0.007223121494698272,-0.003565768675721497
An tOidhre,Laois,0.0,0.0,0.0
Baile Thaidhgín,Laois,1.69461380029829,-0.05208990102089315,0.18331450870854005
Cluain Reithir,Laois,-0.18719487351698474,0.16011892890503346,0.08011326707767512
Cúil Tuairín,Laois,-0.09496167548364062,0.057744173142980575,-0.03618629040343799
An Seanbharr,Laois,0.0,0.0,0.0
Cluain Achaidh Dubh,Laois,-0.36580778400441655,0.14457571500034952,-0.07552661611864267
An Pháirc Bheag,Laois,-0.09942346738760073,-0.2842739388387762,0.0894510434447146
Na Barra Dubha,Laois,0.0,0.0,0.0
Ceapach Stiabhna,Laois,-0.0034658164908973874,0.0018244249708367253,-0.011022094419219138
Cluanach,Laois,-0.027833771679274987,0.09934565960648653,0.1250874071609783
An Chois Íochtarach,Laois,0.1061501356117279,-0.1491176756204966,-0.06019034050792662
An Chois Uachtarach,Laois,-0.019368037710760254,0.004755345063647071,0.03353442851942365
An Chlais,Laois,-0.019896341147161767,0.00619066991968458,-0.01733512457388982
Gossbrook,Laois,0.0,0.0,0.0
Altavilla,Laois,0.0,0.0,0.0
An Srath Ard,Laois,-0.10029325429117954,0.10551125070555407,0.005834421810594296
Coirthín,Laois,0.0,0.0,0.0
Cúil na bhFearnóg agus Cúil Achaidh,Laois,-0.16788538312023302,0.00915483164919291,-0.02984897618323998
An tOireadh,Laois,0.0,0.0,0.0
An Díseart,Laois,-0.020753957119355897,-0.0012483394259682078,-0.009535790473895496
Ceapach Amhlaidh,Laois,-0.010698109441824753,0.0014121079838065008,-0.015361629531560787
Cluain Eanaigh,Laois,-0.21930829956746267,0.17878817399958952,0.07216596552902915
Droim Eo,Laois,-0.27116361381832405,0.23377646787943196,-0.11492653932936109
Feirm an tSléibhe,Laois,0.01234982951521041,0.0032214869956525825,-0.004311254974648881
An Choill Chruinn,Laois,-0.09445182318987999,0.1931145062201231,0.24551450312491216
An Goirtín,Laois,-0.04750825628875171,0.004197119170750803,-0.016632909523057564
An Athbhuaile,Laois,0.0,0.0,0.0
Doire Eidhneach,Laois,-0.15875044090296075,-0.04128856757473379,0.018494132477305098
An Cnocán Eidhneach,Laois,-0.06311686541144143,-0.0004338745344321087,-0.047736608495822
Doire Uí Shé,Laois,1.4762169015712088,-0.09850491768718303,-0.2165054743982651
Bealach Ladhrach,Laois,-0.04640517149972627,0.05151838865045337,0.056775550329381905
Cluain Canann Íochtarach,Laois,-0.06867299173976775,0.010738476580771539,0.025172365251719432
Baile Mhuiris,Laois,1.8145691715873637,-0.05857386945095788,0.19724872854599126
Baile Claghdair,Laois,1.69461380029829,-0.05208990102089315,0.18331450870854005
An Srath Liath,Laois,-0.11205606962723322,0.009330417550524321,-0.0454144087334463
Cluain Cuilinn,Laois,-0.20318576477767197,0.16885132206306178,0.08099150231877118
Doire Each,Laois,-0.17445443068059185,-0.018857538112605928,0.02462921576244977
Doire Beag,Laois,-0.2368696945577217,-0.40542856198132565,0.03491958366371392
Cnoc Saighre,Laois,-0.25560770014270295,0.5048279488246118,-2.340518539024928
An Choill Bheag,Laois,-0.1922035756066574,-0.17507518275150674,0.2588528449821185
Machaire na Sceach,Laois,-0.059340259418267274,0.015735364306230376,-0.059732957446207005
Béal Átha Muilinn (Stubber),Laois,0.013860345248683785,0.01743347677342697,-0.07859729134458297
Caisleán Phléimeann (Giles),Laois,0.029884390363814104,-0.0005274965581573636,-0.03395475576594511
An Ros Mór,Laois,-0.46096150341845743,1.8145915320298316,2.264412479336271
An Lios Dubh,Laois,-0.2754670520864815,0.14900471789436828,-0.3016351679612178
An Bealach Mór Uachtarach,Laois,-0.3975678901999476,1.7309624508634263,2.2330604895861135
An Ros Dorcha,Laois,-0.13167236319833747,0.15071800172767097,0.1340362019336685
Ceathrú an Chaisleáin,Laois,0.023717604987844386,0.03606391168832953,0.04572461689109778
Coill an Smíste,Laois,-0.005814648841794402,0.03186805099076262,-0.01368687421827267
An Muine Mór,Laois,-0.3706658138756618,1.7330943045310696,2.192719483312481
Cúil Amhlaidh (Plott),Laois,-0.07306956492640446,0.051688824904032205,-0.03295481872283364
Baile Hanraí,Laois,1.7623513948847236,-0.05486510889106578,0.19208157688950814
An Ráithín,Laois,-0.008869926344795182,0.03461764721559771,0.026230922667888276
An Eaglais,Laois,0.02876535185022502,-0.006202129300043135,0.0020635173564226726
Cuar an Uisce,Laois,-0.047748033957648414,-0.025178412378514675,-0.04847724077780588
An Goirtín,Laois,-0.04750825628875171,0.004197119170750803,-0.016632909523057564
Tír Earnáin,Laois,-0.024690175948113433,0.024218307997487063,0.02157727558241321
Barr na Slaite Íochtarach,Laois,0.07525391022355332,-0.1457374568141187,-0.08532079796880687
An Cuan Beag,Laois,-0.1404423474275391,-0.2907868651952307,0.10768741405565255
Baile Hanraí,Laois,1.7623513948847236,-0.05486510889106578,0.19208157688950814
Baile an Choillín,Laois,1.7071086721425406,-0.04192756915383959,0.13243013449812818
An Ghráig,Laois,-0.0135995093776311,0.000837737960758478,-0.005111628532573528
Na Stanga,Laois,0.0,0.0,0.0
Bóthar na Saor,Laois,-0.03749528817117495,0.03430100959002581,0.009406231188692379
Baile na Coille,Laois,1.7584222320202405,-0.04418961307325697,0.14185529849856648
An Gearradh,Laois,0.0,0.0,0.0
An Chlais,Laois,-0.019896341147161767,0.00619066991968458,-0.01733512457388982
An Abhainn Bheag,Laois,-0.21150291515784359,-0.22823913281620167,0.12453688600740373
Abhainn an Duilliúir,Laois,-0.11375116274106617,0.13995055615542817,0.11119854415019738
An Bealach Mór,Laois,-0.39057159865467644,1.7264698825035445,2.1942766223847188
An Chúlchoill,Laois,-0.006439815116023067,-0.00369075992677735,-0.00020918717504721368
Baile Briotáis,Laois,1.742721430053759,-0.05405081440902332,0.18950540626895573
An Baile Fionn,Laois,1.6854932175608757,-0.042228807928443364,0.1776352364475119
An Dún Mór,Laois,-0.4499784266856681,1.789935570652718,2.2109043416945937
Díseart Gailine,Laois,-0.020753957119355897,-0.0012483394259682078,-0.009535790473895496
An Fearnán,Laois,-0.008925292594714437,0.0005447084746800164,-0.0033199489738795097
Cill Deilge,Laois,-0.4686998157467367,-2.6977937602862743,0.8832247406320276
Mongach Mhór,Laois,-0.34416642715495016,1.6749514938530912,2.1375010720553367
Cluain Broc,Laois,-0.18719487351698474,0.16011892890503346,0.08011326707767512
Port Laoise (Tuath),Laois,-0.02534094290741664,0.012003394138894403,-0.018689115985565406
Port Laoise (Uirbeach),Laois,-0.03314970674232727,0.008623952476293481,-0.013511191356070236
Áth na Sailí,Laois,-0.09809642914959553,0.04864902273209421,-0.03296400008941896
Tigh Maodhóg,Laois,-0.02728851381802915,-0.00038336109311396443,-0.029786921046230715
Baile an Bhiocáire,Laois,1.69461380029829,-0.05208990102089315,0.18331450870854005
An Cheapach Ard,Laois,-0.0890877477557984,0.13400321908334567,0.03894707209825009
Móin Eitigh,Laois,0.031029865667612053,0.0067399218711815196,-0.06465827384659488
Coill Leacan Dronnaí,Laois,0.030422385366319853,0.031562729131572896,-0.010676325828152271
Cill Bhriocáin,Laois,-0.48402042623560093,-2.758142287076629,0.898777749239456
Cnocán na Mac Tíre,Laois,0.24646351798835633,-0.14063946463968474,0.0887890078182297
Buiríos Mór Osraí,Laois,-0.3560341009133404,1.7130509088583221,2.1849186837621972
Droim Oiríolaigh,Leitrim,-0.2640981443725273,0.2352475228356119,-0.11514544193861742
Ros Inbhir,Leitrim,-0.13643070384226497,0.17981811686852722,0.17281584344259968
Coillidh Dhubhach,Leitrim,-0.02007308649170125,0.0014330335852189254,-0.007815440518716339
An Clochar,Leitrim,-0.024982983386189216,0.026647586524159717,0.03139682641503126
Ard-doire,Leitrim,0.0,0.0,0.0
Corr an Fhleá,Leitrim,-0.0748191612065355,-0.005401358276317856,-0.05204747272249871
An Mullach Mór,Leitrim,-0.43222862201973417,1.839213750519476,2.3122515116445035
Ard Uinseachán,Leitrim,-0.0552423122571117,0.10327226034324428,0.025312495485484404
Achadh an Mhuilinn,Leitrim,-0.04828052125050825,-0.03655056432877406,0.026866551132411633
Cnoc an Mhadaidh,Leitrim,-0.25560770014270295,0.5048279488246118,-2.340518539024928
Log an Umair,Leitrim,-0.0029285753164666746,0.0014257915491734602,-0.016070414739231202
Curracha Sileáin,Leitrim,0.0,0.0,0.0
Droim Lonáin,Leitrim,-0.24973556993840113,0.22474171660894424,-0.10778259133207715
An Choill Dorcha,Leitrim,-0.10932911012471017,0.20419246977105365,0.2526392977776459
An tEanach,Leitrim,-0.030420369014527795,0.06575805040845258,0.055876046349895576
Uinseannach,Leitrim,-0.006381598479951308,0.0004182160293455893,-0.0026388473066931224
Droim Mucar,Leitrim,-0.24973556993840113,0.22474171660894424,-0.10778259133207715
Coill an Droma,Leitrim,-0.2555502187801955,0.2566097675997069,-0.12146946555034982
Log na gCon,Leitrim,-0.0029285753164666746,0.0014257915491734602,-0.016070414739231202
An Dúcharraig,Leitrim,-0.008925292594714437,0.0005447084746800313,-0.0033199489738795092
Corr na gCaorach,Leitrim,-0.10429592378663302,0.007389337207292273,-0.058259924859914144
Doire na hEilte Mór,Leitrim,-0.48328436929589447,1.6377126208433954,2.1590823138618442
Gob na bhFiach,Leitrim,-0.07712584879740071,0.010858634127448186,-0.03968526236496073
An Doirín (Johnston),Leitrim,-0.03175973309214262,0.006549075198796204,-0.012293462939983409
Lios na gCeann,Leitrim,-0.15431482201592647,0.08029804296964183,-0.12573711751965588
Corr na Seamsóg,Leitrim,-0.0748191612065355,-0.005401358276317856,-0.05204747272249871
Gréach na gCoilleán,Leitrim,-0.009122686370423155,0.0012403432528593106,-0.002603969196280336
An Leargain,Leitrim,-0.018595164197791537,0.0337529628716619,0.038219557543780404
Cluain Sí Riabhach,Leitrim,-0.24793531855366235,0.1873343111745723,0.07428763180285498
Poll na gCapall,Leitrim,-0.0976999939930955,0.03943913955829086,-0.06040742918332622
Carn Tulach,Leitrim,-0.07911715128862123,-0.02806501388054199,0.08090429658211278
Droim Dhristin,Leitrim,-0.24973556993840113,0.22474171660894424,-0.10778259133207715
Tulaigh an Bhacáin,Leitrim,-0.05764012422130716,0.09146437170268677,0.09608295179668742
Doire an tSonnaigh,Leitrim,-0.15224067955391152,-0.035322937299624484,0.016903612933220288
Droim Shealbhaigh,Leitrim,-0.20786517215854272,0.22772372125653018,-0.11350025794977248
Gort Chonalláin,Leitrim,-0.1551452907118627,0.15296560883452331,0.04223555705045017
Corr Lóna,Leitrim,-0.0748191612065355,-0.005401358276317856,-0.05204747272249871
Lios Droma Réidh Thuaidh,Leitrim,-0.3839850070247387,0.4044790779530632,-0.062355026732331564
An Chorr Liath,Leitrim,-0.11908661645820001,0.015966257764549418,-0.05506923991678829
An Charraig,Leitrim,-0.06648619103834423,0.031317070049614544,-0.002471447413918494
An Doirín (Lloyd),Leitrim,-0.03175973309214262,0.006549075198796204,-0.012293462939983409
Farnocht,Leitrim,0.0,0.0,0.0
An Gabhal,Leitrim,-0.006654240753778753,0.0009549831572728276,-0.004459458058556001
Na Monga,Leitrim,0.0,0.0,0.0
An Port,Leitrim,-0.03572988489612234,0.006892712553660114,-0.014387699750068463
Baile na Moinge,Leitrim,1.7361446304120536,-0.05368107545071847,0.18738486201856386
Coill an Mhachaire,Leitrim,-0.012334303369078453,0.03360289468518116,-0.015568727554914175
An Críonach,Leitrim,-0.006338794198808865,0.0003848814901788064,-0.0023443942237969173
An Cheathrú Dhubh,Leitrim,-0.22085019382782878,0.16195070648922594,-0.10684428620933585
Seisceannán,Leitrim,0.0,0.0,0.0
Inis Iarthair,Leitrim,-0.095382770320775,0.06202235334514357,0.034553198584246034
Inis Teampaill,Leitrim,-0.015797173335308612,0.05448438586820184,0.04038595511566831
Corr na gCleath,Leitrim,-0.0748191612065355,-0.005401358276317856,-0.05204747272249871
Doire na Saor,Leitrim,-0.14814887098173918,-0.03692716152012543,0.019995174548920327
An Móinín,Leitrim,-0.016606565299635678,0.001221037641390711,-0.015652432737947405
Ros Clochair,Leitrim,-0.12525579763223843,0.14328770385313405,0.12720012913575635
Corr na nGamhna,Leitrim,-0.09490139703308192,0.008517072263268333,-0.05689840860182685
Mala na dTinte,Leitrim,-0.0067355062423084654,0.0005821242724343193,-0.002422803430399558
Na Cluainte,Leitrim,0.004779867227441007,7.524581613252997e-06,-0.010433483789146715
Doire an Locháin,Leitrim,-0.09008855663660414,-0.03946329828164091,0.026817165967700892
An Camallt,Leitrim,0.0,0.0,0.0
An Gabhlán Riabhach,Leitrim,-0.06805500728985271,0.0282130668471481,-0.008305652961400543
Cluanach Mhór,Leitrim,-0.37200019883422514,1.7742971534595777,2.262588479216315
An Carraigín Corr,Leitrim,-0.0856085700999949,-0.008380314288990207,-0.07158059403337504
An Coincheann,Leitrim,0.0,0.0,0.0
Páirc na Cloiche,Leitrim,0.045693056117374106,0.09340279755708948,0.08037905615619736
Claon,Leitrim,-0.008476423538043832,0.0019498092981180078,-0.005105775449693751
Baile na mBráthar,Leitrim,1.68337139969015,-0.035483304350057816,0.1360050566105674
An Bhearach Bheag,Leitrim,-0.09775175241677742,-0.36818968897162985,0.013338341857206344
Droimne Fachnáin,Leitrim,-0.014793502536824155,-0.0022501784976326393,-0.05098533574910758
An Ghlasdromainn Mhór,Leitrim,-0.3604341527967331,1.7096794578214316,2.178222730107871
Lios an Dlúith,Leitrim,-0.13306498076832848,0.06950047966612027,-0.118613693727156
Mullach Caisil,Leitrim,-0.08806219486478399,0.16426225666638491,0.17475043958916703
Siánaigh,Leitrim,0.0,0.0,0.0
An Stangán,Leitrim,0.0,0.0,0.0
Droim Duilliúir,Leitrim,-0.24973556993840113,0.22474171660894424,-0.10778259133207715
Droim na Croise,Leitrim,-0.2597765893290096,0.2310292098088183,-0.11529145284863013
Gob an Fhéich,Leitrim,-0.05612719137614182,0.0062105569807167265,-0.03394231707533491
Briosc-chluanach,Leitrim,0.0,0.0,0.0
Gort na Liobairte,Leitrim,-0.1551452907118627,0.15296560883452331,0.04223555705045017
An Móinín Lom,Leitrim,-0.016606565299635678,0.001221037641390711,-0.015652432737947405
Gort na gCarn,Leitrim,-0.1680826478034731,0.16816189069502022,-0.013613919755303926
Lán an tSagairt,Leitrim,0.040069988602901646,0.006110335440922571,-0.07819202849809856
Maoineach,Leitrim,0.0,0.0,0.0
Srath na gCros,Leitrim,-0.072144762162094,-0.035717566101150955,-0.05317197455677618
An Corrán,Leitrim,-0.03527993320893876,0.05965385191071712,0.05753691913203922
An Poll Buí,Leitrim,-0.14628869169176223,0.02510767080927082,-0.09668938616706299
Baile na bPoll,Leitrim,1.615954586439415,-0.014936950374708761,0.13357858630972816
Cionn Ara,Leitrim,-0.05598146951869526,0.042286369489372734,0.012977289222761137
Baile an Chaisleáin,Leitrim,1.7805920587257142,-0.05075043592134944,0.19628947585227507
An Fhionnghréach Íochtarach,Leitrim,0.118521881777217,-0.14938045232426192,-0.054940901825955686
Gréach na gCloch,Leitrim,-0.015290143020724347,0.03352291501776948,0.03265581692396497
Tinne Cliabháin,Leitrim,0.0,0.0,0.0
An Ros,Leitrim,-0.1167950762635073,0.13964003817674042,0.12691140728093475
Páirc an Mhuilinn Úctha,Leitrim,0.03137027166651445,0.022024679553609636,0.1068831420696083
Cartún an Teampaill,Leitrim,0.07214464425727866,0.00042414500629616537,-0.014608168657812505
Páirc na bhFianna,Leitrim,-0.0257710328055171,0.10019551641952883,0.08150507608728899
Cill Mhic Coirill,Leitrim,-0.15406175516084197,-2.866267352954052,0.9950859720344636
Lisín na gCruach,Leitrim,-0.03766485816688647,0.01712487620321279,-0.05909277720045556
Tamhnaigh Uinseannach,Leitrim,-0.0090461160099453,0.0018986462765340534,-0.015286926269541128
Carraig an Urradh,Leitrim,-0.0904079724765469,0.0005440943008651592,-0.11445111458367516
Maigh gCoirc,Leitrim,-0.06129448868771816,0.020909454105248942,-0.022134907164818658
An Gob,Leitrim,-0.04796029028980254,0.004550071922388776,-0.03022802365320906
An Leithcheathrú,Leitrim,-0.0135995093776311,0.0008377379607584661,-0.005111628532573528
Lios Coilleadh Uachtarach,Leitrim,-0.16187682185165073,0.08997557908799297,-0.13288402325925916
Gob an Dorais,Leitrim,-0.05522042003382683,0.004960522570757903,-0.033583872687401206
Leaba Eislinne,Leitrim,-0.007631318317990558,-0.004152373894895962,-0.00392592994078114
Seimhdile,Leitrim,0.0,0.0,0.0
Srath Treasáin Thuaidh,Leitrim,-0.04623539835207697,0.11247587204030847,0.14456318465201148
Tais,Leitrim,0.0,0.0,0.0
Clochlach,Leitrim,0.0,0.0,0.0
An Choillidh,Leitrim,-0.013880679200627131,0.006401440652386546,-0.002680545009373192
Na Colbhaí,Leitrim,0.0,0.0,0.0
Corr an Chreamha Theas,Leitrim,-0.07231402129343982,-0.0828616907256196,-0.1481272323783743
Gob an Ghrafaidh,Leitrim,-0.04796029028980254,0.004550071922388776,-0.03022802365320906
Rúscaigh na Móna,Leitrim,0.02109842593473863,-0.00039429247872859157,-0.06910616572528766
Corr an Chuasáin,Leitrim,-0.0748191612065355,-0.005401358276317856,-0.05204747272249871
Doire an Chip,Leitrim,-0.15505710415018015,-0.030914257221440696,0.019160275871432996
Droim Mianáin Beag,Leitrim,-0.34748732235517854,-0.1434479723626856,-0.09444424947487082
Droim Rúisc Thuaidh,Leitrim,-0.25092002625641024,0.33497859828694293,0.05625866699482443
Both Néill,Leitrim,0.023432695410591182,0.06231627626702379,0.08033783554811398
Léim an Ois,Leitrim,-0.0220261879013841,0.009814306752210093,-0.014898666260643978
Corr na Gaoithe,Leitrim,-0.13321693523519534,0.055118911979804786,-0.1127678488591066
Tul Con,Leitrim,-0.02677565916272965,0.0037838927954482117,-0.008850419972600011
Cluain Bainneach Thuaidh,Leitrim,-0.1883793298349939,0.27035581058303215,0.24415452540457672
Droim Dumha,Leitrim,-0.28410714768335116,0.25660001043399827,-0.11897160005686974
Droim Lára,Leitrim,-0.24973556993840113,0.22474171660894424,-0.10778259133207715
Droim Rathúil Theas,Leitrim,-0.23102579232551873,0.1452831387802917,-0.19895742325312388
An Seol Mór,Leitrim,-0.34416642715495016,1.6749514938530912,2.1375010720553367
Achadh an Teasa,Leitrim,-0.08132250788784602,0.025340506250469932,-0.003903889349688423
Doire Chairn,Leitrim,-0.14266201609462564,-0.08595329221724493,0.03695844890703315
Na Fálta,Leitrim,0.0,0.0,0.0
Droim Thorcáin,Leitrim,-0.24973556993840113,0.22474171660894424,-0.10778259133207715
An Bheitheach Mhór,Leitrim,-0.375287101307027,1.6650394292043769,2.1860057681432
Droim Bréinlis,Leitrim,-0.24973556993840113,0.22474171660894424,-0.10778259133207715
An Droim Mín,Leitrim,-0.2954464938341314,0.23618944712866458,-0.13101798479726
An Cheapach,Leitrim,-0.0338454354986867,0.030730958740101375,0.013634576612765686
An Corrán,Leitrim,-0.03527993320893876,0.05965385191071712,0.05753691913203922
Maothail,Leitrim,0.0,0.0,0.0
An Trian Mór,Leitrim,-0.3630220692258842,1.709664018184649,2.1747880845423406
Tulaigh Bhradáin,Leitrim,-0.040641336615856206,0.09287606176700793,0.09030279206848023
Cluain Muirís,Leitrim,-0.18719487351698474,0.16011892890503346,0.08011326707767512
Cluain Torc,Leitrim,-0.19972930362022256,0.16502637027818598,0.07977723991335987
An Láithreach,Leitrim,-0.0135995093776311,0.0008377379607584825,-0.0051116285325735235
Droim Colpa,Leitrim,-0.26008625425486864,0.2301870604673674,-0.11263621374724578
An tEanach Dearg Íochtarach,Leitrim,0.05426298787924003,-0.06893634250431392,-0.008071663659595212
Bréandroim (King),Leitrim,-0.006338794198808865,0.0003848814901788057,-0.0023443942237969134
Caladh Spencer,Leitrim,0.008451635803670416,-0.003617867653150731,-0.005136368657653402
Loch Ghleann an Chairthe,Leitrim,-0.3082473525283168,0.2876065656373627,0.04983562492016939
Uachtar Achaidh,Leitrim,-0.05894294598669994,-0.22211602165637695,0.06732461635421243
Droim Dhá Thiar,Leitrim,-0.021114491425155646,0.2904817231618128,-0.020829044434635263
Gleann Éada,Leitrim,-0.13237727448247302,0.09971641095026927,0.08290512254153362
Cill an Iomaire,Leitrim,-0.49324231511385025,-2.7446098649425132,0.9027378501972133
An Caiseal,Leitrim,-0.02721621268836827,0.0021498255780186474,-0.011968133382648754
An Chluain,Leitrim,-0.0354612976728337,0.040617153560065136,0.03128632077151449
Garbhach,Leitrim,0.0,0.0,0.0
Loch Chaoldra,Leitrim,-0.26016423313005305,0.25720012842049245,0.04793659832010855
Loch Áradh,Leitrim,-0.26016423313005305,0.25720012842049245,0.04793659832010855
Achadh Mór,Leitrim,-0.42548893504279617,1.700292000103561,2.1335971827056484
Garbhros,Leitrim,0.0,0.0,0.0
Coillte Clochair,Leitrim,-0.023753183798226312,0.00891211755889398,-0.013518554360010196
Tulaigh an Chuaille,Leitrim,-0.05764012422130716,0.09146437170268677,0.09608295179668742
Uí Dheá,Wexford,1.5899666877219827,-0.0477507158495866,-0.2840903027281802
An Baile Mór,Wexford,1.3504473731433397,1.622861592832198,2.3208155807638766
Dún Eamhna,Wexford,-0.10581199953071796,0.11498407679962692,0.07340326963925684
Fearna,Wexford,-0.009208685810482337,0.0012680229740646646,-0.0024779672288786814
Cill Eallóg,Wexford,-0.4686998157467367,-2.6977937602862743,0.8832247406320276
Cill Chaomháin,Wexford,-0.4750690546605171,-2.802350239793487,0.9151240393534188
Cill Chormaic,Wexford,-0.4883026566948229,-2.7476598772090086,0.9063577338635593
Cill Chuáin Mhór,Wexford,-0.7920975144151542,-1.1036658544685398,3.1023937045653343
Cill Ghormáin,Wexford,-0.4643116755404951,-2.750011491961691,0.8997936097268538
Cill Fhaoile,Wexford,-0.4686998157467367,-2.6977937602862743,0.8832247406320276
Cill Moshiológ,Wexford,-0.4686998157467367,-2.6977937602862743,0.8832247406320276
Cill Moninne,Wexford,-0.4686998157467367,-2.6977937602862743,0.8832247406320276
An Bábhún Nua,Wexford,0.34432083502270805,0.010780250862780056,0.07606924679359268
Cill Eilleáin,Wexford,-0.4686998157467367,-2.6977937602862743,0.8832247406320276
Paróiste Mhaighréide,Wexford,-0.028984996212209582,-0.0040078560524771465,-0.009203848840377036
Teampall Lúdagáin,Wexford,-0.0025722098610490044,0.023798926106617022,0.013179359767461055
Baile Chon Lóthair,Wexford,1.70756040363414,-0.04781739318043856,0.181289003532923
Baile Ó Lóiche,Wexford,1.69461380029829,-0.05208990102089315,0.18331450870854005
An Chaoraíocht,Wexford,0.0,0.0,0.0
Cnoc na gCros,Wexford,-0.28270152027072915,0.46687139236115105,-2.374212439906814
Oileán Cing,Wexford,-0.11329063062073298,0.0012790144850757263,-0.0774138043135638
Baile an Mhóta Mór,Wexford,1.3504473731433397,1.622861592832198,2.3208155807638766
Baile na mBodach,Wexford,1.7920391887771303,-0.05608717568766562,0.1954752487407625
Baile Chlann Raghnaill,Wexford,1.69461380029829,-0.05208990102089315,0.18331450870854005
Cluain Mór Uachtarach,Wexford,-0.538357592217206,1.8395629911180065,2.2563982063344064
Fearann an Tréin,Wexford,-0.035321932907679786,-0.005035926160568081,-0.03469846120646947
An Chúil Gharbh,Wexford,-0.10245228645346063,0.0966065668351394,0.012467884055788837
Cloch Laoghóg Íochtarach,Wexford,0.1123544251269158,-0.11709788055935175,-0.019681115705710378
An Fuarlach,Wexford,0.0,0.0,0.0
An Choill,Wexford,-0.09445182318987999,0.1931145062201231,0.24551450312491216
Cnoc na bhFia,Wexford,-0.27039743429516344,0.5198965239754881,-2.3905872173086027
Baile Briotáis,Wexford,1.742721430053759,-0.05405081440902332,0.18950540626895573
Brí,Wexford,-0.011867673758390249,0.038099415005230876,0.04741761170686053
Cill Chairbre,Wexford,-0.493757040828054,-2.8097586983552714,0.9205511121614076
Fearann Sparrow,Wexford,-0.028042049699404107,-0.005413965045791283,-0.030439028710515105
Baile na Claise,Wexford,1.7740711500406525,-0.05467054194098875,0.1933140890816288
Corclach,Wexford,0.0,0.0,0.0
An Baile Tarsna,Wexford,1.7720035388463065,-0.06539955458960268,0.19381615245506753
An Baile Tarsna Beag,Wexford,1.674251786429529,-0.4335892435612326,0.20715449431227387
Garraí Branach,Wexford,-0.04448149135745878,-0.007223121494698272,-0.003565768675721497
An Ghléib,Wexford,-0.03874097762943806,-0.0019058849035651173,-0.01420874772834608
Baile na gCloch,Wexford,1.6884463436479888,-0.019807329255982976,0.21857429482878535
Baile na nGabhar,Wexford,1.7127193424021863,-0.049693493996684594,0.180186543226012
Garraí Aidín,Wexford,-0.0516339382291018,-0.00627398158834862,-0.005172311627928616
Crois Uagha,Wexford,0.0072114417473015035,-0.005089214417499981,-0.007105315157835154
Cloch Aidín,Wexford,-0.013319903521944208,0.03323171167125982,0.03365324316803819
An Tuar,Wexford,-0.03431533318221857,0.05654398127729491,0.06402988913837702
An Corrán Rua,Wexford,-0.19435681986352968,0.2260881171512814,-0.35395036936333896
Baile na Sláine,Wexford,1.69461380029829,-0.05208990102089315,0.18331450870854005
Gort na Silíní,Wexford,-0.1551452907118627,0.15296560883452331,0.04223555705045017
Fearna,Wexford,-0.009208685810482337,0.0012680229740646646,-0.0024779672288786814
Easca na mBó,Wexford,-0.010222208809192807,0.036440039183222715,0.035912118161668546
Cúil Phoc,Wexford,-0.06583727197547709,0.05210114189106243,-0.02861528361049199
Coill Bhórú,Wexford,-0.005814648841794402,0.03186805099076262,-0.01368687421827267
Coill Tomáis,Wexford,-0.005814648841794402,0.03186805099076262,-0.01368687421827267
Coill Chonaib,Wexford,-0.005814648841794402,0.03186805099076262,-0.01368687421827267
Abhallort Bhoic Mór,Wexford,-0.34416642715495016,1.6749514938530912,2.1375010720553367
Scallach,Wexford,0.0,0.0,0.0
Baile Órlaithe Íochtarach,Wexford,1.813135682075507,-0.20147035334515506,0.12837360688258437
Coill Eachroma,Wexford,-0.005814648841794402,0.03186805099076262,-0.01368687421827267
An Baile Nua,Wexford,2.0577005897353513,-0.04324576915499155,0.26643283718051813
Cill Uisce,Wexford,-0.5263466166717933,-2.722548977444428,0.844053756961609
Béal an Átha Uachtarach,Wexford,0.006864053703412622,0.021926045133308716,-0.03981342414318839
An Garraí Fliuch Uachtarach,Wexford,-0.061578949110750826,-0.0010086231263570363,0.033885822091318525
Baile Cadáin Íochtarach,Wexford,1.813135682075507,-0.20147035334515506,0.12837360688258437
Cill Teille,Wexford,-0.4686998157467367,-2.6977937602862743,0.8832247406320276
Baile na Páirce,Wexford,1.7150598403199426,-0.05288654903166153,0.18454430718464432
An Goirtín,Wexford,-0.04750825628875171,0.004197119170750803,-0.016632909523057564
An Currach Dubh,Wexford,-0.19672433125206204,0.13838211867809747,-0.15620613340804554
An Bhuaile Chríon,Wexford,-0.03069251191190136,-0.0093937829999375,-0.00942855777296055
An Caiseal,Wexford,-0.02721621268836827,0.0021498255780186474,-0.011968133382648754
An Corrán Mór,Wexford,-0.3794463603638889,1.7346053457638082,2.195037991187376
An Chromóg,Wexford,0.0,0.0,0.0
An Gleann Bán,Wexford,-0.14792601216651222,0.2434716104290966,0.043894085137350554
Moing an Hóraigh,Wexford,-0.018985238293755015,0.0034021309879255653,-0.0038842196705181076
Cloch an Chasaigh,Wexford,-0.006167456650301191,0.03228257176491017,0.03525978612024531
Buaile an Fhrancaigh,Wexford,-0.009391793326874363,-0.003414512345853928,-0.013218491436393025
Corrán Bhréadaí,Wexford,-0.03527993320893876,0.05965385191071712,0.05753691913203922
Frankfort,Wexford,0.0,0.0,0.0
Cnoc Bhaile na Carraige,Wexford,1.4507646408611221,0.46136303285657326,-2.200592989643737
Baile na Moinge,Wexford,1.7361446304120536,-0.05368107545071847,0.18738486201856386
An Tom Garbh,Wexford,-0.03784729223999386,0.0025578103007934906,-0.01157785413718536
Baile na Saileog,Wexford,1.69461380029829,-0.05208990102089315,0.18331450870854005
Tom an Ghadaí Beag,Wexford,-0.11859670472017395,-0.3742269367704892,0.005246117735981546
An Coinicéar,Wexford,-0.01704241890054177,0.0052436047359033225,-0.007300039046054619
Glascharraig Thuaidh,Wexford,-0.0011844563180091337,0.11023688167799868,0.16404125832690158
An Mhóin Mhór,Wexford,-0.4210053514501692,1.8872211018064773,2.337171501696303
Páirc na Sióg,Wexford,-0.0016717149708233168,0.08391575013285363,0.07611270158750826
Baile Corráin Léith,Wexford,1.7280947720580158,-0.048692669531322744,0.18730593683044824
Cluain Each,Wexford,-0.22253136205663232,0.17850026380212333,0.0831612410336173
Baile na Sratha,Wexford,1.69461380029829,-0.05208990102089315,0.18331450870854005
Coill an Churraigh,Wexford,0.06248138490549214,0.030199359228732906,-0.007370070025121663
Buaile an Chrainn,Wexford,-0.020060884403154976,0.002684806940410936,-0.014754632198596383
Baile an Mhuine,Wexford,1.7152616683119712,-0.09772531209717189,0.15097815363779873
Caisleán an Phiobaraigh,Wexford,0.029884390363814104,-0.0005274965581573636,-0.03395475576594511
An tSruthail,Wexford,0.0,0.0,0.0
Cúil Ghréine,Wexford,-0.06583727197547709,0.05210114189106243,-0.02861528361049199
Móin an Tuair,Wexford,0.018306499938569632,0.018144635678978734,-0.12149544236234666
Coill Diarmada,Wexford,-0.01363969624987017,0.027632570168877903,-0.014674477528498991
An Cnoc Dubh,Wexford,-0.3980097714608559,0.5843321870528598,-2.52354001325899
Muine Alastraim,Wexford,-0.026499386720711615,0.05814281067797846,0.05521841125714429
Baile an Ghleanna,Wexford,1.7271613453925534,-0.049805440750896976,0.1843967589510381
Corrán Dónaill,Wexford,-0.04674358438474985,0.06619978386611729,0.058141694559385955
Toinn an Mhuine,Wexford,0.02064786801368122,-0.04563541107627875,-0.03233635507074132
An Ghléib,Wexford,-0.03874097762943806,-0.0019058849035651173,-0.01420874772834608
Baile Eoghain,Wexford,1.6788348678058957,-0.1006213909466242,0.19136416512044988
Cluain Heanraid,Wexford,-0.18719487351698474,0.16011892890503346,0.08011326707767512
Áth Aeir,Wexford,-0.106260882071557,0.053366229972386756,-0.036984006217902335
Baile an Chaisleáin,Wexford,1.7805920587257142,-0.05075043592134944,0.19628947585227507
Borehovel,Wexford,0.0,0.0,0.0
An Ráithín Mór,Wexford,-0.3530363534997453,1.7095691410686888,2.163731994723225
Páirc an Ráithín,Wexford,-0.0105416413156185,0.11853339734845134,0.10234362425539653
An Baile Dubh,Wexford,1.552211728980137,0.02741433720735486,0.0002930344744782598
An Chraoibh Mhór,Wexford,-0.34416642715495016,1.6749514938530912,2.1375010720553367
An Corrán Íochtarach,Wexford,0.08324194856827824,-0.0897266004135448,0.0025960173060835326
An Phailís Íochtarach,Wexford,0.11307126270556565,-0.15799113073026716,-0.05717149453357573
Cluain Thiar,Wexford,0.041426204996260735,0.22585893545790203,0.16706681397511702
Cloch na Mallacht,Wexford,0.014617883698279774,0.032221455752588134,0.03800390179136999
Easca Chaol,Wexford,-0.05070525669449739,0.04941047404299644,0.04421935455459849
Bailte Ó bhFearaíl,Wexford,-0.011327596892309173,0.0006946288091614565,-0.00423611294035823
Ceathrú an Mhuilinn,Wexford,-0.029218666802242152,-0.027166623990458175,0.0635200902294628
An Sliabh Bán,Wexford,-0.07841061527918734,0.15087610366968016,-0.08120137153978549
Páirc na Banna,Wexford,-0.0016717149708233168,0.08391575013285363,0.07611270158750826
An tOileán Íochtarach,Wexford,0.037810426602589375,-0.07660632697122867,-0.05966782563076234
An tOileán Láir,Wexford,-0.032369598612488275,0.0897883947110806,-0.044835904096286
Baile na hAbhann,Wexford,1.7324274373448105,-0.05671868230261897,0.1870035393744708
Baile Éamainn,Wexford,1.742721430053759,-0.05405081440902333,0.18950540626895573
Cill na Manach Íochtarach,Wexford,-0.3303527250648937,-2.8382782294472926,0.9184390132961087
An Mhoing Mhór,Wexford,-0.34416642715495016,1.6749514938530912,2.1375010720553367
An Comar Dubh,Wexford,-0.15505431759029698,0.07401132983398637,-0.1892184125506095
Bearna na hEanaí,Wexford,-0.002056036986179238,0.0019950882273684187,-0.01105140141354761
Ráth an Chuilinn,Wexford,-0.13966520678255726,0.17676894803410026,0.023701899690922942
Cnoc Bhaile Thomáis,Wexford,1.601247833911488,0.4617474774450092,-2.2239566090305196
Barr Stuaice,Wexford,-0.043267971553663666,0.003642995510143226,-0.030379896142851182
Baile na Cúlach,Wexford,1.7110083328740353,-0.049597782929109,0.18316615545367512
Bealach na bhFiach,Wexford,-0.07557073000732445,0.05782695085551278,0.04731831161763024
Carnach,Wexford,0.0,0.0,0.0
Scolbóg,Wexford,0.0,0.0,0.0
Baile an Róistigh,Wexford,1.7525901628637262,-0.044312918099361574,0.1414174736624835
Cluanach,Wexford,-0.027833771679274987,0.09934565960648653,0.1250874071609783
Dún Gulf,Wexford,-0.10581199953071796,0.11498407679962692,0.07340326963925684
An Ghráinseach,Wexford,-0.02756231393251435,0.02892227202131319,0.02687441488325783
An Teach Cloiche,Wexford,0.03894585755466784,0.00681368818973002,-0.008373833048598593
Baile Sheá,Wexford,1.69461380029829,-0.05208990102089315,0.18331450870854005
Baile na Móna,Wexford,1.725643665965902,-0.04534997914971163,0.11865623486194517
Baile Bhriain,Wexford,1.7149795402878607,-0.054212568293106195,0.1826504575360451
Tigh na Rátha,Wexford,-0.036711057580119166,0.018799802777476803,-0.07735831439884164
Cill Gharbháin,Wexford,-0.4686998157467367,-2.6977937602862743,0.8832247406320276
Baile an Druiligh,Wexford,1.69461380029829,-0.05208990102089315,0.18331450870854005
An Chnocaigh,Wexford,0.0,0.0,0.0
Baile an Mhuilinn,Wexford,1.7276557869356277,-0.11398097160013715,0.2140849491906401
Páirc an Bháiréadaigh,Wexford,-0.0016717149708233168,0.08391575013285363,0.07611270158750826
An Bán Mór,Wexford,-0.35971516483898935,1.8187066933319185,2.0984900346511535
Creachmhaoil,Wexford,0.0,0.0,0.0
Maidilín,Wexford,-0.008925292594714437,0.0005447084746800277,-0.0033199489738795075
Forraigh,Wexford,0.0,0.0,0.0
Páirc an Fhraoigh,Wexford,-0.026366585812056652,0.09267555867347332,0.07274467491660452
Créacán Íochtarach,Wexford,0.118521881777217,-0.14938045232426192,-0.054940901825955686
Móin na Caothaí,Wexford,0.031029865667612053,0.0067399218711815196,-0.06465827384659488
Síol Beagáin,Wexford,0.0,0.0,0.0
Cluain Leathard,Wexford,-0.1978826258986027,0.16533896022771893,0.0804480070032798
Easca na Fearna,Wexford,-0.028001692648971614,0.035314706775304974,0.035831104715595384
Muine Moling,Wexford,-0.026499386720711615,0.05814281067797846,0.05521841125714429
Tuaim an Oighinn,Wexford,-0.026191003700667306,0.027326812158590764,0.02679432594405961
Baile an Ruáin,Wexford,1.7710894022119712,-0.05234514469536225,0.1860750511945786
Baile Hac Beag,Wexford,1.5968620478815125,-0.420279589992523,0.19665285056574638
Teampall San Lionard,Wexford,0.017747531982883966,0.026165179424507412,0.014223014889686695
Cúil Eichiairn Thuaidh,Wexford,-0.06702172829348622,0.1623380235690611,0.1354259747164096
Poll Maolmhuaidh,Wexford,-0.07865921385887509,0.03715295064618439,-0.04973592239881188
Scadharc,Wexford,0.0,0.0,0.0
Cnotán,Wexford,0.0,0.0,0.0
Baile Sheáin,Wexford,1.7833563890223847,-0.015427501019148478,0.240964627996335
Coill Mheistin,Wexford,-0.005814648841794402,0.03186805099076262,-0.01368687421827267
Baile Eochú Íochtarach,Wexford,1.813135682075507,-0.20147035334515506,0.12837360688258437
Baile na Cúile Mór,Wexford,1.3575636379916745,1.6645830411298428,2.3707712368593206
Gleann Bothach,Wexford,-0.13237727448247302,0.09971641095026927,0.08290512254153362
Cill Mochua,Wexford,-0.4686998157467367,-2.6977937602862743,0.8832247406320276
Barr an Tobair,Wexford,-0.0357093036294253,-0.014796644264178871,-0.10055739331128737
Baile San Éamann,Wexford,1.714933542142223,-0.04972364770300276,0.1843581638307657
An Doire Beag,Wexford,-0.2368696945577217,-0.40542856198132565,0.03491958366371392
Banú,Wexford,0.0,0.0,0.0
Cill Trá,Wexford,-0.5046319836645574,-2.712630104092395,0.9128996352087829
Cill Moninne Bheag,Wexford,-0.566451568163514,-3.065983449257904,0.896563082489234
Poll Manach Mór,Wexford,-0.4030004321091993,1.7210004276625193,2.1779203241465614
Baile na Coille,Wexford,1.7584222320202405,-0.04418961307325697,0.14185529849856648
Tobar Bhríde,Wexford,-0.15364459755943666,-0.2439031091851832,0.02307998038279197
Cnocán Seabhac,Wexford,-0.053899461502850014,0.004331561111631287,-0.050031207248155976
An Baile Nua,Wexford,2.0577005897353513,-0.04324576915499155,0.26643283718051813
Draighneach Theas,Wexford,-0.005354020573096498,-0.12405948307792279,-0.07676945228972842
Na Goirtíní,Wexford,-0.006338794198808865,0.00038488149017880494,-0.0023443942237969173
Baile Shiota,Wexford,1.69461380029829,-0.05208990102089315,0.18331450870854005
Cill Chaomháin (Athroinnte),Wexford,-0.4750690546605171,-2.802350239793487,0.9151240393534188
Crann Chill Chaomháin,Wexford,-0.09242713749464848,0.00828621842245248,0.1238107950571469
An Cúiltín,Wexford,0.0,0.0,0.0
Baile Anraí Mór,Wexford,1.4314768815555856,1.6533558985331593,2.3769597559041205
An Baile Nua Mór,Wexford,1.7135341625804013,1.6317057246980997,2.403933909235855
Baile Mhic Iair,Wexford,2.0092518608841847,-0.22056349368867081,0.295175740110976
Baile an Chnoic,Wexford,1.6919394142156516,-0.045065101809197095,0.17721023308385497
Cúil Uachtair,Wexford,-0.0755611676273541,0.09659162086107405,-0.036212423287709454
Baile Hoibín,Wexford,1.69461380029829,-0.05208990102089315,0.18331450870854005
Baile an tSléibhe Íochtarach,Wexford,1.8373120737294337,-0.19818016127471397,0.1290037701189548
Baile an Lamaigh Beag,Wexford,1.5968620478815125,-0.420279589992523,0.19665285056574638
Baile Seiscinn,Wexford,1.69461380029829,-0.05208990102089315,0.18331450870854005
An Chill Mhór,Wexford,-0.4131151071152203,1.7535111159249654,2.1877176618617704
Cé na Cille Móire,Wexford,-0.027943781161495665,0.012360859875403835,-0.00869101789888573
Baile Uí Éilí Thuaidh,Wexford,3.2495181595694262,0.0008367829226514911,0.1269266891960366
Cill Phádraig,Wexford,-0.5041002122572288,-2.8708982726314014,0.8955412802554812
Baile Eidicín Íochtarach,Wexford,1.813135682075507,-0.20147035334515506,0.12837360688258437
An Baile Nua Uachtarach,Wexford,2.0507042981900803,-0.038753200795109806,0.30521670438191273
Baile Uí Dhonnagáin,Wexford,3.3771948893148758,-0.1188848180178802,-0.04892455864810115
Caisleán an Chnoic,Wexford,0.027210004281175773,0.006497302653538692,-0.040059031390630176
An Baile Nua,Wexford,2.0577005897353513,-0.04324576915499155,0.26643283718051813
Cúig Acra,Wexford,-0.01427079782873769,0.0030811174716646973,-0.0021186592941246827
Baile Alain Beag,Wexford,1.5968620478815125,-0.420279589992523,0.19665285056574638
Baile an Bhuitléaraigh,Wexford,1.7415382975756601,-0.020712127103803775,0.2306203515943001
Torán,Wexford,0.0,0.0,0.0
Baile Oisín,Wexford,1.7091797000026334,-0.05154577503722419,0.18275593432094578
Bun Carraige,Wexford,-0.05794540163935091,0.031724137400272585,-0.051791192725704475
An Coinicéar,Wexford,-0.01704241890054177,0.0052436047359033225,-0.007300039046054619
Na Cúla,Wexford,0.0,0.0,0.0
Loginsherd,Wexford,0.0,0.0,0.0
Faiche na Rinne,Wexford,0.028568381267231904,0.0020605700907418557,0.0035262178419619788
Baile Cuisleáin Beag,Wexford,1.5968620478815125,-0.420279589992523,0.19665285056574638
An Inis,Wexford,-0.08352279784733851,0.054616364896986604,0.0349675462743042
Baile Bhráidh,Wexford,1.69461380029829,-0.05208990102089315,0.18331450870854005
An Baile Láir,Wexford,1.7429556568604294,-0.03507563166284579,0.1432055284170607
Baile Aonaosa Beag,Wexford,1.5968620478815125,-0.420279589992523,0.19665285056574638
An Toinn,Wexford,0.0,0.0,0.0
Baile an Mhuilinn,Wexford,1.7276557869356277,-0.11398097160013715,0.2140849491906401
Fiche Acra,Wexford,-0.01427079782873769,0.0030811174716646973,-0.0021186592941246827
Baile Uí Cheallaigh,Wexford,3.3670165420867435,-0.11403048168303268,-0.05457178372564207
Baile an Fhaoitigh,Wexford,1.768693381434689,-0.05509671636972771,0.19198134771521613
Béarlach,Wexford,0.0,0.0,0.0
Mucros,Wexford,-0.008925292594714437,0.0005447084746800329,-0.003319948973879507
An Teach Bán,Wexford,-0.02396765121756877,0.14108184024432147,-0.051651225021470765
Baile na Coille,Wexford,1.7584222320202405,-0.04418961307325697,0.14185529849856648
Baile Déire,Wexford,1.69461380029829,-0.05208990102089315,0.18331450870854005
An Fásach,Wexford,0.0,0.0,0.0
Baile Shiota,Wexford,1.69461380029829,-0.05208990102089315,0.18331450870854005
Baile Hairbhí,Wexford,1.69461380029829,-0.05208990102089315,0.18331450870854005
Baile an tSigínigh,Wexford,1.69461380029829,-0.05208990102089315,0.18331450870854005
Cúil Chiaráin,Wexford,-0.01433954850023568,0.0017446002766897256,-0.02014876855115915
Baile Bhinéid,Wexford,1.69461380029829,-0.05208990102089315,0.18331450870854005
Baile an Réadaigh,Wexford,1.742721430053759,-0.05405081440902333,0.18950540626895573
Baile na gCailleach,Wexford,1.7537672867833682,-0.09421255153393379,0.1548834553755738
Cúil Choll Mhór,Wexford,-0.4100036991304272,1.7270526357441536,2.108885788444845
Baile Chúisín,Wexford,1.69461380029829,-0.05208990102089315,0.18331450870854005
Bóthar an Phluda,Wexford,-0.028464359330380044,0.03398929810045543,0.01099229844627963
An Droichead Beag,Wexford,-0.10124925631784326,-0.37383999291419184,-0.010473282551990669
Baile an Fheamrógaigh,Wexford,1.69461380029829,-0.05208990102089315,0.18331450870854005
Cluain Ard Mór,Wexford,-0.5866036129290466,1.938342683101369,2.242926834618496
Baile Uí Bheagáin,Wexford,3.2948850813873993,-0.10888948399595375,-0.038614145752686214
Uisce an Easpaig,Wexford,-0.046920802571893835,-0.07157399132173091,-0.026446053358357827
Abhainn Cheann Poill,Wexford,-0.14102293456665288,0.15355478043128412,0.09982961834415291
An Easca Mhór,Wexford,-0.36295943399343944,1.7089981776543315,2.1758101439998105
Bun Clóidí,Wexford,-0.06970394234488612,0.02309915234741794,-0.008402233398355781
Áth an Chorráin,Wexford,-0.09328903297034181,0.05014478911102536,-0.045290740042495156
Gleann Bhriain,Wexford,-0.11201153449290227,0.09759374367805622,0.0822410713690387
An Gleann,Wexford,-0.13237727448247302,0.09971641095026927,0.08290512254153362
Teampall Seanbhoth,Wexford,-0.0025722098610490044,0.023798926106617022,0.013179359767461055
Cruachán,Wexford,-0.013689929290491653,0.0008456565207107156,-0.005161668798619203
An Inis,Wexford,-0.08352279784733851,0.054616364896986604,0.0349675462743042
Rinn Rónaí,Wexford,-0.049202977513774164,0.009210716812901025,-0.03643757218368855
Torchoill,Wexford,0.0,0.0,0.0
Fiodh Ard,Wexford,-0.07130885660838965,0.10678803106254796,0.0155604793005885
Cill Phádraig,Wexford,-0.5041002122572288,-2.8708982726314014,0.8955412802554812
Loch Garman (Uimh.2 Uirbeach),Wexford,-0.2627460463184326,0.26769538313986363,0.05333680624157172
Caisleán Fhearna,Wexford,0.029884390363814104,-0.0005274965581573636,-0.03395475576594511
Baile Uí Cheog,Wexford,3.2507026158874353,-0.10940009875534719,-0.03711456913086497
Dún Chormaic,Wexford,-0.1254148404788042,0.0651179598768924,0.09653626287078856
Ceann na Bréanóige,Wexford,-0.027271771825586724,0.013604224275855949,-0.011368925806044476
Abhainn Chluain Each,Wexford,-0.18454894895354745,0.19894904461258317,0.14553283887765406
Trá Bhaile Chuilinn,Wexford,1.639045445226748,-0.041607288182192406,0.12213793679572366
An Baile Nua,Wexford,2.0577005897353513,-0.04324576915499155,0.26643283718051813
Currach Corr,Wexford,-0.12914142114044455,0.05347652217353162,-0.025232131896482473
Ros Láir,Wexford,-0.06845321970136795,0.1566543075347878,0.0868024269894554
Gránard,Longford,0.0,0.0,0.0
Baile Mhic Cormaic,Longford,2.0092518608841847,-0.22056349368867081,0.295175740110976
Cill Dachomóg,Longford,-0.4686998157467367,-2.6977937602862743,0.8832247406320276
Cluain Briain,Longford,-0.18719487351698474,0.16011892890503346,0.08011326707767512
An Chealdrach Bheag,Longford,-0.09775175241677742,-0.36818968897162985,0.013338341857206344
Achadh an Lócháin,Longford,-0.08016747521751806,0.03381244883274151,-0.054660769459299145
Baile an tSrutháin,Longford,1.7345540009440181,-0.0434885470722082,0.14215107687005946
Colom,Longford,0.0,0.0,0.0
Droim Ní,Longford,-0.24973556993840113,0.22474171660894424,-0.10778259133207715
An Halla Glas Uachtarach,Longford,-0.031654033030134164,0.03762152407498705,-0.08735819529046325
Lios Mhic Amhlaidh,Longford,0.17434078686663887,-0.09938542998868763,-0.011091997437061636
An Currach Mór,Longford,-0.3984886870888592,1.7338293743029407,2.164316412881353
Na Fionna,Longford,0.0,0.0,0.0
Dúraí,Longford,0.0,0.0,0.0
An Lorgain,Longford,-0.008925292594714437,0.0005447084746800288,-0.0033199489738795084
Achadh na Cranncha,Longford,-0.10693423659921311,0.06698275009000125,0.03526839103063106
Cill Dachomóg,Longford,-0.4686998157467367,-2.6977937602862743,0.8832247406320276
Achadh na Saileach,Longford,-0.11247997153595071,0.04089220713608271,-0.012996801003493017
Béal Átha Clocháin,Longford,0.013860345248683785,0.01743347677342697,-0.07859729134458297
An Carn,Longford,-0.03567833231530644,0.030990846410045413,0.023914673706764474
Baile an tSrutháin,Longford,1.7345540009440181,-0.0434885470722082,0.14215107687005946
Cluain Faoláin,Longford,-0.18719487351698474,0.16011892890503346,0.08011326707767512
Cartrún an Mharcaigh,Longford,-0.015961168436721174,0.0031359839889158027,-0.0027998349849863266
Cluain Fionn,Longford,-0.19631545625439906,0.16998002199748324,0.07443399481664696
Poll an Dúigh,Longford,-0.07865921385887509,0.03715295064618439,-0.04973592239881188
Inis Dabheóg,Longford,-0.08352279784733851,0.054616364896986604,0.0349675462743042
Cúil Amra,Longford,-0.06583727197547709,0.05210114189106243,-0.02861528361049199
Lios na nÉan,Longford,-0.12709595794014594,0.07104189850642742,-0.12596637636963948
Gléib Bhaile an Roda,Longford,1.783167219189428,-0.05317182804145408,0.19562984064448766
Baile an Roda Thiar,Longford,1.994678032403846,0.012277701139032458,0.28098145384139117
Lios an Óir,Longford,-0.14785134721200913,0.0822466724956727,-0.17598205325823899
Currach Gránna,Longford,-0.05432225993390904,0.05887788044984947,0.026815340826016238
Baile Uí Dhálaigh,Longford,3.4379167974096845,-0.11826853696385771,-0.049914877518921985
An Droim Maol,Longford,-0.2741217750257468,0.2409695551693192,-0.1644339388521941
Roinn Bheannaigh,Longford,-0.0032910754285699136,-0.00806022915576175,0.002734814162725329
An tSí Rua,Longford,-0.1693858595471252,0.17426537135548115,-0.41934302520844385
Áth an Bhaird,Longford,-0.07839782668915463,0.04605058022635776,-0.03001432094213917
An Droim Dearg,Longford,-0.2835740948218503,0.23942777602043966,-0.11678939951561226
Achadh Fionn,Longford,-0.09044309062526032,0.03520159934291972,-0.009583161610716585
Garraí Aindriú,Longford,-0.04448149135745878,-0.007223121494698272,-0.003565768675721497
Cartrún na Ceárta,Longford,-0.015961168436721174,0.0031359839889158027,-0.0027998349849863266
Cúil Uí Fhathartaigh,Longford,1.490251543613668,-0.005209055843391611,-0.249044361449897
Mucarsach,Longford,0.0,0.0,0.0
Gleannach,Longford,0.0,0.0,0.0
An Baile Nua,Longford,2.0577005897353513,-0.04324576915499155,0.26643283718051813
An Chorr Bhán nó Liatroim,Longford,-0.12184019794899399,0.037982642417790966,-0.030269911077138043
Achadh Caorthainn,Longford,-0.09128352820532225,0.019165553000795532,-0.004706884321380939
Baile an Roda,Longford,1.7660569538906006,-0.05346230541383611,0.19402790694394925
An Bóthar Mór,Longford,-0.3726307864853302,1.7089407919535466,2.1484933705016163
Crois Aodha Thuaidh,Longford,0.054048985138264886,0.06721092963297023,0.17179800477977444
Páirc na bhFianna,Longford,-0.0257710328055171,0.10019551641952883,0.08150507608728899
Cora Dhaimhín,Longford,-0.011617931452679512,0.029681399960570905,-0.08690475283658945
Eanach Dhónaill,Longford,0.034565367810372505,0.0021870112537823163,-0.013312232281614173
An Gleann Mór,Longford,-0.4765437016374232,1.7746679048033605,2.2204061945968703
Bréanros Coilleadh,Longford,-0.021815549538051066,0.015982531061990952,-0.053054196733497754
An Cartrún Gearr,Longford,-0.028913531572691296,0.006409113924645179,-0.006714270539139932
An Phrochlais,Longford,0.0,0.0,0.0
An Bábhún,Longford,-0.018765954414353365,0.001936118996878459,-0.007049081678385425
Cluain Mhic Airt,Longford,0.12744318706890997,-0.008354663762744213,0.1919744984801111
An Currach Bán,Longford,-0.06987099761794822,0.2026330799286768,-0.01219569657816683
An Currach,Longford,-0.05432225993390904,0.05887788044984947,0.026815340826016238
Lios na Bó,Longford,-0.13185688333451426,0.083891458958828,-0.1278281240734513
Doire Chara,Longford,-0.13911794214094428,-0.03723887300969581,0.02158124180650758
Cluain Cuas,Longford,-0.2209336249336425,0.1662890530827698,0.07045881280120159
Cnoc Lochlainn,Longford,-0.25560770014270295,0.5048279488246118,-2.340518539024928
An Chorr Bhuí,Longford,-0.08665564111452342,0.013836396687539481,-0.03817988663377871
An tEanach,Longford,-0.030420369014527795,0.06575805040845258,0.055876046349895576
Garbhaire,Longford,0.0,0.0,0.0
An Ghréach,Longford,0.0,0.0,0.0
Baile Cóir,Longford,1.69461380029829,-0.05208990102089315,0.18331450870854005
Bun an Chlaí,Longford,-0.08449530714706881,0.025719813892613446,-0.01265250527495469
Plásóg na Coille,Longford,0.06380843172195048,0.007900287947636178,-0.04145921020997355
Baile Mhic Aogáin,Longford,2.038107688465883,-0.22737355133943735,0.2995459721614661
An Lios Dubh,Longford,-0.2754670520864815,0.14900471789436828,-0.3016351679612178
An Chora Bhán,Longford,-0.07222245597598305,0.031057824278845316,-0.004455833664903899
Cnoc an Chatha,Longford,-0.2707320792211085,0.5221480697341845,-2.3951060813881107
An Longfort,Longford,0.0,0.0,0.0
Páirceanna an Bhaile,Longford,1.6929420853274666,0.03182584911196048,0.2594272102960483
An tEanach Mór,Longford,-0.37458679616947793,1.7407095442615437,2.193377118405232
Cluain Caoil,Longford,-0.1958693621453425,0.16163831287977592,0.08112652187694547
Greach,Longford,0.0,0.0,0.0
Camach,Longford,0.0,0.0,0.0
An Garrán Buí,Longford,-0.08423404418547795,0.03502946100098428,-0.014779597905918124
An tSraith Gharbh,Longford,-0.055675678723458855,0.04844463089649881,0.0329765602723143
Cluain Airt Theas,Longford,-0.16848509590410235,0.08066035107638092,-0.011061564843371618
An Carraigín,Longford,-0.010789408893459385,-0.00297895601267235,-0.01953312131087632
Cluain Buinneach,Longford,-0.18719487351698474,0.16011892890503346,0.08011326707767512
An Cnoc,Longford,-0.25560770014270295,0.5048279488246118,-2.340518539024928
Tulaigh Bhioráin,Longford,-0.07046941149167457,0.09660446948995521,0.09596969381790549
Loch Cúile,Longford,-0.25304796828171827,0.2989215767181371,0.09789225441555258
Lochán na nGabhar,Longford,-0.005652934536111331,0.063619368428315,0.060456540020615845
An Mhaighean,Longford,-0.012120539240651282,0.0027930176053780806,-0.0037037186458371276
Gleann na hEascrach,Longford,-0.13237727448247302,0.09971641095026927,0.08290512254153362
Meathas Troim,Longford,-0.017920516971394712,0.005305543204964762,-0.0021341405208319245
Carraig an Bhagóidigh,Louth,-0.0904079724765469,0.0005440943008651592,-0.11445111458367516
Baile an tSiarlaigh,Louth,1.69461380029829,-0.05208990102089315,0.18331450870854005
Baile Hagaird,Louth,1.69461380029829,-0.05208990102089315,0.18331450870854005
Baile an Mhápasaigh,Louth,1.742721430053759,-0.05405081440902333,0.18950540626895573
Baile Mhuiris,Louth,1.8145691715873637,-0.05857386945095788,0.19724872854599126
Colpa,Louth,-0.010350684316467533,0.00544534385842316,-0.004853622415168629
An Loch Leathan,Louth,-0.30282501326562344,0.2653477658099179,0.038269993342585046
Cnoc Urlann,Louth,-0.25560770014270295,0.5048279488246118,-2.340518539024928
Baile an Mhannaigh,Louth,1.69461380029829,-0.05208990102089315,0.18331450870854005
Baile Anraí,Louth,1.7756433087105359,-0.021595595319932014,0.23945868384878405
Baile an Phiobaraigh,Louth,1.69461380029829,-0.05208990102089315,0.18331450870854005
Áth na gClog,Louth,-0.09809642914959553,0.04864902273209421,-0.03296400008941896
Baile an Mhápasaigh,Louth,1.742721430053759,-0.05405081440902333,0.18950540626895573
An Seanlios,Louth,0.0,0.0,0.0
Baile Anraí,Louth,1.7756433087105359,-0.021595595319932014,0.23945868384878405
Baile an Ghearlánaigh,Louth,1.69461380029829,-0.05208990102089315,0.18331450870854005
Baile na Linne,Louth,1.69461380029829,-0.05208990102089315,0.18331450870854005
Baile Mhílis,Louth,1.69461380029829,-0.05208990102089315,0.18331450870854005
Baile Ghilibeart,Louth,1.742721430053759,-0.05405081440902332,0.18950540626895573
An Ghlaic,Louth,0.0,0.0,0.0
Béal Átha Claonta,Louth,0.013860345248683785,0.01743347677342697,-0.07859729134458297
Buaile Phádraig,Louth,-0.04479218983736648,-0.17651902469098116,-0.0009019518129394898
An Fhuinseog,Louth,0.0,0.0,0.0
Ceapóg,Louth,0.0,0.0,0.0
Mullach an Laighléisigh,Louth,-0.06859245681911873,0.16717289969770668,0.18074196169013607
Coill an Bhábaigh,Louth,-0.005814648841794402,0.03186805099076262,-0.01368687421827267
Baile na Muileann,Louth,1.6880990064462869,-0.028852306848272394,0.2191607641144447
Baile an Díolúnaigh,Louth,1.69461380029829,-0.05208990102089315,0.18331450870854005
Tulaigh Dhónaill,Louth,-0.007030029282622037,0.09022777107405154,0.08932853157006793
Baile Mhuiris Theas,Louth,1.8332789492002461,-0.13803244727961042,0.10607389662494453
Mullach an Chapaill,Louth,-0.11192979656442673,0.17845208772126214,0.12204013509013933
Tigh Rú,Louth,-0.05307621670346004,0.009947445464279123,-0.03896486741357865
An Bhoirinn,Louth,0.0,0.0,0.0
An Halla Nua,Louth,0.34548588771275957,0.005105676554499906,0.07127569168350334
Rábháil,Louth,0.0,0.0,0.0
Áth na Sceach,Louth,-0.12637447428841997,0.06548342704265225,-0.07883878847252881
Droim na Cora,Louth,-0.26135350139108066,0.25442311656951516,-0.19468734416866662
Móin na Scríbe,Louth,0.031029865667612053,0.0067399218711815196,-0.06465827384659488
Plástar,Louth,0.0,0.0,0.0
Baile Philib,Louth,1.775277371501164,-0.04874293676222541,0.14784039352597309
Líbeartaí Chairlinn,Louth,0.0,0.0,0.0
Mullach an tSí,Louth,-0.09837116775731829,0.17209336278130177,0.16689470287610134
Baile an Locháin,Louth,1.7436431858026302,-0.05431432629283825,0.18855043286973336
Carraig Challáin,Louth,-0.0904079724765469,0.0005440943008651592,-0.11445111458367516
Carraig na gCanónach,Louth,-0.07097591829794624,-0.00023167039019612585,-0.11519233738845076
Coirteail,Louth,0.0,0.0,0.0
An tAcra Riabhach,Louth,-0.07556917611917906,0.06358735853732464,0.03561480931800222
Srath na Coradh,Louth,-0.045050942034067835,0.0022389903623097947,-0.019478073674890108
Baile Alaird,Louth,1.69461380029829,-0.05208990102089315,0.18331450870854005
Baile an Locha,Louth,1.7604558533931038,-0.0338292745212667,0.14431660002977786
An Táite Bán,Louth,-0.031257079314427005,0.1463491794604084,-0.04806068216928486
Deilinn,Louth,0.0,0.0,0.0
Corr an Doire,Louth,-0.21393710334747978,-0.04264023128601367,-0.03046623091599113
Baile na hAitinne,Louth,1.69461380029829,-0.05208990102089315,0.18331450870854005
An Carn Mór,Louth,-0.3798447594702566,1.7059423402631366,2.1614157457621013
Baile an Phoill,Louth,1.750640353901982,-0.05254221071489269,0.19066467823270866
Baile Bhalraic,Louth,1.69461380029829,-0.05208990102089315,0.18331450870854005
An Carnán Bréagach,Louth,-0.006338794198808865,0.0003848814901788026,-0.0023443942237969173
Baile Héine,Louth,1.69461380029829,-0.05208990102089315,0.18331450870854005
Mullach Aitinne,Louth,-0.08806219486478399,0.16426225666638491,0.17475043958916703
Páirc an Reithin,Louth,-0.0016717149708233168,0.08391575013285363,0.07611270158750826
Baile Odhráin,Louth,1.6962579119360086,-0.11093394128448211,0.2003616572223572
An Cillín,Louth,-0.03907497264060083,0.00343799313305366,-0.012951320059889379
An Chrois Bhán,Louth,-0.07930995480408282,0.06395421302515979,0.040071892537776606
Baile Úlaid,Louth,1.69461380029829,-0.05208990102089315,0.18331450870854005
An Bábhún,Louth,-0.018765954414353365,0.001936118996878459,-0.007049081678385425
Baile Ghilibeart,Louth,1.742721430053759,-0.05405081440902332,0.18950540626895573
Baile Mhic Mháirtín,Louth,2.0092518608841847,-0.22056349368867081,0.295175740110976
An Caisleán Carrach,Louth,0.029884390363814104,-0.0005274965581573636,-0.03395475576594511
An Chloch Liath,Louth,-0.10446443836512992,0.011379115683119313,-0.0425417301159014
Baile Phaghain,Louth,1.7623513948847236,-0.05486510889106579,0.19208157688950814
Gráinseach an Dísirt,Louth,-0.02352793057735699,0.001819677122156855,-0.0052749402764629555
An Mhainistir Mhór,Louth,-0.3636430481514957,1.7468275073807653,2.228193377769931
An Caisleán Lomnocht,Louth,0.029884390363814104,-0.0005274965581573636,-0.03395475576594511
Tigh an Iúir,Louth,-0.007016148254691164,0.0006862731477482998,-0.025009026510123412
Páirc an Bháilligh,Louth,-0.0016717149708233168,0.08391575013285363,0.07611270158750826
An Bóthar Glas,Louth,-0.0355211990909412,0.07085670912696243,-0.10330712725710342
Láithreach Minsí,Louth,-0.0135995093776311,0.0008377379607584825,-0.0051116285325735235
Baile an Churraigh,Louth,1.7629098340455767,-0.05375859278292286,0.18963131290169105
Clais an Ghainimh,Louth,-0.021852739484645098,0.028140128014642926,0.023153807283769957
An Ghléib,Louth,-0.03874097762943806,-0.0019058849035651173,-0.01420874772834608
Dún Gall,Louth,-0.10581199953071796,0.11498407679962692,0.07340326963925684
Fíd,Louth,0.0,0.0,0.0
An Mhainistir Mhór,Louth,-0.3636430481514957,1.7468275073807653,2.228193377769931
Sliabh Feá,Louth,-0.05081545525034044,0.017514792120127777,-0.09383095457355048
Cairlinn,Louth,0.0,0.0,0.0
Baile Sheinicín,Louth,1.69461380029829,-0.05208990102089315,0.18331450870854005
Mol Áirí,Louth,0.0,0.0,0.0
Toghroinn Mhuire (cuid),Louth,-0.03156069094448609,-0.10226987731672114,0.026758637246218846
Geata San Labhrás,Louth,0.027914752226429515,0.04180560169287216,0.04690425992936774
Cill Choirle,Louth,-0.4686998157467367,-2.6977937602862743,0.8832247406320276
Clann Liam,Limerick,0.11183753522531405,0.015713808781588613,0.05789664337638235
Conallaigh Uachtaracha,Limerick,-0.006338794198808865,0.00038488149017880825,-0.0023443942237969164
Gleann an Choim,Limerick,-0.15013722474489982,0.10534428524012983,0.08180581534549176
An Déis Bheag,Limerick,-0.09775175241677742,-0.36818968897162985,0.013338341857206344
Ardachadh,Limerick,-0.006338794198808865,0.0003848814901788038,-0.0023443942237969125
Eas Géitine,Limerick,-0.0012842746275071421,-0.0034086032646861975,0.0002597865802417891
Béal Átha na Scadán,Limerick,0.03067314947043108,0.019024689067709866,-0.07794284253279461
Séipéal an Ruiséalaigh,Limerick,0.027003004285992956,2.128496149229528e-05,-0.001147858068320808
Cluain Cath,Limerick,-0.18719487351698474,0.16011892890503346,0.08011326707767512
An Dairtheach,Limerick,0.0,0.0,0.0
Doire Uí Ghealbháin,Limerick,1.416970873448201,-0.09454907074414985,-0.19884783603289743
An Droichead Tarsna,Limerick,0.07389223464695056,-0.018959957511271545,-0.013309980662669517
Inse Shan Labhráis,Limerick,0.01775267725592144,0.03475470191822405,0.009200280648681404
Cill Bhláin,Limerick,-0.4686998157467367,-2.6977937602862743,0.8832247406320276
Cill Fhlainn,Limerick,-0.4913138531868499,-2.7464838935492453,0.8976195918027842
Cill Míde,Limerick,-0.49009751532619744,-2.8189001978729915,0.9220041010168513
Cill Pheacáin,Limerick,-0.4686998157467367,-2.6977937602862743,0.8832247406320276
Leamhchoill,Limerick,-0.007138016215560513,-0.0026288472149591123,-0.004527475913148254
An Caisleán Nua,Limerick,0.39297117980087554,0.008316635307744234,0.049163572706033005
Na Páirteagail,Limerick,0.0,0.0,0.0
An Sráidbhaile,Limerick,-0.011537486855590811,0.0006270877655798243,-0.004266517695272849
Tuaim Dhaoile,Limerick,-0.026191003700667306,0.027326812158590764,0.02679432594405961
Aithnid,Limerick,0.0,0.0,0.0
Paróiste Mhichíl,Limerick,-0.0413594769834065,-0.05673044392297265,0.006714968612180946
Paróiste Mhainchín,Limerick,-0.0020645325329694333,-0.00603613198944202,-0.013869336330757476
An Pháirc,Limerick,-0.0016717149708233168,0.08391575013285363,0.07611270158750826
Baile an tSamhaidh,Limerick,1.6975738353731682,-0.013257596633244086,0.22762830545308343
An Rinn Rua,Limerick,-0.20827986416836508,0.17564498205346532,-0.4479248606790667
Baile na Muicí,Limerick,1.69461380029829,-0.05208990102089315,0.18331450870854005
An Coimín,Limerick,-0.011956881049785104,-0.001340332692173814,-0.023815868037458596
Ceapach an Fhiacháin,Limerick,-0.0034658164908973874,0.0018244249708367253,-0.011022094419219138
Doire Álainn,Limerick,-0.13911794214094428,-0.03723887300969581,0.02158124180650758
Muileann Driú Thoir,Limerick,0.10538367195567057,-0.258329435504257,0.14035144746152184
Baile an Ghaill Bhig,Limerick,1.743684944806414,-0.10711301744224816,0.2079419438086134
Baile na Ruaige Beag Thiar,Limerick,1.825483126394758,-0.3545395834396544,0.2836063974631883
An Ghráig,Limerick,-0.0135995093776311,0.000837737960758478,-0.005111628532573528
An Crián,Limerick,0.0,0.0,0.0
An Drom Beag,Limerick,-0.16122754008673584,-0.345445117726268,0.025139723667888688
An Dúinín Uachtarach,Limerick,-0.01604494749872249,0.007474679408136306,0.03992174099518353
Baile na hAbha,Limerick,1.78545596919117,-0.0531304875867464,0.19573217318040811
An Cheathrú,Limerick,-0.07844812250967578,0.08244646826097791,0.07617718802472594
Baile an Fhainínigh,Limerick,1.69461380029829,-0.05208990102089315,0.18331450870854005
Cill Doire,Limerick,-0.607817757887681,-2.7350326332959702,0.9048059824385352
Feadamair,Limerick,0.0,0.0,0.0
An Poll Talún,Limerick,-0.09096191699190095,0.03765117961178964,-0.054750482530710465
Cnoc na Gráinsí,Limerick,-0.26605271760179033,0.516579935968389,-2.397351278982175
Raithean,Limerick,0.0,0.0,0.0
Cnoc Finéil,Limerick,-0.25560770014270295,0.5048279488246118,-2.340518539024928
An Ghráinsigh,Limerick,0.0,0.0,0.0
Tigh Mháire,Limerick,-0.04191183894742076,0.005628923721057901,-0.035223445758350985
Baile Mháirtín,Limerick,1.69461380029829,-0.05208990102089315,0.18331450870854005
Baile Mhic Giolla tSeanáin Thuaidh,Limerick,2.0808049346526833,-0.12377957368148645,0.48248174160775037
An Chluain Uachtair,Limerick,-0.0451851933247107,0.08510763253007675,0.023689181094297025
Drom Riasc,Limerick,-0.07083429197784993,0.023641587503422965,0.009731729171500567
Gleann an Ghrágaire,Limerick,-0.13237727448247302,0.09971641095026927,0.08290512254153362
Tulach Liag,Limerick,-0.066921074318789,-0.028948110779337316,0.09915224375984769
Cluain Leathaird Thoir,Limerick,-0.07529640770931106,-0.12144810077184434,0.18461845913329228
Glaise an Phollaigh,Limerick,-0.005299657718226655,0.005780955247736575,-0.0060388116728178195
Cill Mhichíl,Limerick,-0.48950683111142035,-2.7495159317269633,0.8959757847130345
Gleann Máighe,Limerick,-0.13237727448247302,0.09971641095026927,0.08290512254153362
Baile an Lia Thuaidh,Limerick,1.6934293439802808,0.05814698065710553,0.34735576703544163
Baile na gCailleach,Limerick,1.7537672867833682,-0.09421255153393379,0.1548834553755738
Baile Shneachta,Limerick,1.69461380029829,-0.05208990102089315,0.18331450870854005
Cill Bhríde,Limerick,-0.5275672606344026,-2.92927573369832,0.9471870776608808
Baile Thancaird Thuaidh,Limerick,1.6934293439802808,0.05814698065710553,0.34735576703544163
Baile Uí Dhroighneáin,Limerick,3.2507026158874353,-0.10940009875534719,-0.03711456913086497
Na Stuaicíní,Limerick,0.0,0.0,0.0
Cloch an Bhiolair,Limerick,-0.02373287944318246,-0.022767395543119823,0.05140238427761195
An Múchán,Limerick,0.0,0.0,0.0
Baile na Cloiche Íochtarach,Limerick,1.8605004531637044,-0.1919833059209192,0.13263996145127346
An Dairtheach Bheag,Limerick,-0.09775175241677742,-0.36818968897162985,0.013338341857206344
Cluain an Ghearraidh,Limerick,-0.18719487351698474,0.16011892890503346,0.08011326707767512
Baile an Stónaigh Thuaidh,Limerick,1.6934293439802808,0.05814698065710553,0.34735576703544163
Tír Mhór,Limerick,-0.3688566031030636,1.6991698018505783,2.1590783476377498
Baile na hInse,Limerick,1.737265020735736,-0.05361528191401036,0.18663146949794554
Baile na Leacan,Limerick,1.7308508345064042,-0.05239522288008287,0.18632505709866046
Cloch an Chasta,Limerick,-0.006167456650301191,0.03228257176491017,0.03525978612024531
Baile na Cora,Limerick,1.6829958688456106,-0.022408501060322245,0.0964097558719506
Feirm an Bharraigh,Limerick,0.005074747924301496,-0.0006433015576210755,-0.005087246922637031
Gort an Droma,Limerick,-0.40488086065026385,0.3777073254434675,-0.06554703428162698
Baile Uí Dhonnchú,Limerick,3.325056783877939,-0.11070461314055349,-0.042852181963762365
Baile Uí Argáin,Limerick,3.2507026158874353,-0.10940009875534719,-0.03711456913086497
Garraí Artúra,Limerick,-0.04448149135745878,-0.007223121494698272,-0.003565768675721497
Buirísín Thuaidh,Limerick,-0.0011844563180091337,0.11023688167799868,0.16404125832690158
Colamas,Limerick,0.0,0.0,0.0
An Garraí Nua,Limerick,0.31860529807960264,0.001621010371203325,0.07955255979625661
Garraí an Chathraigh,Limerick,-0.04448149135745878,-0.007223121494698272,-0.003565768675721497
Carraig Chiotal,Limerick,-0.0904079724765469,0.0005440943008651592,-0.11445111458367516
Baile na Lathach,Limerick,1.69461380029829,-0.05208990102089315,0.18331450870854005
An Ard Mhór,Limerick,-0.39940873941206184,1.7782237541963355,2.162813567540821
An Mhóin Mhór,Limerick,-0.4210053514501692,1.8872211018064773,2.337171501696303
Baile Shiuird Theas,Limerick,1.7133235779111724,-0.13154847884954568,0.09213967678749331
Tobar Naí Láir,Limerick,-0.04643529610963144,0.004593133584909873,-0.0809913369375406
Baile Uí Dhálaigh,Limerick,3.4379167974096845,-0.11826853696385771,-0.049914877518921985
Mothar,Limerick,-0.010169581591962497,0.0030277243377115266,-0.003013488113975337
Bóthar an Lóid,Limerick,-0.028464359330380044,0.03398929810045543,0.01099229844627963
Baile an Locháin,Limerick,1.7436431858026302,-0.05431432629283825,0.18855043286973336
Baile Uí Bhricín Theas,Limerick,3.2694123935003176,-0.18885867658399974,-0.12828940105191172
Lodain Bheag,Limerick,-0.09775175241677742,-0.36818968897162985,0.013338341857206344
Baile Uí Dhubháin,Limerick,3.405634446750565,-0.11986540246275798,-0.04490374982236581
Baile Uí Mhaolchaisil,Limerick,3.2507026158874353,-0.10940009875534719,-0.03711456913086497
Bun Leice,Limerick,-0.05186814988230504,0.023259191394525477,-0.01138129557325595
An Lorga,Limerick,0.0,0.0,0.0
Sceach an Chreagáin,Limerick,-0.028278045138824426,0.016834404310558045,-0.04587478838310986
Coimín Bhéal Átha Síomoin,Limerick,0.024283231159485295,0.015537309039874127,-0.06508665815119447
Cúil Uí Sheighneáin,Limerick,1.490251543613668,-0.005209055843391611,-0.249044361449897
Cnocán na Neanta,Limerick,-0.043484366649424955,0.003615820030605863,-0.04464949916661952
Cúil Uí Leannáin,Limerick,1.6018381697531272,-0.009423375939401431,-0.25946942604219275
Baile na mBaintreach,Limerick,1.69461380029829,-0.05208990102089315,0.18331450870854005
An Cheathrú Chaol,Limerick,-0.11036037236568388,0.09781025850273405,0.08208747063485036
Garrán Uí Chiabhaigh,Limerick,1.5394842492365544,-0.010235456896556194,-0.188255211977072
Baile Adaim,Limerick,1.69461380029829,-0.05208990102089315,0.18331450870854005
Cathair Chinn Lis,Limerick,-0.10883899118563312,0.04286361017677128,-0.04761911315206131
Cnoc an Fhia,Limerick,-0.28856576738343837,0.4797959640729637,-2.368273314690008
An Sceach Ard,Limerick,-0.08352035739593613,0.12010666465380233,-0.02056229289762546
Srathán Thiar,Limerick,0.22862107851324548,0.06574000655286857,0.08695354689744189
Inse Shan Labhráis Thuaidh,Limerick,0.01656822093791231,0.14499158359622272,0.17324153897558298
Drom Ealta,Limerick,-0.06347578766995841,0.022744571245361837,0.011801381810682344
Tír Bhú,Limerick,-0.024690175948113433,0.024218307997487063,0.02157727558241321
An Dromainn Bhuí Uachtarach,Limerick,-0.06657153835318097,0.01662224207567237,0.01211903141494277
Guaig,Limerick,0.0,0.0,0.0
An Leaca,Limerick,-0.03814220732332386,0.02807953509513923,0.026375139255579327
Cluain Eanaigh,Limerick,-0.21930829956746267,0.17878817399958952,0.07216596552902915
Corcach Mhór,Limerick,-0.3615629804729218,1.750765442373374,2.234680689692855
Cill na Caillí,Limerick,-0.4487164885603392,-2.7529290379323745,0.9022953085007928
Cúil na hAidhle (Powell),Limerick,-0.05057339709551881,0.05316060193778488,-0.028060912792425265
Both Bhunóice,Limerick,-0.023686951222481357,0.03354409669592275,0.03809905962611753
Ceapach na hAithne,Limerick,-0.0034658164908973874,0.0018244249708367253,-0.011022094419219138
Cúil na Seamróg,Limerick,-0.06583727197547709,0.05210114189106243,-0.02861528361049199
Páirc na bhFia,Limerick,-0.016461449123283792,0.09898432528372994,0.02604402330383382
Gort na Dromann,Limerick,-0.16829902917948292,0.1599985539003238,0.040025889516006136
Cluain Draighneach,Limerick,-0.21125867170296364,0.1155180236557632,0.09451864670899343
Baile Shíoda Thoir,Limerick,1.8065122661059636,-0.33365693069777097,0.2878197007641572
Na Crosa Geala,Limerick,0.0,0.0,0.0
Fearann na gCailleach,Limerick,0.03111143678567402,-0.04753661555883192,-0.05887008204348135
Baile Uí Anracháin Thiar,Limerick,3.479323694400681,-0.043660092202478615,0.04983897776657692
Leic an Dúin,Limerick,-0.04604145250006176,0.057153753687402206,-0.02616952243509402
Gleann na gCreabhar,Limerick,-0.14333498995946242,0.10579088078900499,0.08347406077002634
Baile na mBodach,Limerick,1.7920391887771303,-0.05608717568766562,0.1954752487407625
An Leacain Darach,Limerick,-0.04253999377790936,0.03849723499610117,0.03441165162730153
Baile an Londraigh,Limerick,1.742721430053759,-0.05405081440902332,0.18950540626895573
Currach Toirc,Limerick,-0.05432225993390904,0.05887788044984947,0.026815340826016238
Baile Pháiscín,Limerick,1.69461380029829,-0.05208990102089315,0.18331450870854005
Collán Thuaidh,Limerick,-0.0011844563180091337,0.11023688167799868,0.16404125832690158
Cnoc Uí Dheá,Limerick,1.3343589875792796,0.45707723297502517,-2.6246088417531084
Baile na Tóna,Limerick,1.69461380029829,-0.05208990102089315,0.18331450870854005
Leac Eille Thoir,Limerick,0.08440945630684739,-0.28388625367711,0.09606634992988568
An Báintín,Limerick,0.0,0.0,0.0
Cill Scanláin,Limerick,-0.4686998157467367,-2.6977937602862743,0.8832247406320276
Mainistir na Féile Thoir,Limerick,0.08091786520564612,-0.28362643955080274,0.09390132953787514
An Chrois,Limerick,-0.022442681699455434,0.03628359683314301,0.03643650008592586
Baile an Tobair Thiar,Limerick,1.9307935467357737,-0.004789534242346672,0.20009055843754575
Cill Íde Thuaidh,Limerick,-0.48529409923768113,-2.6457151599031956,1.0683506777924543
An Chathair (Lane),Limerick,-0.06887305651818929,0.025125909667483667,-0.03308781371585634
An Chlaonghlais Theas,Limerick,0.018709777612882398,-0.07945857782865254,-0.09117483192104674
Gort na Cloiche,Limerick,-0.10778051962366528,0.16245265625875918,0.04650191161913928
Cluain Cath,Limerick,-0.18719487351698474,0.16011892890503346,0.08011326707767512
Goirtín Carracháin,Limerick,-0.04750825628875171,0.004197119170750803,-0.016632909523057564
Tír na hAille,Limerick,-0.038457046142479294,0.031757762933128056,0.022892328619653464
Baile an Gheimhil,Limerick,1.69461380029829,-0.05208990102089315,0.18331450870854005
An Mullach Ard,Limerick,-0.14330450712189569,0.2675345170096292,0.20006293507465142
Na Cealla,Limerick,-0.014252733921923564,-0.01443493009551295,-0.0037212754372035832
Cill Mhuire (Lane),Limerick,-0.5002605066912228,-2.8000636376029955,0.9099833778782465
Gleann an Choim Theas,Limerick,-0.13142744713201743,0.025885707411477298,-0.009369016575554967
An Cheathrú Ghearr,Limerick,-0.08730738463800765,0.08654420961824848,0.07737967359605553
Lios na Fola,Limerick,-0.14636161154429095,0.07655420462902726,-0.12193947660638077
Ard na Croiche,Limerick,-0.06843349712617927,0.10790143415892055,0.023424111940631022
Gort Uí Chnáimhín,Limerick,1.484265789087277,0.0947021329321908,-0.19360586632930607
Cill Eithleann,Limerick,-0.4686998157467367,-2.6977937602862743,0.8832247406320276
Garrán Uí Chiabháin,Limerick,1.5394842492365544,-0.010235456896556194,-0.188255211977072
Rúscach Thoir,Limerick,0.104249319768617,-0.2867151335645952,0.10323225262802313
Tulaigh Ó Laighin Thuaidh,Limerick,-0.04308463969354087,0.19784556185963006,0.25872604070414845
Maigh an Iarla Theas,Limerick,-0.05634111133932305,-0.056470560651262346,-0.11727197472319906
Tuaim Dhaoile Theas,Limerick,-0.007481226087784908,-0.052131765670061773,-0.06438050597698713
Coill Bhaile Mhuintir Ruairc,Limerick,1.730481806363467,-0.010215635838369713,0.11161221361731186
An Cnoc Rua,Limerick,-0.41468458679729386,0.671262214065176,-2.752005827520306
Maigh Thoir,Limerick,0.05060397711995552,-0.26065757557162883,0.0823702848907985
An Sruthlán Thuaidh,Limerick,-0.0011844563180091337,0.11023688167799868,0.16404125832690158
Gort na gCreabhar,Limerick,-0.1661030061888521,0.15904007867325903,0.04280449527894288
Baile na gCúl,Limerick,1.69461380029829,-0.05208990102089315,0.18331450870854005
Buachaill Bó,Limerick,0.0012080974338142371,0.014390979292707726,-0.009214430346295297
Baile Radharc na Sionainne,Limerick,1.7156871137684362,-0.05268370997997301,0.18422764549101386
Baile an Chanánaigh,Limerick,1.69461380029829,-0.05208990102089315,0.18331450870854005
Móin na nDubhóg,Limerick,0.031029865667612053,0.0067399218711815196,-0.06465827384659488
Roighne Thoir,Limerick,0.11189846580767368,-0.2815670296768778,0.10450519205561716
An Sceachánach,Limerick,0.0,0.0,0.0
Lios an Tóiteáin,Limerick,-0.14227572983273432,0.07170805512519379,-0.12426039980024535
An Coinicéar,Limerick,-0.01704241890054177,0.0052436047359033225,-0.007300039046054619
Baile an Fhaoitigh,Limerick,1.768693381434689,-0.05509671636972771,0.19198134771521613
Fionnú,Limerick,0.0,0.0,0.0
Ard Ghabhla Theas,Limerick,-0.049250872877363995,0.019895376620499755,-0.0684160453238867
Ard Toimín,Limerick,-0.0552423122571117,0.10327226034324428,0.025312495485484404
Baile Thibín,Limerick,1.69461380029829,-0.05208990102089315,0.18331450870854005
Inis Cuais,Limerick,-0.08352279784733851,0.054616364896986604,0.0349675462743042
Diméin Bhaile Liam,Limerick,1.9307377891460313,-0.01474882132029854,0.28124984639017464
Baile Liam Thuaidh,Limerick,1.8052668792055948,0.07386078943869415,0.40525241041182397
Cnoc Feá,Limerick,-0.24356127779789524,0.5152218367538868,-2.392159159462876
Cloch an Choitréadaigh,Limerick,-0.006167456650301191,0.03228257176491017,0.03525978612024531
Coill tSeáin,Limerick,-0.005814648841794402,0.03186805099076262,-0.01368687421827267
Páirc Lobhaois,Limerick,-0.0016717149708233168,0.08391575013285363,0.07611270158750826
Cluain na mBráthar,Limerick,-0.19843727412512477,0.1767255255758688,0.032803814979702445
Baile an Chaonraígh,Limerick,1.69461380029829,-0.05208990102089315,0.18331450870854005
Oileán Fainge,Limerick,-0.11329063062073298,0.0012790144850757263,-0.0774138043135638
Móin an Mhacha,Limerick,0.031029865667612053,0.0067399218711815196,-0.06465827384659488
Baile na Craige,Limerick,1.69461380029829,-0.05208990102089315,0.18331450870854005
Maigh,Limerick,-0.06129448868771816,0.020909454105248942,-0.022134907164818658
An Clochar,Limerick,-0.024982983386189216,0.026647586524159717,0.03139682641503126
Cill Mhaoilín Uachtarach,Limerick,-0.49037530335347784,-2.753479395084088,0.9400895363098436
Tuaim Ó Laighin Íochtarach,Limerick,0.1080708189223251,-0.12590933168672655,-0.029544745301336637
Baile na Cloiche,Limerick,1.7419785713864875,-0.04260285359665729,0.18758086327722914
Cúil na Pise,Limerick,-0.07967998842368813,0.0668584079583616,-0.0806424445518659
An Chaológ,Limerick,-0.011327596892309173,0.000694628809161451,-0.004236112940358235
Móin na bhFeadóg,Limerick,0.017725205568639303,0.014647992578787274,-0.06664010629400749
An Mhóin Rua,Limerick,-0.23591581094980996,0.3787038731939504,-0.21181685885441193
Caisleán Cloigín,Limerick,0.023599388816010373,0.00026879381915116717,-0.03822074460937615
An Gearrmhuine,Limerick,0.0,0.0,0.0
Cloch Choill an Bharrthuisle,Limerick,-0.10061927984018118,0.22539707798503328,0.28077428924515746
Cúil na dTamhan,Limerick,-0.06583727197547709,0.05210114189106243,-0.02861528361049199
Garraí Dúlas,Limerick,-0.04448149135745878,-0.007223121494698272,-0.003565768675721497
Tóin an Fhraoigh,Limerick,-0.045227163225549497,0.01111315693581278,-0.012241054622506308
An Ráth Ard,Limerick,-0.1752713318859478,0.25472225173252294,0.139865861665979
An Chlaoideach,Limerick,0.0,0.0,0.0
Abhainn na Fuinseann,Limerick,-0.12440965807234632,0.1469309698518566,0.11242616621857003
Abhainn Uaithne Beag,Limerick,-0.23016293354403713,-0.22914235151617146,0.12391732881187954
Garraí Eoin,Limerick,-0.05935637543665581,-0.10349032642507047,0.022828420754784088
Baile Shinéad,Limerick,1.69461380029829,-0.05208990102089315,0.18331450870854005
An tSeanphailís,Limerick,0.0,0.0,0.0
An Chamóg,Limerick,-0.006338794198808865,0.0003848814901788101,-0.002344394223796924
An Gallbhaile,Limerick,0.0,0.0,0.0
Gleann an Choim,Limerick,-0.15013722474489982,0.10534428524012983,0.08180581534549176
Sliabh Eibhlinne,Limerick,-0.06286187759514815,0.007120904190852835,-0.042190334135602414
Abhainn Áth an Phúca,Limerick,-0.23185873638144722,0.19494501820744814,0.069877417356381
Baile Bhológ,Limerick,1.69461380029829,-0.05208990102089315,0.18331450870854005
Móin an Lín,Limerick,0.01840284265657235,0.005984283885205428,-0.07664113617218646
An Duga D,Limerick,0.0,0.0,0.0
An Ghallmhóin B,Limerick,0.0,0.0,0.0
Toghroinn Eoin C,Limerick,-0.014874884079197027,-0.0962672049303722,0.026394189430505584
Cnoc an Radhairc B,Limerick,-0.2674673973344552,0.5202785949486864,-2.3932830085495156
An Gleann,Limerick,-0.13237727448247302,0.09971641095026927,0.08290512254153362
Cill Fhearghasa,Limerick,-0.4686998157467367,-2.6977937602862743,0.8832247406320276
Cill Mhaoláin,Limerick,-0.4377711538758504,-2.757678415494349,0.8989754789188035
Ard Pádraig,Limerick,-0.07907973481617213,0.10765397222355107,0.013006906171586745
An tÁth Leacach,Limerick,-0.02765038369829642,0.06528512784268116,0.09071679142788606
Builgidín,Limerick,0.0,0.0,0.0
Na Páirteagail,Limerick,0.0,0.0,0.0
Baile Choimín,Limerick,1.69461380029829,-0.05208990102089315,0.18331450870854005
Caisleán Uí Chonaill,Limerick,1.587467034051268,-0.052686381767393736,-0.26372698473661216
Dún Bleisce Thiar,Limerick,0.12280907898252752,0.1807240833524955,0.16035681653669873
Tobar Phádraig,Limerick,-0.1301775491822629,-0.18552564811826472,-0.028565817022607715
Baile an Londraigh,Limerick,1.742721430053759,-0.05405081440902332,0.18950540626895573
Cnoc na Srúibhe,Limerick,-0.25560770014270295,0.5048279488246118,-2.340518539024928
Fíonach,Limerick,-0.008925292594714437,0.0005447084746800248,-0.003319948973879509
Cill Míde,Limerick,-0.49009751532619744,-2.8189001978729915,0.9220041010168513
Ráth Rónáin,Limerick,-0.10023946564113234,0.10616226205414539,0.13359875350186762
Rúscach,Limerick,-0.007649146039056682,-0.005148103887717424,-0.0012729394275940347
An Chreag,Limerick,0.0,0.0,0.0
Uíbh Rosa,Limerick,-0.027809154176495564,-0.0037807445677889,-0.012491985090389023
Cill Díoma,Limerick,-0.4824239066637464,-2.7530203907694886,0.9006586971174128
Seanghualainn,Limerick,0.0,0.0,0.0
An Loch Gorm,Limerick,-0.28670009251139233,0.2759988288318679,-0.0006497429357806422
Loch Ghort na gCrannchur,Limerick,-0.2910654249514749,0.27821317393343503,0.04446262348882042
Ardachadh,Limerick,-0.006338794198808865,0.0003848814901788038,-0.0023443942237969125
Baile Uí Sháithil,Limerick,3.2507026158874353,-0.10940009875534719,-0.03711456913086497
Cathair Chinn Lis,Limerick,-0.10883899118563312,0.04286361017677128,-0.04761911315206131
Cill Mocheallóg,Limerick,-0.4686998157467367,-2.6977937602862743,0.8832247406320276
Tobar Muire,Limerick,-0.10659965865261563,-0.011898592948680025,-0.045709719209231024
Crosaire an Tóchair,Limerick,-0.021314220169861522,0.0020854888573095414,-0.01093313069773522
Tobar Pádraig,Limerick,-0.11861457523083122,-0.008039423892830702,-0.053187945959958904
Cnocán an Chaipín,Limerick,-0.043484366649424955,0.003615820030605863,-0.04464949916661952
Páirc an Gheata,Limerick,-0.0016717149708233168,0.08391575013285363,0.07611270158750826
Carraig Oisín,Limerick,-0.07584207277220348,0.001088220284534115,-0.11500968897126942
Reilig an Chloichín,Limerick,-0.012770297846329173,0.0002128601929244983,-0.002617103399169411
Carraigín na mBróinte,Limerick,-0.010789408893459385,-0.00297895601267235,-0.01953312131087632
Clocha Breaca,Limerick,-0.006167456650301191,0.03228257176491017,0.03525978612024531
Droichead Áth an Bhóna,Limerick,-0.10159393305066138,0.0429987187895322,-0.05677562449861597
Droichead Bhaile na Manaichíní,Limerick,1.6911162963972242,-0.05774020496345516,0.15950288429934303
Carraigín na mBróinte,Limerick,-0.010789408893459385,-0.00297895601267235,-0.01953312131087632
Carraig na Maighdine,Limerick,-0.0904079724765469,0.0005440943008651592,-0.11445111458367516
Cor Maoile,Limerick,-0.023240833880155368,0.007489454791552639,-0.010636538288987571
Poll na Maoile,Limerick,-0.08905209188898573,0.039277961957709995,-0.05457719113281547
Teampall Dhún Dónaill,Limerick,-0.024484028466230864,0.07792192065447907,0.007084334819303185
Droichead an Átha Duibh,Limerick,0.06009382016254191,0.004008694260297301,-0.06016938199343383
Abhainn Chluain Siabhra,Limerick,-0.14921246041389988,0.1805677097154933,0.14248486492171186
Graí-inis,Limerick,0.0,0.0,0.0
Sí na Feannóige,Limerick,-0.0101785015709176,0.0011541618638152408,-0.0027780120069382953
Lios Ghuaire,Limerick,-0.13306498076832848,0.06950047966612027,-0.118613693727156
Cill Rónáin,Limerick,-0.4489102617590329,-2.7430814896214075,0.9022701279534007
Gleann Meigín,Limerick,-0.13237727448247302,0.09971641095026927,0.08290512254153362
Lios Mhóin an Locha,Limerick,-0.1440618519687336,0.30003071411913285,0.04205882723504806
An Lios Dubh,Limerick,-0.2754670520864815,0.14900471789436828,-0.3016351679612178
Cnoc an Mhargaidh,Limerick,-0.25560770014270295,0.5048279488246118,-2.340518539024928
Mín na Cille,Limerick,-0.03944799147029117,0.019893164855146868,-0.020476937170456608
Crann na Croiche,Limerick,-0.030300403489665513,0.03891224967346699,0.039806522984468545
An Tuar Buí,Limerick,-0.10194481101510569,0.044498701440381344,0.01707642537012591
Bóthar Ard,Limerick,-0.08370667158749175,0.13726155844369972,0.036304793931764036
Lios na Gile,Limerick,-0.13306498076832848,0.06950047966612027,-0.118613693727156
Rinn an Bhuinneáin,Limerick,-0.049202977513774164,0.009210716812901025,-0.03643757218368855
Ard Pádraig,Limerick,-0.07907973481617213,0.10765397222355107,0.013006906171586745
Cathair Dháibhín,Limerick,-0.06887305651818929,0.025125909667483667,-0.03308781371585634
An Fheothanach,Limerick,0.0,0.0,0.0
Lios an Duine Mhairbh,Limerick,-0.13306498076832848,0.06950047966612027,-0.118613693727156
Teampall Colmáin,Limerick,-0.0025722098610490044,0.023798926106617022,0.013179359767461055
Rinn Dhairinse,Limerick,-0.049202977513774164,0.009210716812901025,-0.03643757218368855
Suí Pádraig,Limerick,-0.03055915427861869,0.004865255463190722,-0.014936463304382877
Tobar Doiminic,Limerick,-0.09477715267177078,-0.012421135773137484,-0.04088235664606125
Lios Chnocán Conaíle,Limerick,-0.10926367275793163,0.06648390677021879,-0.11684764248070473
Loch Aonoíche,Limerick,-0.26016423313005305,0.25720012842049245,0.04793659832010855
Abhainn Chathair na hAille,Limerick,-0.19639108945362133,0.17261592075855284,0.07942578347158129
Baile an Gharráin,Limerick,1.7264716252764352,-0.04033258412365774,0.08861441013111278
Droichead an Chúlátha,Limerick,-0.0034975039010658408,-0.005650303942562008,-0.023811624409197013
Áth Solais,Limerick,-0.10712868864434125,0.051079114220105484,-0.03612605583022755
Cnocán na gCuach,Limerick,-0.043484366649424955,0.003615820030605863,-0.04464949916661952
Ráth Caola,Limerick,-0.12002901962883608,0.15144999138927867,0.1145533661804946
Poll an Aifrinn,Limerick,-0.09043643635519222,0.0400716363391483,-0.05432763884119001
Ráth Bheara,Limerick,-0.12002901962883608,0.15144999138927867,0.1145533661804946
Lios na Spriúnán,Limerick,-0.13306498076832848,0.06950047966612027,-0.118613693727156
Tobar na Gréine,Limerick,-0.1129765371729951,-0.008378568621620846,-0.04425571727266527
An Cillín,Limerick,-0.03907497264060083,0.00343799313305366,-0.012951320059889379
Carraig an Phúca,Limerick,-0.1104191169673324,0.0068895336207909245,-0.12280824128807258
An Cnocán Rua,Limerick,-0.20256125330401586,0.17005008527117016,-0.4561367876619977
Cnoc an Droma Fhada,Limerick,-0.5945919185993094,0.7670083005510528,-2.495747888963828
Lios an Uisce,Limerick,-0.190711781693385,0.044745262507966954,-0.15778467739757457
Droichead Áth an Longfoirt,Limerick,-0.123603853229321,0.04631016844457646,-0.0666613191764915
Lios na Cathrach,Limerick,-0.20193803728651777,0.09462638933360394,-0.15170150744301233
Sruthán Chlais na mBannaí,Limerick,-0.02788871455321456,0.034279412942526365,0.00021464250050561365
Cnoc na Brídí,Limerick,-0.25560770014270295,0.5048279488246118,-2.340518539024928
Tobar na Stuaice,Limerick,-0.09477715267177078,-0.012421135773137484,-0.04088235664606125
Cill Chuáin,Limerick,-0.4479310872602041,-2.778617348321631,0.9648926325099977
Sliabh an Chairn,Limerick,-0.06640595154882951,-0.04159351501669628,-0.02681312703507685
Cathair na Caillí,Limerick,-0.04888972933179178,-0.030009367978616447,-0.014017245847091155
Tobar Fíonáin,Limerick,-0.09477715267177078,-0.012421135773137484,-0.04088235664606125
Tobar Pádraig,Limerick,-0.11861457523083122,-0.008039423892830702,-0.053187945959958904
Bóithrín an Choinicéir,Limerick,-0.012973230193410151,0.003821602434470565,-0.0040931194140196294
Droichead Áth na Lachan,Limerick,-0.10159393305066138,0.0429987187895322,-0.05677562449861597
Cnoc an Tairbh Beag,Limerick,-0.3778185998847646,0.1558254940957886,-2.4290718493091576
Abhainn Áth an Bháire,Limerick,-0.22158962280326977,0.1932311177674715,0.07771148592725591
Tobar na gCamán,Limerick,-0.09477715267177078,-0.012421135773137484,-0.04088235664606125
Tobar Mocholmóg,Limerick,-0.09477715267177078,-0.012421135773137484,-0.04088235664606125
Lios Pháirc na Ráibe,Limerick,-0.1347366957391518,0.1534162297989739,-0.04250099213964774
Seanbhotha,Limerick,0.0,0.0,0.0
Caisleán Uí Urthaile,Limerick,1.5859732059529594,-0.0578376942926114,-0.2543838336053501
An Bealach,Limerick,-0.04640517149972627,0.05151838865045337,0.056775550329381905
Tobar Íde,Limerick,-0.1101869798447061,-0.07057941706805756,-0.019797677812536087
Ceapach Uí Choileáin,Limerick,1.6239401003589338,-0.11271022983123542,-0.22989028635403383
Fíonach,Limerick,-0.008925292594714437,0.0005447084746800248,-0.003319948973879509
Tobar Muire,Limerick,-0.10659965865261563,-0.011898592948680025,-0.045709719209231024
Béal Átha Grean,Limerick,0.013860345248683785,0.01743347677342697,-0.07859729134458297
Lios Gobnatan,Limerick,-0.13306498076832848,0.06950047966612027,-0.118613693727156
Cnocán na Ceárta,Limerick,-0.043484366649424955,0.003615820030605863,-0.04464949916661952
Baile an Chalaidh,Mayo,1.7030654361019604,-0.05570776867404388,0.17817814005088664
Baile an Róba,Mayo,1.69461380029829,-0.05208990102089315,0.18331450870854005
Béal Átha hÉin,Mayo,0.013860345248683785,0.01743347677342697,-0.07859729134458297
Dún Fhíne,Mayo,-0.10581199953071796,0.11498407679962692,0.07340326963925684
Oileán Éadaí,Mayo,-0.11329063062073298,0.0012790144850757263,-0.0774138043135638
Cill Chomáin,Mayo,-0.5055105515516153,-2.83908736893192,0.9890190139753907
Leacain,Mayo,-0.02257933718114956,0.03230674330615284,0.03434396683891691
An Ráth Riabhach,Mayo,-0.1807694646655137,0.17866537365881752,0.10872773090567446
Róibín,Mayo,0.0,0.0,0.0
Teach Chaoin,Mayo,-0.05703719316862593,0.06139446397371177,0.030982780500472717
Tuaim Mhór,Mayo,-0.37035743085561745,1.702278306011682,2.164295397999396
Both Chomhla,Mayo,-0.023686951222481357,0.03354409669592275,0.03809905962611753
Maigh Eo,Mayo,-0.08272253256764109,0.029944205375736672,-0.029278855162102588
An Baile Meánach,Mayo,1.734390833323476,-0.04494096766685667,0.1797623235236522
Cluain Brón,Mayo,-0.20469557631181995,0.17566475315223826,0.02528480815190029
Béal Átha an Oidhre,Mayo,0.013860345248683785,0.01743347677342697,-0.07859729134458297
Caisleán Mhic Conchúir,Mayo,0.34452245094970885,-0.16900108922593504,0.07790647563649089
Ráth Dónaill,Mayo,-0.13149267080464716,0.15799592334467885,0.11515814160784134
Fearann Mhuireagáin,Mayo,-0.028042049699404107,-0.005413965045791283,-0.030439028710515105
Cúige an Liagáin,Mayo,-0.010288619191217999,0.0005562676414742274,-0.005835430145392315
An Ráth Mhaol,Mayo,-0.12002901962883608,0.15144999138927867,0.1145533661804946
Cluain Easlán,Mayo,-0.18719487351698474,0.16011892890503346,0.08011326707767512
Ceathrú Mhic Geirble,Mayo,0.2523774071463148,-0.13374914607899185,0.14461088114979875
Cluainte Cilleadh,Mayo,0.004779867227441007,7.524581613252997e-06,-0.010433483789146715
An Fearann Nua,Mayo,0.3350447397376573,0.003430166820110314,0.05267929976146301
An Garrán Caol,Mayo,-0.04814316251070717,0.08180072050230491,0.06079851041967875
An Cnoc Leitheach,Mayo,-0.25560770014270295,0.5048279488246118,-2.340518539024928
Leacht Dá Mhanach,Mayo,-0.016492010676865683,-0.0021467839826913014,-0.005878057100732229
Alúin,Mayo,0.0,0.0,0.0
Cluain an Mhuilinn,Mayo,-0.15415288687964698,0.09822785832578947,0.11088370755977517
Cuan Néill Mór,Mayo,-0.3397373755326393,1.7811264972005914,2.2740889201757795
Ráth Ruaín,Mayo,-0.12873324255912863,0.15529344792845354,0.11459720325614474
Eidhneach,Mayo,-0.01963249876201648,-0.004049694565037972,-0.0030871093292024815
Ceathrú an Traighle,Mayo,-0.06226065343957992,0.03472444658878582,0.03274964974736275
An tEanach Rua,Mayo,-0.1894972556691187,0.23219231564901688,-0.3556112421454826
An Cheathrú Mhór,Mayo,-0.42261454966462597,1.7573979621140692,2.2136782600800626
Doire Ó gCuileannáin,Mayo,-0.13911794214094428,-0.03723887300969581,0.02158124180650758
Ráth na nAlbanach,Mayo,-0.12002901962883608,0.15144999138927867,0.1145533661804946
An Bheithigh,Mayo,0.0,0.0,0.0
Cluain an Mhuilinn,Mayo,-0.15415288687964698,0.09822785832578947,0.11088370755977517
An Cnoc Bán,Mayo,-0.27115643782674215,0.6485831483034391,-2.3795295764291113
Gort an Éadain,Mayo,-0.1551452907118627,0.15296560883452331,0.04223555705045017
An Muileann Mór Thuaidh,Mayo,-0.3518656773249624,1.8084259697037106,2.337388585788143
Srath na Leachta Theas,Mayo,-0.03819504019153547,-0.07793318416709995,-0.11740148453357875
Dairbhín,Mayo,0.0,0.0,0.0
Corr Chuilinn,Mayo,-0.09445534836025667,0.019917598368503743,-0.14289893921207036
Dumha Liag Beag,Mayo,-0.15560558550720166,-0.30622364563532567,0.04431195401691314
Dumha Liag Mór,Mayo,-0.4020202602453744,1.7369175371893952,2.168474684215043
An Fál Garbh,Mayo,-0.01700233993659733,0.008595058099652832,-0.0034856300159605623
Na Leasanna,Mayo,0.0,0.0,0.0
Corr an Bhuaicín,Mayo,-0.0748191612065355,-0.005401358276317856,-0.05204747272249871
Na Caithríní,Mayo,-0.006338794198808865,0.000384881490178816,-0.0023443942237969207
Leachta an Bhaic,Mayo,-0.019502859801528487,0.00017533567793232376,-0.00944569102585292
Seaneitre,Mayo,0.0,0.0,0.0
An Srath Mín,Mayo,-0.09076186592979812,0.013686720882030124,-0.04271346714007298
Ceathrú an Lábáin,Mayo,-0.04237642518297006,0.03471831376267695,0.03543532829173825
Crois Phádraig,Mayo,-0.02818895476319061,-0.1781937267626272,0.005211224465618381
Oileán na nGiosán,Mayo,-0.11329063062073298,0.0012790144850757263,-0.0774138043135638
Cill Ró,Mayo,-0.4686998157467367,-2.6977937602862743,0.8832247406320276
An Ros,Mayo,-0.1167950762635073,0.13964003817674042,0.12691140728093475
An Carn,Mayo,-0.03567833231530644,0.030990846410045413,0.023914673706764474
An Baile Beag,Mayo,1.5968620478815125,-0.420279589992523,0.19665285056574638
Béal Átha Saileach,Mayo,-0.017297118399420903,0.032985177659039744,-0.08769020299838756
Leithcheathrú an tSiáin,Mayo,-0.0135995093776311,0.0008377379607584661,-0.005111628532573528
Ceathrú an Éadain,Mayo,-0.06226065343957992,0.03472444658878582,0.03274964974736275
An Ghléib,Mayo,-0.03874097762943806,-0.0019058849035651173,-0.01420874772834608
Na Caológa Íochtaracha,Mayo,-0.017333688798091818,-0.007852237213668423,-0.005567197828600193
An Carbad Beag,Mayo,-0.10566088475204564,-0.37609525793065973,0.011304470353271824
Doire Shaileach,Mayo,-0.13911794214094428,-0.03723887300969581,0.02158124180650758
Breacbháinseach,Mayo,0.0,0.0,0.0
Ceathrú Uí Choinín,Mayo,1.5555101757250411,-0.02410734033618633,-0.19522025286890066
Na Grafaí,Mayo,0.0,0.0,0.0
Cill na nGarbhán,Mayo,-0.4686998157467367,-2.6977937602862743,0.8832247406320276
Goirtín na Muc,Mayo,-0.08188198935254512,0.02034994459254723,-0.07130801785370058
An Chuing Bheag,Mayo,-0.09775175241677742,-0.36818968897162985,0.013338341857206344
Oileán na Glaise,Mayo,-0.11859028833895964,0.007059969732812301,-0.08345261598638162
Baile an Róba,Mayo,1.69461380029829,-0.05208990102089315,0.18331450870854005
An Carn,Mayo,-0.03567833231530644,0.030990846410045413,0.023914673706764474
Ceathrú an Chabháin,Mayo,-0.06226065343957992,0.03472444658878582,0.03274964974736275
Cluain Corráin,Mayo,-0.16907095341043388,0.16294904706180352,0.08390621312411058
Cnoc na Gailsí,Mayo,-0.25560770014270295,0.5048279488246118,-2.340518539024928
An Cnoc Rua,Mayo,-0.41468458679729386,0.671262214065176,-2.752005827520306
An Seanghort,Mayo,0.0,0.0,0.0
An Tamhnaigh,Mayo,-0.0026645175299939918,0.0014804302471884642,-0.012648078962848006
Ruachán,Mayo,0.0,0.0,0.0
An Baile Glas,Mayo,1.6875569605377287,-0.015222489994386156,0.06901508300515699
Baile na Cloiche,Mayo,1.7419785713864875,-0.04260285359665729,0.18758086327722914
Droim Rod,Mayo,-0.24973556993840113,0.22474171660894424,-0.10778259133207715
An Cheapaigh Dhuibh Thoir,Mayo,0.20309440534090126,-0.29676403538020124,0.11870638393532917
An Cheathrú Chaol Thuaidh,Mayo,-0.11154482868369303,0.20804714018073273,0.24612872896175195
Poll Radaí,Mayo,-0.07865921385887509,0.03715295064618439,-0.04973592239881188
Breac-chluain,Mayo,-0.008925292594714437,0.0005447084746800288,-0.003319948973879512
Lios na Ród,Mayo,-0.13306498076832848,0.06950047966612027,-0.118613693727156
An Tamhnach Thoir,Mayo,0.09714635896426499,-0.300685249710405,0.10205707154011115
Tobar na Daraí,Mayo,-0.09477715267177078,-0.012421135773137484,-0.04088235664606125
Cluain Arc,Mayo,-0.18719487351698474,0.16011892890503346,0.08011326707767512
Bloomfield,Mayo,0.0,0.0,0.0
An Coilleán,Mayo,-0.0065587167835072175,0.0004039229617137402,-0.0024645602422971907
An Doire,Mayo,-0.13911794214094428,-0.03723887300969581,0.02158124180650758
Cnoc na Pise,Mayo,-0.269450416590914,0.519585214891911,-2.392545699966302
Poll na Buinní,Mayo,-0.07865921385887509,0.03715295064618439,-0.04973592239881188
Creig an Bhata,Mayo,-0.013478977787036982,0.0030469042049639703,-0.0017485890939672353
Log an tSalainn,Mayo,-0.0029285753164666746,0.0014257915491734602,-0.016070414739231202
An Mhala Rua,Mayo,-0.1590768866545909,0.1664342652405643,-0.4114872884953782
Na hUltánaigh,Mayo,0.0,0.0,0.0
An Rú,Mayo,-0.02578770288543089,0.010330806557393088,-0.009177946367347938
An Cnoc Rua,Mayo,-0.41468458679729386,0.671262214065176,-2.752005827520306
Cluain Conaíleáin,Mayo,-0.18719487351698474,0.16011892890503346,0.08011326707767512
Craobh Rodáin,Mayo,0.057703417536382945,-0.0028330035810068183,-0.009862951189936344
An Lios Dubh,Mayo,-0.2754670520864815,0.14900471789436828,-0.3016351679612178
Baile Thomáis,Mayo,1.856855534054191,-0.04308047137960258,0.1165619299944088
An Tulaigh Dhubh,Mayo,-0.20004219553946015,0.17096860993093477,-0.08693852243737436
An tOileán Dubh,Mayo,-0.2231135264927806,0.15227836358128127,-0.18774839803886845
Inis Cúng,Mayo,-0.08352279784733851,0.054616364896986604,0.0349675462743042
Cnoc na Muclach,Mayo,-0.26725465392800146,0.5164583147104084,-2.3985629680335414
Baile Ualtair,Mayo,1.69461380029829,-0.05208990102089315,0.18331450870854005
Cathair na Graí Thoir,Mayo,0.06354870941522155,-0.24514448997647625,-0.012083738135716657
Caisleán Crainn,Mayo,0.012775171743216154,0.03375557929963337,0.007740150763376821
An Choill Dóite,Mayo,-0.0520054339055147,0.18956678223069925,0.25794552651758096
Oileán na Sceiche,Mayo,-0.14345572091736192,0.005033505988988683,-0.0847825043348824
An Caiseal,Mayo,-0.02721621268836827,0.0021498255780186474,-0.011968133382648754
Cnoc na Droimne,Mayo,-0.2704012026795271,0.5025777703269791,-2.3915038747740356
An Ráithín,Mayo,-0.008869926344795182,0.03461764721559771,0.026230922667888276
An Tóchar,Mayo,-0.011327596892309173,0.0006946288091614505,-0.004236112940358235
Seanbhaile Chathail,Mayo,-0.03521739027944495,0.03615368266351866,0.028437926172634968
Cnoc na gCúl,Mayo,-0.25560770014270295,0.5048279488246118,-2.340518539024928
Oileán na Muice,Mayo,-0.11889998071958112,0.0027724319633228283,-0.08934814268009549
Partraí,Mayo,0.0,0.0,0.0
An Tuairín,Mayo,-0.02912440350816353,0.005643031251918148,-0.007571006792945997
Slios Mín,Mayo,-0.045710923895730296,0.011447730519720329,-0.02323539346518287
Bródalach Theas,Mayo,0.018709777612882398,-0.07945857782865254,-0.09117483192104674
Cathair na mBroc,Mayo,-0.08554919268673106,0.027114738114077427,-0.04073208965306715
Bearanach Thoir,Mayo,0.11189846580767368,-0.2815670296768778,0.10450519205561716
Inis Caorach,Mayo,-0.11044436882001082,0.06665530614727436,0.03158349975720224
Inis Caorach,Mayo,-0.11044436882001082,0.06665530614727436,0.03158349975720224
Leitir Beag,Mayo,-0.12829141688434098,-0.36307961291302554,-0.03848210195972284
Imleach Beag Thuaidh,Mayo,-0.12541627242329817,-0.2616401045765738,0.17075438549797095
An Baile Beag,Mayo,1.5968620478815125,-0.420279589992523,0.19665285056574638
Léana na dTortán,Mayo,0.005554877136347964,0.004719510743574215,0.0007411102045767972
Moing na hAlúna,Mayo,-0.018985238293755015,0.0034021309879255653,-0.0038842196705181076
Barr Rúscaí,Mayo,-0.043267971553663666,0.003642995510143226,-0.030379896142851182
Ailt,Mayo,-0.006940561254809005,0.0004814264779212069,-0.002730975441522332
Loch na hOilí,Mayo,-0.26016423313005305,0.25720012842049245,0.04793659832010855
Coill Salach,Mayo,-0.015919017767649132,0.07966010536000535,0.028877135974514585
An Tairseachán Mór,Mayo,-0.34416642715495016,1.6749514938530912,2.1375010720553367
Cill tSéine,Mayo,-0.4686998157467367,-2.6977937602862743,0.8832247406320276
Moing Eiriún Thuaidh,Mayo,-0.020169694611764148,0.11363901266592424,0.16015703865638348
Oileán na Muice,Mayo,-0.11889998071958112,0.0027724319633228283,-0.08934814268009549
Ros Dumhach,Mayo,-0.13001396129699663,0.143286434940742,0.12612772672875333
An tOileán Rua,Mayo,-0.23978834182921854,0.23920839059359755,-0.41621421230018485
Sliabh Dhún Bríde,Mayo,-0.08480883310744172,0.05664644055447416,-0.05389349723398211
An Príosún Theas,Mayo,0.018709777612882398,-0.07945857782865254,-0.09117483192104674
Baile na gCrann,Mayo,1.69461380029829,-0.05208990102089315,0.18331450870854005
Baile Uí Chiaragáin,Mayo,3.2507026158874353,-0.10940009875534719,-0.03711456913086497
Baile Mhic Lachnáin,Mayo,2.0092518608841847,-0.22056349368867081,0.295175740110976
Droim an Dúin,Mayo,-0.27102186411169144,0.2699354706946197,-0.07997173112743305
Gearrthamhnach,Mayo,0.0,0.0,0.0
An Ros Leathan Íochtarach,Mayo,-0.040933974621860686,-0.0015927767580960466,0.06230390047745557
Clochán Lúcáis,Mayo,-0.025917227855456144,-0.0062471993673798775,-0.013787420374004685
An Tulaigh Bheag,Mayo,-0.15539187663808457,-0.27672531726894306,0.10942129365389378
Cionn Torc Uachtarach,Mayo,-0.06467678170273225,0.05014398042837288,0.05531525879968467
Na Bogaigh,Mayo,0.0,0.0,0.0
An Chloch Bhreac Íochtarach,Mayo,0.055478143615199024,-0.1389870959084336,-0.07696216483566347
Dún na Rua,Mayo,-0.26488888618530887,0.2814183420401912,-0.3380840188561214
An Tuar Mór Thiar,Mayo,-0.14986068182392326,1.7972354816832548,2.2884845080911553
Bréandroim,Mayo,-0.006338794198808865,0.0003848814901788057,-0.0023443942237969134
Ceathrú Ruairí,Mayo,0.015894625097471034,0.03265363643907669,0.03504363128902229
Dromainn Rátha Chathail,Mayo,-0.05007538935935218,0.029043210333814365,-0.07262386029351166
Baile Coill Íochtarach,Mayo,1.8073210332337124,-0.16960230235439244,0.1146867326643117
Na Caithríní,Mayo,-0.006338794198808865,0.000384881490178816,-0.0023443942237969207
An Carn,Mayo,-0.03567833231530644,0.030990846410045413,0.023914673706764474
Cluanach Mór,Mayo,-0.37200019883422514,1.7742971534595777,2.262588479216315
Lios na Rann,Mayo,-0.14462760829252638,0.0715117343994887,-0.12498030130092974
Baile na Cora,Mayo,1.6829958688456106,-0.022408501060322245,0.0964097558719506
Corr Raithní,Mayo,-0.08906625340911867,0.006429042484238048,-0.10759603765878897
Páirc na bhFianna Uachtarach,Mayo,-0.03276732435078827,0.10468808477941058,0.12028894328868357
Doire na Duibhe,Mayo,-0.16039568152052863,-0.03529063618266026,0.013092985687547418
Loch Roisín,Mayo,-0.2632623459812459,0.2674052575113827,0.04472192343143927
An Cloigeann,Mayo,0.0,0.0,0.0
Léana na Saileach,Mayo,-0.025602586511756724,0.02027121162918699,-0.008351801449227796
Rathain Bhairr,Mayo,-0.0044347932335254145,-0.0029786870050000336,-0.003623443632586215
Achadh Loiscthe,Mayo,-0.08406353940004158,0.0331324859693746,-0.007569957175206881
Lios na Gaoithe,Mayo,-0.19146275479698832,0.1300207499222429,-0.17933406986376388
Baile Mhic Craith,Mayo,2.06396072743331,-0.232942446479406,0.30558802863464446
An Gort Garbh,Mayo,-0.17214763064846003,0.16156066693417614,0.03874992703448961
Cnoc Thomáis,Mayo,-0.09336596638680195,0.5138373784659024,-2.4072711177390596
An Baile Úr,Mayo,1.69461380029829,-0.05208990102089315,0.18331450870854005
Dromainn Rátha Chathail,Mayo,-0.05007538935935218,0.029043210333814365,-0.07262386029351166
An Cnoc Ramhar,Mayo,-0.28373346931187954,0.5266104741230377,-2.4350413211298676
An Droim Mór,Mayo,-0.5939019970933512,1.8996932104620354,2.0297184807232593
Oileán na Mná Uaisle,Mayo,-0.11329063062073298,0.0012790144850757263,-0.0774138043135638
An Cheathrú Chaol,Mayo,-0.11036037236568388,0.09781025850273405,0.08208747063485036
An Cillín,Mayo,-0.03907497264060083,0.00343799313305366,-0.012951320059889379
An Roisín nó Baile Thomáis,Mayo,1.8537574212029981,-0.032875342288712285,0.11334725510573952
Corr na bhFiach Theas,Mayo,-0.08527494210125129,-0.07855137389991099,-0.15267954335529713
Doire na Seascaí,Mayo,-0.13911794214094428,-0.03723887300969581,0.02158124180650758
Dromainn na gCoincheann,Mayo,-0.025001094558421023,0.007168107604586031,-0.01761785401090519
An Chuileanntrach,Mayo,-0.016262607621453463,0.03781774443175754,0.0396368771462439
Droimnín,Mayo,0.0,0.0,0.0
Coill an Bhaile Thoir,Mayo,1.800697617264169,-0.30178887970700835,0.2741328265458845
Coill an Bhaile Thiar,Mayo,1.917420229969741,0.045518156522738044,0.25658118138770925
Coill an Bhalláin Thiar,Mayo,0.2228064296714511,0.0976080575436312,0.07326667267916923
Caolchoill,Mayo,0.0,0.0,0.0
Lios an Uisce,Mayo,-0.190711781693385,0.044745262507966954,-0.15778467739757457
An Cnoc Mór Uachtair,Mayo,-0.6094980229495301,2.2242699216477146,-0.21061460664680892
Áit Tí Apaltan,Mayo,-0.06044889344072106,0.008417849744685204,-0.019904606944070452
Bun Dubhabhann,Mayo,-0.06970394234488612,0.02309915234741794,-0.008402233398355781
Garbhchoill,Mayo,0.0,0.0,0.0
Oileán Néill,Mayo,-0.06617098398766044,0.03005119405617676,-0.03517502839156735
Oileán Luascaí,Mayo,-0.11329063062073298,0.0012790144850757263,-0.0774138043135638
Tamhnaigh Chon Duibh,Mayo,0.018486614923035,0.0070896015428641365,-0.0186619169307915
Cnoc na Coilleadh,Mayo,-0.27742324968075405,0.5208104798866028,-2.393572735758426
An Tamhnach Bheag,Mayo,-0.1125038592601861,-0.38730790900515705,0.010890221341700326
An Crann Mór,Mayo,-0.3612756457755481,1.709234569710882,2.1791959785846586
Coimín Dhoire an Daimh Dheirg,Mayo,-0.0650860199525306,0.06206946787135599,-0.04688003900278853
An Dromainn Rua Thiar,Mayo,0.04454309730023355,0.2393423793980189,-0.3421515956088415
Baile an Bhile,Mayo,1.7143843348792214,-0.04576178100102008,0.1369889984479967
Ceathrúin Olltóra,Mayo,-0.005518080523206433,0.00209058117587087,-0.0015429910092765588
Béal Átha an Iarainn,Mayo,-0.008471411939789099,0.03416048262581887,-0.08146179851512014
Doire na Croise,Mayo,-0.14915896153155278,-0.03095137980982173,0.01407238028995461
Droim Daimh,Mayo,-0.2778865982984646,0.27371379107543514,-0.12317759605213202
Gort na Fola,Mayo,-0.16844192148782516,0.1600193337974303,0.0389097741712254
An Baile Nua Thuaidh,Mayo,2.0565161334173423,0.06699111252300713,0.4304740955074198
Ceathrú Thanaí,Mayo,-0.07117551237395997,0.03698663110207182,0.03040026534922991
Na Doiríní,Mayo,0.0,0.0,0.0
An Ghreallach,Mayo,-0.009030794687940059,0.0006401521264949634,-0.002467531869350284
Baile an Phoill,Mayo,1.750640353901982,-0.05254221071489269,0.19066467823270866
Gort na Silíní,Mayo,-0.1551452907118627,0.15296560883452331,0.04223555705045017
An Cnoc Rua,Mayo,-0.41468458679729386,0.671262214065176,-2.752005827520306
Sliabh na bPréachán,Mayo,-0.06286187759514815,0.007120904190852835,-0.042190334135602414
An Bhothóg Ramhar,Mayo,-0.02812576916917658,0.02178252529842594,-0.09452278210493942
Cluain Buac Íochtair,Mayo,-0.20484995503820763,0.17413433255831534,0.0829008744287182
An Turlach,Mayo,-0.015254255855306193,0.0038067839181633203,-0.0027857446601802388
An Cárán,Mayo,-0.006338794198808865,0.000384881490178808,-0.0023443942237969116
Cluain Uí Challaráin,Mayo,1.3688939420721604,0.10280873117057943,-0.1403158107617299
Lios Moiriú,Mayo,-0.13306498076832848,0.06950047966612027,-0.118613693727156
Ceathrú Stialláin,Mayo,-0.06226065343957992,0.03472444658878582,0.03274964974736275
Rúscaigh Bheag,Mayo,-0.10768319214965083,-0.37532390332154,0.00889044997851356
Cluain Drún,Mayo,-0.18719487351698474,0.16011892890503346,0.08011326707767512
An Cheapach Theas,Mayo,-0.015135657885804305,-0.048727619088551166,-0.07754025530828106
Cluain Átha,Mayo,-0.131808078570556,0.16844126365267167,0.04774384228576473
Na hIúraí,Mayo,0.0,0.0,0.0
An Tamhnach,Mayo,-0.014752106843408686,-0.01911822003352719,-0.0024481205155060175
An Garrán,Mayo,-0.01660456635259082,0.047074740837897845,0.03217386586233299
Gort na gCaorach,Mayo,-0.18462205329196021,0.16575630431813343,0.03602310491303473
Crois Bhaoithín,Mayo,0.0072114417473015035,-0.005089214417499981,-0.007105315157835154
Carraig an Chait,Mayo,-0.09522499188973031,0.0025028977335996546,-0.11847512563459213
Cos Shalach,Mayo,0.0,0.0,0.0
An Fearnán,Mayo,-0.008925292594714437,0.0005447084746800164,-0.0033199489738795097
An Leargain,Mayo,-0.018595164197791537,0.0337529628716619,0.038219557543780404
An Log Buí,Mayo,-0.0705580531493538,-0.01061948828774011,-0.06302387850748231
Baile an Bhile,Mayo,1.7143843348792214,-0.04576178100102008,0.1369889984479967
An Chrannaigh,Mayo,0.0,0.0,0.0
Achadh Riabhail Íochtarach,Mayo,0.037199373889370974,-0.12403994607379198,-0.05884479117564411
Dún Mac Ríne,Mayo,0.20882606105517676,-0.05348951586815075,0.18526450104169284
Míoltrán,Mayo,0.0,0.0,0.0
Cluain Lao,Mayo,-0.21033378186687135,0.1721678814721774,0.0797223619016349
Cluain na gCléireach,Mayo,-0.18719487351698474,0.16011892890503346,0.08011326707767512
Coill an tSionnaigh,Mayo,-0.02592675129627945,0.048704908668491156,-0.06883766208043046
Sonnach Maol,Mayo,-0.024386205087345663,0.016227838560374963,-0.05665134752011694
Lios Cat,Mayo,-0.13306498076832848,0.06950047966612027,-0.118613693727156
Cluain Tornáin,Mayo,-0.18719487351698474,0.16011892890503346,0.08011326707767512
Doire Fhada,Mayo,-0.2283665906591497,0.00019976210780096176,-0.025865516800315114
An Lorgain,Mayo,-0.008925292594714437,0.0005447084746800288,-0.0033199489738795084
Dromadaigh,Mayo,0.0,0.0,0.0
Barr na gCreagán,Mayo,-0.043267971553663666,0.003642995510143226,-0.030379896142851182
Cúlach Bán,Mayo,0.0008457948917061538,0.14624731757061146,-0.03915939065904799
An Fhaiche Bheag,Mayo,-0.11089469563594888,-0.3804992552545885,0.010533853914286174
Cluain Locha Fada,Mayo,-0.21060146894037626,0.21581819052215667,-0.006331400207909774
An Chorrthamhnach,Mayo,0.0,0.0,0.0
Ard an Chartha,Mayo,-0.0552423122571117,0.10327226034324428,0.025312495485484404
An Baile Glas,Mayo,1.6875569605377287,-0.015222489994386156,0.06901508300515699
Breac-chluain,Mayo,-0.008925292594714437,0.0005447084746800288,-0.003319948973879512
Caiseal Bearnach,Mayo,-0.02721621268836827,0.0021498255780186474,-0.011968133382648754
Caiseal Ruaín,Mayo,-0.03592043561866081,0.00599328211719352,-0.011924296306998608
Tulaigh na Cora,Mayo,-0.06925805567398667,0.12114577166325768,0.009178198960097972
Áit Tí Mhic Aodha,Mayo,0.30221116685414623,-0.19799248055062096,0.10681868606907359
An Leargain Mhór,Mayo,-0.3627615913527417,1.7087044567247531,2.175720629599117
An Trian Riabhach,Mayo,-0.07959608710761168,0.06192790660109666,0.03146137721218392
Corr an Ghualaigh,Mayo,-0.0748191612065355,-0.005401358276317856,-0.05204747272249871
An Chrois Ard,Mayo,-0.07768499395656714,0.1395558571763873,0.06174899557141027
An tSraith Uachtarach,Mayo,-0.02605695579074648,0.008431774312303578,0.030677259807428053
An Tamhnach Bheag,Mayo,-0.1125038592601861,-0.38730790900515705,0.010890221341700326
Barr na gCurraithe,Mayo,-0.043267971553663666,0.003642995510143226,-0.030379896142851182
An Chlochbhuaile,Mayo,0.0,0.0,0.0
Cluain Catha,Mayo,-0.2065560242942524,0.17756817218682946,0.03243367161430369
Doire na Rod,Mayo,-0.13911794214094428,-0.03723887300969581,0.02158124180650758
Doire na Leice,Mayo,-0.12128214967836319,-0.03707883396258827,0.018602179631607412
Ard Lao,Mayo,-0.0783812206069983,0.11532121291038824,0.024921590309444186
Lios na Mainiach,Mayo,-0.13306498076832848,0.06950047966612027,-0.118613693727156
Poll Ruanacháin Beag,Mayo,-0.1764109662756525,-0.33103673832544545,-0.03639758054160554
An Chorr Gharbh,Mayo,-0.08869650334301818,0.05338025552041187,0.011950262808048732
Coill an Chláir,Mayo,0.005853025723672736,0.03201480767870007,-0.015950855448407325
Ogúl,Mayo,0.0,0.0,0.0
Coill Trasna,Mayo,0.03953213101913724,0.03257559207710694,-0.008844265822646987
Duibhlis,Mayo,0.0,0.0,0.0
An Gort Garbh,Mayo,-0.17214763064846003,0.16156066693417614,0.03874992703448961
An Ghabhal Bhuí,Mayo,-0.03457415224948879,0.004961566111204592,-0.00904698177554662
Baile Mhaolra,Mayo,1.69461380029829,-0.05208990102089315,0.18331450870854005
An Choill Gharbh Thiar,Mayo,0.09755424084538195,0.30335993771706865,0.37355121768863486
Muileann Mádóg,Mayo,-0.006514793852003109,0.023237594172620755,0.035846255405904665
Lios Bragáin,Mayo,-0.13306498076832848,0.06950047966612027,-0.118613693727156
An Lios Dubh,Mayo,-0.2754670520864815,0.14900471789436828,-0.3016351679612178
Baile an Oileáin,Mayo,1.7086476977857659,-0.012737859449329161,0.22711117804902242
Creig na Feighle,Mayo,-0.013478977787036982,0.0030469042049639703,-0.0017485890939672353
An Choill Mhór,Mayo,-0.43861825034483015,1.8680660000732143,2.3830155751802486
Áit Tí na Scoile,Mayo,-0.06044889344072106,0.008417849744685204,-0.019904606944070452
Ceathrú Liam Mhór,Mayo,-0.29458954536921605,1.7253897492234658,2.228147365179082
Cluain Tiobraide,Mayo,-0.20883371772321951,0.11015297186532749,0.09972697012340626
Corr na Gaoithe,Mayo,-0.13321693523519534,0.055118911979804786,-0.1127678488591066
Na Cnoca,Mayo,0.0,0.0,0.0
Barr Coill,Mayo,-0.04908262039545807,0.03551104650090585,-0.04406677036112385
An Cheathrú Bheag,Mayo,-0.1761998749264532,-0.28574322071065195,0.08951552988193229
Bun an Churraigh,Mayo,-0.0014079085975995803,0.021430460585388226,-0.002085429205204773
An Cheathrú Chaol,Mayo,-0.11036037236568388,0.09781025850273405,0.08208747063485036
Seanach,Mayo,-0.006338794198808865,0.0003848814901788081,-0.002344394223796917
An Tamhnach,Mayo,-0.014752106843408686,-0.01911822003352719,-0.0024481205155060175
Na Cluainte,Mayo,0.004779867227441007,7.524581613252997e-06,-0.010433483789146715
Coire Dhaibhéid,Mayo,0.009350153472600823,0.03491115106616977,0.038814708459788155
Coire Uí Mháille,Mayo,1.565438969061746,-0.022399046668284267,-0.18161436937961686
Ruanaid,Mayo,0.0,0.0,0.0
An Sián Mór,Mayo,-0.36474522715374386,1.7084881689945741,2.1745813291849325
Srath na Manrach,Mayo,-0.058803760769659014,0.008552695055130538,-0.022176394197351606
Droim Ghallach,Mayo,-0.24973556993840113,0.22474171660894424,-0.10778259133207715
Cill Ghoin,Mayo,-0.4686998157467367,-2.6977937602862743,0.8832247406320276
Mám an Rata,Mayo,-0.006478733241227668,0.0007361118762206262,-0.0047870806441661275
Talach,Mayo,0.0,0.0,0.0
Tóin an tSléibhe,Mayo,0.0036440992696107136,0.005643540465634174,-0.008242864715232136
Ballán Méinín,Mayo,0.0,0.0,0.0
An Clochar,Mayo,-0.024982983386189216,0.026647586524159717,0.03139682641503126
Faiche an Teampaill,Mayo,0.09629400577926181,0.001928591061957092,0.008944626683326087
Maigh Mhuilinn,Mayo,-0.028252502050380393,-0.04098161647399505,0.008635533317281396
Mír Mhichíl,Mayo,-0.020807015364683684,-0.05172217144068918,0.01275104408100694
Doire Chontúirte Thiar,Mayo,0.0895031363723012,0.02850113354317276,0.10853478870394948
Doire Lócháin Thoir,Mayo,-0.026064443662942638,-0.31033396010430203,0.07532955375251402
An Leithcheathrú,Mayo,-0.0135995093776311,0.0008377379607584661,-0.005111628532573528
Ros na mBráthar,Mayo,-0.12803747687164732,0.15624663484757575,0.07960195518296208
Ros Bairneach,Mayo,-0.1167950762635073,0.13964003817674042,0.12691140728093475
Seandroim,Mayo,0.0,0.0,0.0
An Cloigeann,Mayo,0.0,0.0,0.0
An Mhaoilinn,Mayo,-0.006338794198808865,0.00038488149017881166,-0.002344394223796914
An tSraith Riabhach,Mayo,-0.07980110928215293,0.03115458822196069,-0.01393224266878667
Gleann Iomaire,Mayo,-0.15691977384958658,0.052900306294030135,0.10241823210671928
Baile na mBarróg,Mayo,1.69461380029829,-0.05208990102089315,0.18331450870854005
Na Caológa,Mayo,-0.00905020517951808,0.00037002820824993374,-0.0033682782609315703
Doire Chuais,Mayo,-0.15834672248631093,-0.032844985126327296,0.016327389625320272
Gleann Chaoin,Mayo,-0.18099555411756937,0.16378423415848686,0.12652809065929405
Gleann Iomaire,Mayo,-0.15691977384958658,0.052900306294030135,0.10241823210671928
An Fhaiche Bheag,Mayo,-0.11089469563594888,-0.3804992552545885,0.010533853914286174
Cill Dabheoige,Mayo,-0.4686998157467367,-2.6977937602862743,0.8832247406320276
Ceathrú Chalaidh,Mayo,-0.053809017635909506,0.031106578935635086,0.027613281089709344
An Cluainín,Mayo,-0.008925292594714437,0.0005447084746800309,-0.0033199489738795027
Cúil Bhairrinn,Mayo,-0.06583727197547709,0.05210114189106243,-0.02861528361049199
Ceathrú Mhic Lochlainn,Mayo,0.2523774071463148,-0.13374914607899185,0.14461088114979875
Baile Ó gColmáin,Mayo,1.69461380029829,-0.05208990102089315,0.18331450870854005
Doire Leathan,Mayo,-0.18177872227651465,-0.029091235620270363,0.011914636828984079
Sraith na nEach,Mayo,-0.020524892015850296,0.001425706117108458,-0.008916865742877377
An Tulaigh,Mayo,-0.05764012422130716,0.09146437170268677,0.09608295179668742
Camchluain Beag,Mayo,-0.10566088475204564,-0.37609525793065973,0.011304470353271812
Carraigín na gCailleach Dubh,Mayo,-0.09403799372653426,0.03440263170253502,-0.23098564887790435
Doire an tSagairt,Mayo,-0.09904795353804263,-0.03112853756877324,-0.056610786691590975
Foroileán na mBráthar,Mayo,-0.020337225417080364,0.01750410873213103,-0.05166919903642362
Oileán an Bhric,Mayo,-0.11329063062073298,0.0012790144850757263,-0.0774138043135638
Inis Dúnmhar,Mayo,-0.08352279784733851,0.054616364896986604,0.0349675462743042
An Cnoc Maol,Mayo,-0.27999390523004863,0.5210557873849868,-2.3971698865450453
Ros Laighneach,Mayo,-0.1167950762635073,0.13964003817674042,0.12691140728093475
An Cheathrú Bheag Thuaidh,Mayo,-0.17738433124446235,-0.17550633903265328,0.25355678820883387
An Cheathrú Shalach,Mayo,-0.07844812250967578,0.08244646826097791,0.07617718802472594
An tOileán Beag,Mayo,-0.17846320759140505,-0.2954155636185966,0.008611418052399695
Inis Ceannann,Mayo,-0.08352279784733851,0.054616364896986604,0.0349675462743042
Inis Cua,Mayo,-0.08352279784733851,0.054616364896986604,0.0349675462743042
Inis Coirc,Mayo,-0.08352279784733851,0.054616364896986604,0.0349675462743042
An Pháirc Nua,Mayo,0.3614150744662381,0.09275988199875522,0.15923103005948636
Carraig an Chabhlaigh,Mayo,-0.0904079724765469,0.0005440943008651592,-0.11445111458367516
Ros na Gaillimhe,Mayo,-0.1167950762635073,0.13964003817674042,0.12691140728093475
Ros Caoin Thuaidh,Mayo,-0.1665978122166128,0.3139447430629567,0.33457563372559673
Cnoc na Gainimhe,Mayo,-0.25560770014270295,0.5048279488246118,-2.340518539024928
Carraig an Sceamháin,Mayo,-0.0904079724765469,0.0005440943008651592,-0.11445111458367516
An Mhaoilinn,Mayo,-0.006338794198808865,0.00038488149017881166,-0.002344394223796914
Doire Chreamha,Mayo,-0.155322579840731,-0.035240627630345016,0.01667631407167875
Doire Thiobraide,Mayo,-0.13911794214094428,-0.03723887300969581,0.02158124180650758
Dumha Cinn Aille (Thulis),Mayo,-0.0756360640894335,0.04916908485622663,-0.021490430550178796
An Trian Láir,Mayo,0.029486214491205285,0.05172679368960516,-0.0028219678044752866
Boc Bháire,Mayo,-0.009742030912608057,0.004631538879949131,-0.0005230581335225181
Allt an Phíobaire,Mayo,-0.02380303186460541,0.0025457719634785782,-0.007407311963091093
Ascaill Ghob Rú na Córach,Mayo,-0.02578770288543089,0.010330806557393088,-0.009177946367347938
An Chúirt Liathróide,Mayo,-0.004648535193888141,-0.0023080922906839685,-0.00024292806305877584
Cloch Tógála,Mayo,-0.006167456650301191,0.03228257176491017,0.03525978612024531
Loch Bhaile an Locha,Mayo,1.5002916202630507,0.22337085389922576,0.1922531983498864
Caisleán Átha Leathain,Mayo,0.08527118531024286,0.007794838189480864,-0.0663241805578555
Loch Chluain Mhic Giolla Chainnigh,Mayo,0.09175005986951554,0.11589072764196559,0.21434889366393176
An Carragán,Mayo,-0.006338794198808865,0.00038488149017880814,-0.002344394223796917
An Coire Mór,Mayo,-0.33481627368234934,1.7098626449192609,2.1763157805151248
Bá Chois Locha,Mayo,0.048026607240538026,0.046608929783305074,-0.010692270008891475
An Abhainn Mhór,Mayo,-0.45791758989601633,1.8149020500085193,2.248699616205534
Abhainn Dhoire Chreamha,Mayo,-0.15493391098353487,0.15638652763181787,0.09862445017009348
Dúloch,Mayo,0.0,0.0,0.0
Loch an Dúin,Mayo,-0.28145052730334336,0.3023938825061679,0.07574745852475265
Na Dásachtaí,Mayo,0.0,0.0,0.0
Leaba Fhinn Mhic Cumhaill,Mayo,0.3662470560874881,-0.17422785851821196,0.11139487462500626
Foroileán,Mayo,-0.009094824808940343,0.0008975120612956957,-0.0043597469384509474
Abhainn Ghleann Dá Bhoc,Mayo,-0.14862918456742472,0.16145136731043652,0.11236866862970898
Gob na hInneona,Mayo,-0.04796029028980254,0.004550071922388776,-0.03022802365320906
Cuan na Coime,Mayo,-0.04269059501076169,0.07740282377639914,0.0943490721984462
Trá Chill Chuimín,Mayo,-0.13099750335699717,-0.05682843721195607,0.11744477897793533
Cnoc an Rí,Mayo,-0.21446539739732592,0.5141180074208771,-2.383342271094578
Loch Cathasaigh,Mayo,-0.26016423313005305,0.25720012842049245,0.04793659832010855
Loch Con,Mayo,-0.2869398922927827,0.26098402121594066,0.039086178347508535
Loch na nGiúróg,Mayo,-0.2760844458013387,0.2632477300474895,0.04145329893434176
Loch na mBreac,Mayo,-0.29009095959069686,0.2823715596510552,0.048129059744842016
Loch an Mhothair,Mayo,-0.26016423313005305,0.25720012842049245,0.04793659832010855
An Droichead Nua,Mayo,0.35958928553599556,0.0031938279233395886,0.0593067040627811
Pontún,Mayo,-0.006338794198808865,0.0003848814901788101,-0.002344394223796924
Sibhdile,Mayo,0.0,0.0,0.0
Sruth na mBéal,Mayo,-0.041526449697744966,0.009111142025788742,-0.04622786655267259
Coill Thuar Mhic Éadaigh,Mayo,0.30882341174410033,-0.13660554167701505,0.09817435718416334
An Abhainn Dubh,Mayo,-0.2561532340592192,0.21945479438367618,-0.07182293008386441
Abhainn Bhun Dorcha,Mayo,-0.19833239202078248,0.17412767205377666,0.10992110540457534
Abhainn Dealgan,Mayo,-0.11375116274106617,0.13995055615542817,0.11119854415019738
Abhainn an Chaoil,Mayo,-0.13721527646642226,0.09190274939183302,0.124904804246545
Abhainn an Phollaigh,Mayo,-0.11375116274106617,0.13995055615542817,0.11119854415019738
Cluain Falach,Mayo,-0.18719487351698474,0.16011892890503346,0.08011326707767512
Pontún,Mayo,-0.006338794198808865,0.0003848814901788101,-0.002344394223796924
Abhainn Dealgan,Mayo,-0.11375116274106617,0.13995055615542817,0.11119854415019738
Buiríos Umhaill,Mayo,-0.011867673758390249,0.038099415005230876,0.04741761170686053
Cuan Chill Ala,Mayo,-0.11163927497103182,0.1559624458482734,0.14456566200488
An Geata Mór,Mayo,-0.3578882546458222,1.7141887990919453,2.180391326838564
Caisleán an Bharraigh,Mayo,0.04678570042683206,-0.0011020930409899319,-0.03410058447756282
Bun an Mhíle,Mayo,-0.07987473768507315,0.0248304328980335,-0.011186868394421052
Boirinn,Mayo,0.0,0.0,0.0
An Cheapaigh Dhuibh,Mayo,0.09119593953322758,-0.015197005703323455,0.014201191879712017
An Choill Dubh,Mayo,-0.23685389450803299,0.2726187444483711,0.06249302889085037
An Oirimh,Mayo,0.0,0.0,0.0
Gleann na Muaidhe,Mayo,-0.13237727448247302,0.09971641095026927,0.08290512254153362
Cill Bheitheach,Mayo,-0.49982048989881356,-2.7077058249349886,0.931729436719891
Cill Mhiáin,Mayo,-0.4686998157467367,-2.6977937602862743,0.8832247406320276
Abhainn Bhrain,Mayo,-0.11375116274106617,0.13995055615542817,0.11119854415019738
Béal Átha na Muice,Mayo,0.008250995149835646,0.018926894251674074,-0.09053162971111466
Mainistir Acla,Mayo,-0.030980600602027557,-0.0020594098739249466,-0.010603862517742025
An tAllt Dearg,Mayo,-0.03383852488344916,0.014686059411495415,-0.009006808183535105
Caisleán Bhearanach,Mayo,0.029884390363814104,-0.0005274965581573636,-0.03395475576594511
Leachta an Chnoic,Mayo,-0.014528261852988365,0.006311202510938861,-0.01285285456232696
An Bhinn Bheag,Mayo,-0.13492767864533134,-0.3423403923897717,0.03627695694097288
Caisleán Bingham,Mayo,0.029884390363814104,-0.0005274965581573636,-0.03395475576594511
An tOileán Dubh,Mayo,-0.2231135264927806,0.15227836358128127,-0.18774839803886845
An tOileán Dubh,Mayo,-0.2231135264927806,0.15227836358128127,-0.18774839803886845
Cé an Fhóid Duibh,Mayo,-0.027797801186789445,0.013610471417380303,-0.015009637882946264
Carraig Bhéil Feirste,Mayo,-0.10117364926717565,0.001173535109377892,-0.12059824702292382
Carraigín Féir,Mayo,-0.010789408893459385,-0.00297895601267235,-0.01953312131087632
Carraigín na gCapall,Mayo,-0.029830189027679796,-0.0006927671005658746,-0.03020462809539066
An Chloch Bhreac,Mayo,-0.06304373816201797,0.010393356415828305,-0.02202126300970779
Cloch na Caillí Duibhe,Mayo,-0.007461868843488035,-0.020904469054154388,0.045842097870050336
Clúid an Locha Ghil,Mayo,0.06051966059992718,0.01959255416530207,-0.041943370570239745
Oileán an Chuain Theas,Mayo,-0.09458085300785059,-0.07817956334357681,-0.16858863623461054
Gob an Chorráin,Mayo,-0.04315289411054882,0.006045838301319925,-0.042554763606285254
An Corrán Buí,Mayo,-0.10290941104182588,0.04760857207380355,0.010583455363788102
Carraig an Dúin,Mayo,-0.11169426664983724,0.04573784838654062,-0.08664025437903106
Dún an Daill,Mayo,-0.10581199953071796,0.11498407679962692,0.07340326963925684
Droim an Draighin,Mayo,-0.24973556993840113,0.22474171660894424,-0.10778259133207715
Loch Dhroim na nGamhna,Mayo,-0.5299820388950006,0.4958602755690229,-0.06469692889129675
An Fheorainn,Mayo,0.0,0.0,0.0
Abhainn Fhionnaithe,Mayo,-0.11375116274106617,0.13995055615542817,0.11119854415019738
An Fhothair Ghlas,Mayo,-0.007056839760561158,0.036867411026506994,-0.11429942570338306
Oileán na Glaise,Mayo,-0.11859028833895964,0.007059969732812301,-0.08345261598638162
Lóiste Ghleann Roibín,Mayo,-0.01910329865218183,0.02156045138746733,0.001756742048072859
Gob an Loingsigh,Mayo,-0.04796029028980254,0.004550071922388776,-0.03022802365320906
Bá Ghob an Stóir,Mayo,-0.005443699688786803,0.0280855265799133,0.033555077351841656
Gob Uaigh Bhríde,Mayo,-0.12031672726336587,-0.23045515569335265,0.029062747101948117
An Gob Rua,Mayo,-0.20703717694439344,0.17098433716295305,-0.4417153121485872
Gob na Pollaide,Mayo,-0.04796029028980254,0.004550071922388776,-0.03022802365320906
Gob Pháidín Sheáin Aonghais,Mayo,0.0599866722671909,-0.013691414432989997,0.05232300742948719
Gob Pholl an Róin,Mayo,-0.06932938777636703,0.00714926336186966,-0.039518562458630134
An Gob Rua,Mayo,-0.20703717694439344,0.17098433716295305,-0.4417153121485872
Gob Rú na bhFeannóg,Mayo,-0.08682172813101723,0.01925861684953964,-0.04145268108642361
Carraig Chill Bhríde,Mayo,-0.21822409732448292,-0.15237825703930633,-0.0002721877483881363
Cnoc na Ceasach,Mayo,-0.25560770014270295,0.5048279488246118,-2.340518539024928
An Loch Dubh,Mayo,-0.40256630444820607,0.3367043666487405,-0.13508487591395324
Loch na mBreac Caoch,Mayo,-0.3121397204962783,0.30091303789941987,0.04798254627740979
Loch na bhFaoileog,Mayo,-0.26016423313005305,0.25720012842049245,0.04793659832010855
Manrach Fhuaidreáin,Mayo,-0.013752818735591176,0.0063137046928207425,-0.0026983205224614974
An Mhiliúrach,Mayo,0.0,0.0,0.0
An Meall Beag,Mayo,-0.11073522524224616,-0.34422450931343396,0.03638650941043614
Oileán Bodhar,Mayo,-0.11329063062073298,0.0012790144850757263,-0.0774138043135638
Uaich na Muice,Mayo,-0.019405952271490393,0.0024124005613075303,-0.017299229234021673
Uaich na dTarbh,Mayo,-0.013796602172642254,0.0009189830830604283,-0.005364890867489992
Uaich na hAirde,Mayo,-0.013796602172642254,0.0009189830830604283,-0.005364890867489992
Uaich na Sionnach,Mayo,-0.02248361425389838,0.0035698507555252963,-0.005904112912019633
Uaich Nóra,Mayo,-0.013796602172642254,0.0009189830830604283,-0.005364890867489992
Poll na Maidí,Mayo,-0.07865921385887509,0.03715295064618439,-0.04973592239881188
Cuan an Inbhir Mhóir,Mayo,-0.40649264974446947,1.7925323963212771,2.2777545804154475
Ráithe na Cruite,Mayo,0.0,0.0,0.0
An Sáilín,Mayo,0.0,0.0,0.0
Scoith Bhinnlí,Mayo,0.0,0.0,0.0
Scraith an Ghreanacháin,Mayo,0.0,0.0,0.0
Na Siorracha,Mayo,0.0,0.0,0.0
Cnoc Thalaigh,Mayo,-0.25560770014270295,0.5048279488246118,-2.340518539024928
Trá Bó Deirge,Mayo,-0.03472407048400649,-0.00044536451341313336,0.020460464230459968
Machair an Eanaigh,Mayo,-0.03211342605047792,0.018669245094556062,-0.007947301548645973
Mám Thomáis,Mayo,0.15576300051467334,0.009745541517511197,-0.07153965935829737
Crois Mhaoilíona,Mayo,0.0072114417473015035,-0.005089214417499981,-0.007105315157835154
Dumha Éige,Mayo,-0.048904380932712904,-0.027683979439520806,0.0076708953252915355
An Creagán Bán,Mayo,-0.022921224456189243,0.1441804006625899,-0.04439592331659928
Caorthannán,Mayo,0.0,0.0,0.0
Ceathrú an Uisce,Mayo,-0.11990745436463646,0.009969229430632495,-0.0064213339230558275
Cill Mobhí,Mayo,-0.4686998157467367,-2.6977937602862743,0.8832247406320276
Cionn Con,Mayo,-0.07192171921695292,0.04452786349078682,0.008016998790005317
Béal an Átha,Mayo,0.013860345248683785,0.01743347677342697,-0.07859729134458297
Damhliag Uachtarach,Meath,-0.006996291545271163,0.004492568359881746,0.03878386720139458
An Uaimh Íochtarach,Meath,0.118521881777217,-0.14938045232426192,-0.054940901825955686
Luíne,Meath,0.0,0.0,0.0
Cluain Mhic Dhuibh,Meath,0.228033215969664,-0.05185041632781573,0.161556459743278
Domhnach Seachnaill,Meath,-0.018110424324489914,0.034121200039414226,0.0359272904024216
Cill Bhríde,Meath,-0.5275672606344026,-2.92927573369832,0.9471870776608808
Coill Fhallúin,Meath,-0.005814648841794402,0.03186805099076262,-0.01368687421827267
An Seanchaisleán,Meath,-0.006338794198808865,0.000384881490178816,-0.0023443942237969207
Baile Phiarais,Meath,1.7309081377647506,-0.05354863784942842,0.18521032745946692
Baile an Scorlógaigh,Meath,1.69461380029829,-0.05208990102089315,0.18331450870854005
An Sián,Meath,-0.020578799998793692,0.03353667514148287,0.037080257129595895
Tailtin,Meath,0.0,0.0,0.0
Cill Bhearaigh,Meath,-0.4686998157467367,-2.6977937602862743,0.8832247406320276
Cill an Chairn,Meath,-0.47224388970041803,-2.7465081794938233,0.8986019477325532
Cill Chúile,Meath,-0.4988286894111274,-2.8691912022914576,0.938141058207997
An Cillín,Meath,-0.03907497264060083,0.00343799313305366,-0.012951320059889379
Martra,Meath,-0.01386824688913481,-0.0603607780482692,0.018217483080513373
Droim Conrach,Meath,-0.24973556993840113,0.22474171660894424,-0.10778259133207715
Droim Samhraidh Íochtarach,Meath,-0.1207405424394712,0.0814639763078222,-0.16820966905683454
Craobhóid,Meath,0.0,0.0,0.0
Ráth Brain Mór,Meath,-0.4641954467837862,1.8264014852423698,2.2520544382358314
Baile Rís,Meath,1.69461380029829,-0.05208990102089315,0.18331450870854005
Grianóg,Meath,0.0,0.0,0.0
Searnaí,Meath,0.0,0.0,0.0
Dún Seachlainn,Meath,-0.10581199953071796,0.11498407679962692,0.07340326963925684
Merrywell,Meath,0.0,0.0,0.0
Droim Rí,Meath,-0.2085932671930241,0.23403177520520957,-0.15060632340172703
Coill Chluana,Meath,-0.005814648841794402,0.03186805099076262,-0.01368687421827267
Ráth Faiche,Meath,-0.09146063836160417,0.1535105614800205,0.11807958402245658
An Coimín,Meath,-0.011956881049785104,-0.001340332692173814,-0.023815868037458596
Loch Gabhar Mór,Meath,-0.6301059065295885,1.9746362499511494,2.2324257156847054
Loch Gabhar Beag,Meath,-0.3836912317914159,-0.06850493287357157,0.1082629854865752
Baile an Phéacógaigh,Meath,1.69461380029829,-0.05208990102089315,0.18331450870854005
Baile an Racáin,Meath,1.69461380029829,-0.05208990102089315,0.18331450870854005
An Chloch Riabhach,Meath,-0.09819975580864215,0.03150307076444364,-0.022431030332165345
Baile an Chócaigh Mór,Meath,1.3504473731433397,1.622861592832198,2.3208155807638766
An Oirbhe,Meath,-0.009345996029626954,0.003990246023268169,-0.0004793205994781298
Baile Graí,Meath,1.7151371004240272,-0.040793270987975284,0.09981339223306257
Míonlach,Meath,0.0,0.0,0.0
Baile na gCailleach,Meath,1.7537672867833682,-0.09421255153393379,0.1548834553755738
Baile na gCanónach,Meath,1.7140458544768906,-0.05286566571195443,0.18257328590376443
Baile Mhárbhail,Meath,1.69461380029829,-0.05208990102089315,0.18331450870854005
Baile Riobaird,Meath,1.7367970991576742,-0.05375847010944825,0.1880525711712256
Baile an tSeomairlínigh,Meath,1.69461380029829,-0.05208990102089315,0.18331450870854005
An Bogán,Meath,-0.006485312276952662,0.0006069216670407119,-0.0024766102884482178
Lochán,Meath,-0.02375847664000765,0.06122296140410645,0.06358450550314391
Baile Chraibhil,Meath,1.69461380029829,-0.05208990102089315,0.18331450870854005
Taobh Urchair,Meath,-0.014933947048922125,0.000725274578374625,-0.006256987656476458
Gabhla agus An Sián,Meath,-0.03710220635362166,0.06958671667383211,0.08202900013836313
An Ghráinseach Gharbh,Meath,-0.06417732841049789,0.07342769696539017,0.06795758254953865
Baile Iúiliáin,Meath,1.69461380029829,-0.05208990102089315,0.18331450870854005
An tAgard Nua,Meath,0.36841364865521886,0.00962729630205496,0.08464399991359099
Cianóg,Meath,0.0,0.0,0.0
Dubhadh,Meath,0.0,0.0,0.0
Baile an Phrútartaigh,Meath,1.69461380029829,-0.05208990102089315,0.18331450870854005
Baile Nua na Manach,Meath,2.0775257986399773,-0.03434978599174786,0.35658801167055487
Baile Phaghain,Meath,1.7623513948847236,-0.05486510889106579,0.19208157688950814
Baile Uí Cheanainn,Meath,3.294656691324869,-0.10806838860125387,-0.03765615262000284
Carn Cóp,Meath,-0.03567833231530644,0.030990846410045413,0.023914673706764474
Diméin Bhaile Ghib,Meath,1.8189002539207173,-0.030462630101887156,0.2233532030137923
Stigh Colláin,Meath,-0.00938399711495903,0.0016092717371227734,-0.0026884414429850074
Baile Bhluindín,Meath,1.69461380029829,-0.05208990102089315,0.18331450870854005
Baile Phádraig,Meath,1.659213403787798,-0.22519441336602036,0.19563104833199357
Baile Philib,Meath,1.775277371501164,-0.04874293676222541,0.14784039352597309
An Grianán,Meath,-0.006338794198808865,0.00038488149017880223,-0.0023443942237969147
An Carn Bán,Meath,-0.051227069999345634,0.17474604588887271,-0.015096363697418593
Droim Samhraidh,Meath,-0.23926242421668822,0.23084442863208413,-0.11326876723087886
An Pháirc,Meath,-0.0016717149708233168,0.08391575013285363,0.07611270158750826
Baile Huigín,Meath,1.69461380029829,-0.05208990102089315,0.18331450870854005
Cill na gCailleach,Meath,-0.40954632926165857,-2.739916410799315,0.8547936872990614
Maigh Méid,Meath,-0.06129448868771816,0.020909454105248942,-0.022134907164818658
Ráth an Eallaigh,Meath,-0.14168666783046718,0.10862313386939829,0.08172179307131786
Baiscneach Íochtarach,Meath,0.118521881777217,-0.14938045232426192,-0.054940901825955686
Baile Uí Néill,Meath,3.2978222625205076,-0.08062791918424615,0.005124206791131479
Baile na Coille (Abbott),Meath,1.7584222320202405,-0.04418961307325697,0.14185529849856648
Cluain Uí Chaomháin,Meath,1.36252470315838,-0.001747748336633076,-0.10841651204033873
Maigh Fiachaire,Meath,-0.06129448868771816,0.020909454105248942,-0.022134907164818658
Cill Liatháin,Meath,-0.4686998157467367,-2.6977937602862743,0.8832247406320276
Baile an Réadaigh,Meath,1.742721430053759,-0.05405081440902333,0.18950540626895573
Ráth Chairn,Meath,-0.12357309358251745,0.10273557218172955,0.12993057328102015
An Bealach Buí,Meath,-0.1140346493326134,0.0394731088135398,0.009822086561130788
Fearann an Mhainéir (an chéad roinnt),Meath,-0.028042049699404107,-0.005413965045791283,-0.030439028710515105
Maidilín,Meath,-0.008925292594714437,0.0005447084746800277,-0.0033199489738795075
Cill na gCros,Meath,-0.4957936358747629,-2.7357503167497352,0.8495308397501415
Leac an Ais,Meath,-0.027489009500826295,-0.0023192240002322096,-0.008438842125731478
Mainistir Bheigthí,Meath,-0.030980600602027557,-0.0020594098739249466,-0.010603862517742025
Ardeaglais Pheadair agus Phóil,Meath,-0.01039329338555275,0.0007864271914632477,-0.003928823490271048
Tobar Bearráin,Meath,-0.09477715267177078,-0.012421135773137484,-0.04088235664606125
Lag na nAra,Meath,0.0,0.0,0.0
Lóiste na Máiteoige,Meath,0.0,0.0,0.0
Ráth na Seanadh,Meath,-0.12829602628772807,0.15524504075420925,0.11487582689388337
Baile an Ringéalaigh,Meath,1.69461380029829,-0.05208990102089315,0.18331450870854005
Prióireacht Mhuire,Meath,-0.03156069094448609,-0.10226987731672114,0.026758637246218846
An Bhóinn,Meath,0.0,0.0,0.0
Baile an Bhóthair,Meath,1.7357945062440205,-0.05309314566911897,0.18799825208959225
An Inse,Meath,0.01775267725592144,0.03475470191822405,0.009200280648681404
Baile Roibín,Meath,1.7103885234724667,-0.05203026078843415,0.18390112627710128
Cnoc Dhún Uabhair,Meath,-0.286150031860814,0.5704088586538414,-2.4002302019496065
An Abhainn Rua,Meath,-0.2728280493956571,0.30638482139599243,-0.3002887443451808
Baile Phaghain,Meath,1.7623513948847236,-0.05486510889106579,0.19208157688950814
Beigthigh,Meath,-0.006338794198808865,0.000384881490178816,-0.0023443942237969186
Cnóbha,Meath,0.0,0.0,0.0
An Cloigtheach Buí,Meath,-0.0756243791836535,-0.011017051424107954,-0.04966259627120616
An Lochán Mór,Meath,-0.3679249037949578,1.7361744552571976,2.2010855775584806
Beigthigh,Meath,-0.006338794198808865,0.000384881490178816,-0.0023443942237969186
Díseart Ciaráin,Meath,-0.020753957119355897,-0.0012483394259682078,-0.009535790473895496
Baile Ghrianáin,Meath,1.69461380029829,-0.05208990102089315,0.18331450870854005
Cill Fhiaich,Meath,-0.4686998157467367,-2.6977937602862743,0.8832247406320276
Cill Scíre,Meath,-0.49009751532619744,-2.8189001978729915,0.9220041010168513
Ráth an Mhábaigh,Meath,-0.12002901962883608,0.15144999138927867,0.1145533661804946
Baile Raithin,Meath,1.701054376862903,-0.04459582993794108,0.1859420664880029
An Ráth Mhór,Meath,-0.4641954467837862,1.8264014852423698,2.2520544382358314
Baile Uí Rodáin,Meath,3.308406033423818,-0.112233102336354,-0.04697752032080132
Baile Shláine,Meath,1.69461380029829,-0.05208990102089315,0.18331450870854005
Reilig Mhuire,Meath,-0.04433098879081526,-0.10205701712379664,0.024141533847049434
Buíonach,Meath,0.0,0.0,0.0
Cill Mhaighneann,Meath,-0.4686998157467367,-2.6977937602862743,0.8832247406320276
Cill Scíre,Meath,-0.49009751532619744,-2.8189001978729915,0.9220041010168513
Cnoc na Mí,Meath,-0.25560770014270295,0.5048279488246118,-2.340518539024928
An Ros,Meath,-0.1167950762635073,0.13964003817674042,0.12691140728093475
Baile Uilcín,Meath,1.69461380029829,-0.05208990102089315,0.18331450870854005
Abhainn Scéine,Meath,-0.11375116274106617,0.13995055615542817,0.11119854415019738
Cluain Aodha,Meath,-0.13917287380801224,0.12218219127750499,0.09497532868838315
Baile Íomhair,Meath,1.69461380029829,-0.05208990102089315,0.18331450870854005
Dún Uabhair,Meath,-0.12590616381945824,0.1329879240363947,0.02039140709008317
Achadh na Muileann,Monaghan,-0.08783730173984913,0.04857810042309069,0.03194236605621624
An Chill Mhór,Monaghan,-0.4131151071152203,1.7535111159249654,2.1877176618617704
Droim Uascaid,Monaghan,-0.24973556993840113,0.22474171660894424,-0.10778259133207715
An Sráidín,Monaghan,0.0,0.0,0.0
Trostán,Monaghan,0.0,0.0,0.0
An Bac Uachtarach,Monaghan,-0.006996291545271163,0.004492568359881746,0.03878386720139458
An Bhreaclaigh,Monaghan,0.0,0.0,0.0
An Chorr Liath,Monaghan,-0.11908661645820001,0.015966257764549418,-0.05506923991678829
Doire Ólaim,Monaghan,-0.13911794214094428,-0.03723887300969581,0.02158124180650758
Na Loiste,Monaghan,-0.026021489415254274,0.04796254345313959,-0.003868889300498237
Tír an Gharbháin,Monaghan,-0.024690175948113433,0.024218307997487063,0.02157727558241321
Na Feartacha,Monaghan,0.0,0.0,0.0
Cruabhar,Monaghan,0.0,0.0,0.0
An Chuileanntrach Dhubh,Monaghan,-0.15866467893960645,0.11732198266000554,-0.1433845970878179
An Dromainn Riabhach,Monaghan,-0.08574153959509864,0.03438348987412489,-0.02344348928572533
Tuaisceart,Monaghan,0.0,0.0,0.0
Achadh an Bhile,Monaghan,-0.06155197330691472,0.031668626270343,-0.05022939961023178
Corr Dhromainne Íochtarach,Monaghan,0.04370272057068149,-0.15478181060057977,-0.10698837454845439
Leamhchoill Íochtarach,Monaghan,0.11138386556165648,-0.15200929953922104,-0.05946837773910394
Eanach Ian,Monaghan,-0.016044727128312623,0.0034236118824175527,-0.006557812054994675
An Líg,Monaghan,0.0,0.0,0.0
Cluain Mionnáin,Monaghan,-0.18719487351698474,0.16011892890503346,0.08011326707767512
Mullach Loiste,Monaghan,-0.11408368428003826,0.2122248001195245,0.1708815502886688
An Chorr Liath,Monaghan,-0.11908661645820001,0.015966257764549418,-0.05506923991678829
An Dumha,Monaghan,-0.034371577744950026,0.03185829382505404,-0.011189008724792593
Lios an tSeileastair,Monaghan,-0.13306498076832848,0.06950047966612027,-0.118613693727156
An Churchaisigh Bhán,Monaghan,-0.05686727310462738,0.02767061619201678,0.0036353924518507433
An Churchaisigh Dhubh,Monaghan,-0.142402071318153,0.07950423822824801,-0.1830214742340618
Mullach an tSleamháin,Monaghan,-0.08806219486478399,0.16426225666638491,0.17475043958916703
Caonaire Buí,Monaghan,-0.06762947783288713,-0.012045279836913569,-0.046953463768251116
Corr Mhaí Uachtarach,Monaghan,-0.09699802825839757,-0.06129003099774681,0.00464509473575039
An Táite Buí,Monaghan,-0.08333781946327495,-0.009451299855332478,-0.05600310853335291
An tIúr Beag,Monaghan,-0.09775175241677742,-0.36818968897162985,0.013338341857206344
Doire,Monaghan,-0.13911794214094428,-0.03723887300969581,0.02158124180650758
Lios an Charnáin,Monaghan,-0.13306498076832848,0.06950047966612027,-0.118613693727156
Corr an Bhealaigh,Monaghan,-0.06727578479467698,-0.050454185331907334,-0.04024055146518975
Aimhréidh,Monaghan,-0.00815875745643669,0.0004136807926306299,-0.004146623116090378
Doire na Leamhánach,Monaghan,-0.13911794214094428,-0.03723887300969581,0.02158124180650758
Droim Muc,Monaghan,-0.28410930300219456,0.24089454203074068,-0.16245769966272017
Céide na gCuileann,Monaghan,0.0,0.0,0.0
Tulaigh na Cruithneachta Theas,Monaghan,-0.03893034660842476,0.012005793874034235,0.004908119875640687
An Mullach Dubh,Monaghan,-0.23046426618293697,0.24376649489463292,-0.00827103464489476
Tulaigh na gCnó,Monaghan,-0.0728433235897567,0.1016877744386841,0.09581698370344735
Carraig an Tí,Monaghan,-0.13151231715397055,0.00873620995629949,-0.1276016379494362
Áth na gCliabh,Monaghan,-0.09809642914959553,0.04864902273209421,-0.03296400008941896
Cora Ghearta,Monaghan,-0.011617931452679512,0.029681399960570905,-0.08690475283658945
Cionn Cuincil,Monaghan,-0.04514606005422327,0.04074397069533861,0.016867418762605328
Doire Chraobhaí,Monaghan,-0.13911794214094428,-0.03723887300969581,0.02158124180650758
Maigh Rátha,Monaghan,-0.07071703244980818,0.04009261797583971,-0.06970630051742957
Droim Dhá Chon,Monaghan,-0.23678896660255114,0.22901422444939884,-0.10980809650769421
An Sceiridh Mhór,Monaghan,-0.34416642715495016,1.6749514938530912,2.1375010720553367
Cluain Troim,Monaghan,-0.20511539048837946,0.16542447210999822,0.07797912655684319
An Chorr Liath,Monaghan,-0.11908661645820001,0.015966257764549418,-0.05506923991678829
Droim Chríocháin,Monaghan,-0.24973556993840113,0.22474171660894424,-0.10778259133207715
Duibhleann,Monaghan,0.0,0.0,0.0
Eochaill,Monaghan,0.0,0.0,0.0
An Táite Riabhach Theas,Monaghan,-0.05773900905418305,-0.04964921557753259,-0.10605011196096867
Corr na hUamha,Monaghan,-0.0748191612065355,-0.005401358276317856,-0.05204747272249871
Tamhnaigh Ghlasáin,Monaghan,-0.01097432847002842,0.00530881415128583,-0.012620071332355466
Láithreach,Monaghan,-0.0135995093776311,0.0008377379607584825,-0.0051116285325735235
An Chorr Dhubh,Monaghan,-0.19448356018318763,0.0883790688045829,-0.21215437909229387
Droim Bréan,Monaghan,-0.26329384603391837,0.23149276633650578,-0.11228614652216572
Cionn Dubh,Monaghan,-0.18754813137237628,0.12024820892358662,-0.16615405547145645
Lios Cuileannáin,Monaghan,-0.13306498076832848,0.06950047966612027,-0.118613693727156
Barr Dóiteáin,Monaghan,-0.043267971553663666,0.003642995510143226,-0.030379896142851182
An Claí Domhain,Monaghan,-0.02580388283395852,0.013959315736284578,-0.007995502599106712
Cluain Eadargóil,Monaghan,-0.18719487351698474,0.16011892890503346,0.08011326707767512
Liagar,Monaghan,0.0,0.0,0.0
Tír Choininse,Monaghan,-0.024690175948113433,0.024218307997487063,0.02157727558241321
An Chorr Shaileogach,Monaghan,-0.05208148886503464,0.00887483057633489,-0.029132904858232094
Achadh Riabhach Thiar,Monaghan,0.08655812558872185,0.11829589507287737,0.07722402227293333
Áth na bhFiach,Monaghan,-0.1272619876571937,0.05495758493715362,-0.04242123880117062
Droim an Mhíl,Monaghan,-0.2659492774169062,0.2359942600370615,-0.10789277312147481
Droim Srian,Monaghan,-0.24973556993840113,0.22474171660894424,-0.10778259133207715
Corr Sceitheach,Monaghan,-0.08637178184921421,-7.763567587538295e-05,-0.05811278418903343
Áth an Tí Duibh,Monaghan,-0.13099624470984017,0.05817780184274962,-0.05010285624750642
An Chúlchoill Thiar,Monaghan,0.2221812633972224,0.06204924662609122,0.08674435972239468
Corr Chaorthainn,Monaghan,-0.08931445519369574,0.006616440415186031,-0.10652736082415301
Droim Eanaigh,Monaghan,-0.281848995988879,0.2434109617035003,-0.11572989288072313
Droim Dhearcan,Monaghan,-0.24973556993840113,0.22474171660894424,-0.10778259133207715
Droim Uilcín,Monaghan,-0.24973556993840113,0.22474171660894424,-0.10778259133207715
Droim Bórais,Monaghan,-0.24973556993840113,0.22474171660894424,-0.10778259133207715
Cluain Fada,Monaghan,-0.2764435220351902,0.19755756402253022,0.03266650847085242
Cluain Riabhach,Monaghan,-0.24793531855366235,0.1873343111745723,0.07428763180285498
Lios Teileáin,Monaghan,-0.13306498076832848,0.06950047966612027,-0.118613693727156
Corr an Aoire,Monaghan,-0.08732891021953339,-0.0015964347662715383,-0.0538145092076699
Fastraigh nó Ráth Críocháin,Monaghan,-0.12002901962883608,0.15144999138927867,0.1145533661804946
Coillidh Ghráige,Monaghan,-0.02007308649170125,0.0014330335852189254,-0.007815440518716339
Ráth Céin,Monaghan,-0.12002901962883608,0.15144999138927867,0.1145533661804946
Dún Draighneáin,Monaghan,-0.10581199953071796,0.11498407679962692,0.07340326963925684
Cluain Comhraic,Monaghan,-0.20034652860641514,0.17368712835416403,0.023023008814339316
Na Loiste,Monaghan,-0.026021489415254274,0.04796254345313959,-0.003868889300498237
Baile an Mhuilinn,Monaghan,1.7276557869356277,-0.11398097160013715,0.2140849491906401
Droim Lú Thuaidh,Monaghan,-0.25092002625641024,0.33497859828694293,0.05625866699482443
Ráth Thír Bhán,Monaghan,-0.17689629273346347,0.17912060758129544,0.11818875863234533
Machaire Airne,Monaghan,-0.03931468877591828,0.0029597536115502816,-0.012456917390016652
An Currach Dubh,Monaghan,-0.19672433125206204,0.13838211867809747,-0.15620613340804554
Doire na Sealga,Monaghan,-0.13911794214094428,-0.03723887300969581,0.02158124180650758
Gort Muine,Monaghan,-0.18164467743257431,0.21110841951250178,0.09745396830759445
Inis Duibhlin,Monaghan,-0.08352279784733851,0.054616364896986604,0.0349675462743042
An Tulaigh Ard,Monaghan,-0.11288243647841886,0.19473663204593106,0.12139544728217183
Doire na Muc,Monaghan,-0.17349167520473768,-0.021086047587899386,-0.03309386652413544
Doire Bhoithe,Monaghan,-0.13911794214094428,-0.03723887300969581,0.02158124180650758
An Glasmhullach,Monaghan,0.0,0.0,0.0
Coill Chorráin,Monaghan,-0.0010072526625406822,0.033363817369693766,-0.02601361417134887
Mullach Bhriain,Monaghan,-0.06769645487521324,0.16213958939417186,0.1740863884166721
Baile Leice,Monaghan,1.7124495927608712,-0.05192986197378561,0.18033544653363986
An Chúlchoill Thoir,Monaghan,0.10545865069165061,-0.28525778960365517,0.10429600488056995
Droim Seannaigh,Monaghan,-0.24973556993840113,0.22474171660894424,-0.10778259133207715
An Ghlasdromainn,Monaghan,-0.016267725641782894,0.03472796396834042,0.04072165805253407
Doire an Airgid,Monaghan,-0.1558164229079541,-0.02369167162929002,-0.02940941091809664
Cadach,Monaghan,0.0,0.0,0.0
Droim Loinne,Monaghan,-0.24973556993840113,0.22474171660894424,-0.10778259133207715
An Sliabh Rua,Monaghan,-0.22193876424973907,0.17355516943141713,-0.4536776226309806
An Taobh Tapach,Monaghan,-0.014933947048922125,0.000725274578374625,-0.006256987656476458
Achadh na Saothrach,Monaghan,-0.08132250788784602,0.025340506250469932,-0.003903889349688423
An Mhaigh Íochtarach,Monaghan,0.11368667077843514,-0.15228293243452662,-0.05928500539074821
An Seanmhullach,Monaghan,0.0,0.0,0.0
Corr Dhuibhlis,Monaghan,-0.0748191612065355,-0.005401358276317856,-0.05204747272249871
Cionn Garbhaí,Monaghan,-0.04514606005422327,0.04074397069533861,0.016867418762605328
An Dromainn,Monaghan,-0.025001094558421023,0.007168107604586031,-0.01761785401090519
Mullach Glasáin,Monaghan,-0.08806219486478399,0.16426225666638491,0.17475043958916703
An Seanrú,Monaghan,0.0,0.0,0.0
Scéatraigh,Monaghan,0.0,0.0,0.0
Áth na Cloiche,Monaghan,-0.05073165806139811,0.05813607015633007,-0.02869764552072985
Fionntulaigh,Monaghan,0.0,0.0,0.0
Cluain Caoin,Monaghan,-0.2358131531520811,0.22418675211325106,0.12373623519543553
Mullach na Cásca,Monaghan,-0.08806219486478399,0.16426225666638491,0.17475043958916703
Ráth Flacana,Monaghan,-0.12002901962883608,0.15144999138927867,0.1145533661804946
Táite na nGall,Monaghan,-0.03032802022978122,0.00676860536457796,-0.017049432928795086
Cúil Leatáite,Monaghan,-0.06583727197547709,0.05210114189106243,-0.02861528361049199
Corr an Tóchair,Monaghan,-0.08955781726687567,-0.0037381998995440844,-0.060440808487827916
Doire Chuais,Monaghan,-0.15834672248631093,-0.032844985126327296,0.016327389625320272
An Díseart,Monaghan,-0.020753957119355897,-0.0012483394259682078,-0.009535790473895496
Doire Mheitheán,Monaghan,-0.13911794214094428,-0.03723887300969581,0.02158124180650758
Mullach Péice,Monaghan,-0.08806219486478399,0.16426225666638491,0.17475043958916703
Sceith na gCeann,Monaghan,-0.02793000463191808,0.011425571275025964,-0.009633654591371896
Tamhnaigh Uí Ghairbhíth,Monaghan,1.5534242980591513,-0.05582976748726558,-0.23307715680225302
Corr Chláir,Monaghan,-0.06315148664106837,-0.005254601588380407,-0.054311453952633364
Droim Chonrach,Monaghan,-0.24973556993840113,0.22474171660894424,-0.10778259133207715
Bealach Neamhain,Monaghan,-0.04640517149972627,0.05151838865045337,0.056775550329381905
Coill Bheithigh,Monaghan,-0.005814648841794402,0.03186805099076262,-0.01368687421827267
Mullach Shiurdáin,Monaghan,-0.052566892860274876,0.16796990616477595,0.18315269668796558
Achadh Clochach,Monaghan,-0.09489458793707478,0.027273950819453222,-0.006086788259756092
Coill an Locha,Monaghan,0.060027404253019515,0.050128677490389066,-0.05268478289703487
Cill Tiobraide,Monaghan,-0.4903386599529715,-2.7477597173259802,0.9028384436777588
Tulaigh Ghiolláin,Monaghan,-0.05764012422130716,0.09146437170268677,0.09608295179668742
Tulaigh na nAirne,Monaghan,-0.05764012422130716,0.09146437170268677,0.09608295179668742
Eanach Átha,Monaghan,0.039342067818116125,0.01174594663005578,-0.038927236846905064
Dún Allaráin,Monaghan,-0.10581199953071796,0.11498407679962692,0.07340326963925684
Coill Uí Chonnagáin,Monaghan,1.5502741667473507,-0.02544214674369142,-0.23411595205767768
Coill Dhrúchtáin,Monaghan,-0.005814648841794402,0.03186805099076262,-0.01368687421827267
Sceith Ghairbhíth,Monaghan,-0.006680163384320091,0.0006280079715044116,-0.0025102307988719968
Achadh na gCloch,Monaghan,-0.08748996453814721,0.05762307801538011,0.03135589677055688
Béal Átha na nGall,Monaghan,-0.0007593333507096133,0.02160810215642384,-0.08659707950827626
Corr Aonghasa,Monaghan,-0.0748191612065355,-0.005401358276317856,-0.05204747272249871
Lios Liatroma,Monaghan,-0.13306498076832848,0.06950047966612027,-0.118613693727156
Tamhnaigh Scafaí,Monaghan,-0.0026645175299939918,0.0014804302471884642,-0.012648078962848006
Achadh Gá,Monaghan,-0.08132250788784602,0.025340506250469932,-0.003903889349688423
Achadh na hUinseann,Monaghan,-0.08132250788784602,0.025340506250469932,-0.003903889349688423
An Bhothach,Monaghan,0.0,0.0,0.0
Ceathrú Tháite,Monaghan,-0.06226065343957992,0.03472444658878582,0.03274964974736275
Droim Sleamhóg,Monaghan,-0.24973556993840113,0.22474171660894424,-0.10778259133207715
Grafach,Monaghan,0.0,0.0,0.0
Srath Croinnín,Monaghan,-0.045050942034067835,0.0022389903623097947,-0.019478073674890108
Doire na Gabhla,Monaghan,-0.15564134849577224,-0.0011888314773465733,0.06652998481527482
Achadh na Míne,Monaghan,-0.09314713368821285,0.03208729629428025,-0.005223181900520066
Corr Bhlonaige,Monaghan,-0.0748191612065355,-0.005401358276317856,-0.05204747272249871
Cnoc Bhaile Uí Ruanaidh,Monaghan,2.9950949157447324,0.39542785006926456,-2.377633108155793
An Mullach Mór Thuaidh,Monaghan,-0.4334130783377433,1.9494506321974747,2.4762927699714057
An Garrán Íochtarach,Monaghan,0.10191731542462618,-0.10230571148636408,-0.022767035963622693
Liatroim,Monaghan,-0.012891435979331968,0.0014371956494392938,-0.00477239867075669
Táite Mhuileann an Úcaire,Monaghan,-0.02884645581675253,0.00853791910578569,-0.012038258332082196
An Chorr Fhada,Monaghan,-0.14133013738324005,0.046313465693831664,-0.07657966346505479
Mullach Mhuineacháin,Monaghan,-0.08806219486478399,0.16426225666638491,0.17475043958916703
Rúscaigh,Monaghan,-0.00993143973287342,-0.007134214349910111,-0.004447891878692785
Tulaigh na Sceach Thoir,Monaghan,0.025980296447542094,-0.17326825366363297,0.15471335546919474
Abhainn an Chontae,Monaghan,-0.11375116274106617,0.13995055615542817,0.11119854415019738
An Abhainn Mhór,Monaghan,-0.45791758989601633,1.8149020500085193,2.248699616205534
Achadh an Bhrúim,Monaghan,-0.08132250788784602,0.025340506250469932,-0.003903889349688423
Droim Goireadh,Monaghan,-0.24973556993840113,0.22474171660894424,-0.10778259133207715
An Chorr Mhín,Monaghan,-0.08965889496233126,0.04058422647301208,-0.13452214810730365
Garrán Anketell,Monaghan,-0.01660456635259082,0.047074740837897845,0.03217386586233299
Glasloch,Monaghan,0.0,0.0,0.0
An Seisceann,Monaghan,-0.011327596892309173,0.000694628809161457,-0.004236112940358229
Tulaigh Charbaid,Monaghan,-0.05764012422130716,0.09146437170268677,0.09608295179668742
Scairbh na gCaorach,Monaghan,-0.02947676258009752,0.012790695483610129,-0.006212452137415437
Achadh Bog,Monaghan,-0.08132250788784602,0.025340506250469932,-0.003903889349688423
Seantonnach,Monaghan,0.0,0.0,0.0
Tigh Damhnata,Monaghan,-0.02728851381802915,-0.00038336109311396443,-0.029786921046230715
Cois Abha Móire agus Cois Bhríde,Waterford,-0.09558711219305824,-0.23463022527688146,0.05179944217780671
Drom Conáin,Waterford,-0.06347578766995841,0.022744571245361837,0.011801381810682344
Cill Mhíodáin,Waterford,-0.49009751532619744,-2.8189001978729915,0.9220041010168513
Cill Molaise,Waterford,-0.4686998157467367,-2.6977937602862743,0.8832247406320276
An Caisleán Nua,Waterford,0.39297117980087554,0.008316635307744234,0.049163572706033005
An tSráidbhaile,Waterford,0.0,0.0,0.0
An Chreathánach Theas,Waterford,0.018709777612882398,-0.07945857782865254,-0.09117483192104674
An Pháirc,Waterford,-0.0016717149708233168,0.08391575013285363,0.07611270158750826
Baile Hoiste,Waterford,1.7821896162861321,-0.06135009024160863,0.1966989564280931
An Bhuaile Bheag,Waterford,-0.12844426432867878,-0.37758347197156733,0.003909784084245794
An Chorr Dhubh,Waterford,-0.19448356018318763,0.0883790688045829,-0.21215437909229387
Cúil na Laingide,Waterford,-0.06583727197547709,0.05210114189106243,-0.02861528361049199
Buaile Bhriain Uachtarach,Waterford,0.003977655117425222,-0.001044611258185231,0.024901324592506636
Páirc an Fhiaigh,Waterford,-0.010805028385745846,0.08651486146581444,0.0721092091673141
An Gleann Uachtarach,Waterford,-0.1393735660277442,0.10420897931015102,0.1216889897429282
An Bhuaile,Waterford,-0.03069251191190136,-0.0093937829999375,-0.00942855777296055
An Chathair Bhán,Waterford,-0.12574032962281667,0.05279652585950045,-0.029452421264005598
An Scrabhtae Thiar,Waterford,0.22862107851324548,0.06574000655286857,0.08695354689744189
An Spá,Waterford,-0.01779037535072675,0.013683930065721253,-0.05103137167635604
Móin na mBian,Waterford,0.031029865667612053,0.0067399218711815196,-0.06465827384659488
Móin an Fhia,Waterford,-0.0019282015731233795,-0.01829206288046658,-0.0924130495116749
Cill Cholmáin,Waterford,-0.526233625041413,-2.990739287074534,0.9815753580022152
Cnoc na Málaí,Waterford,-0.25560770014270295,0.5048279488246118,-2.340518539024928
Cúil na Sméar Uachtarach,Waterford,-0.07283356352074825,0.056593710250944174,0.010168583590902593
Baile Uí Loimín,Waterford,3.2507026158874353,-0.10940009875534719,-0.03711456913086497
Coill Bhaile Uí Loimín,Waterford,3.2448879670456408,-0.07753204776458457,-0.050801443349137644
Baile Uí Ghadhra Thoir,Waterford,3.4342941699474694,-0.4002052001996592,0.06096811243862742
An Charraig Rua,Waterford,-0.22556307769293515,0.19775133529017883,-0.41395873590929666
An Láithreach,Waterford,-0.0135995093776311,0.0008377379607584825,-0.0051116285325735235
Béal Átha an Mhargaidh,Waterford,0.013860345248683785,0.01743347677342697,-0.07859729134458297
Baile an Randalaigh,Waterford,1.69461380029829,-0.05208990102089315,0.18331450870854005
Cill Loinín Thoir,Waterford,-0.356801349939063,-2.979360789963152,0.9877299326876448
Cnoc Uí Uallacháin Thoir,Waterford,1.5262394613314956,0.16676928644437544,-2.513472000644075
Na hAcraí,Waterford,0.0,0.0,0.0
Baile na Cúirte,Waterford,1.69461380029829,-0.05208990102089315,0.18331450870854005
Cnoc na gCránach,Waterford,-0.25560770014270295,0.5048279488246118,-2.340518539024928
Loch an Uisce,Waterford,-0.3178110340551096,0.23244491126233913,0.008765614649689973
An Scairt,Waterford,-0.013695961792448162,0.000925810873836321,-0.0043241634912526425
Sliabh an Duibhleasa,Waterford,-0.06286187759514815,0.007120904190852835,-0.042190334135602414
Tulach Cúil Mhór,Waterford,-0.45344251810374203,1.6679967754535663,2.1658754113201932
An Baile Nua,Waterford,2.0577005897353513,-0.04324576915499155,0.26643283718051813
Móin na gCailleach Thoir,Waterford,0.20208181796036384,-0.31694975831873695,0.011415864876056035
Baile an Iúir,Waterford,1.714886165861628,-0.05102026678003088,0.18809240324464735
Bán an tSeanbhóthair,Waterford,-0.01554873768403919,0.1437551994788273,-0.03901103740418307
An Bansa,Waterford,-0.006338794198808865,0.0003848814901788096,-0.0023443942237969173
Cill Riain Íochtarach,Waterford,-0.3501779339695197,-2.847174212610536,0.8282838388060719
An Cheathrú Gharbh,Waterford,-0.11506313698765933,0.1269518932050549,0.11726035569100676
An Cheathrú Gharbh Mhór,Waterford,-0.4592295641426095,1.8019033870581462,2.2547614277463435
An Gleann Uachtarach,Waterford,-0.1393735660277442,0.10420897931015102,0.1216889897429282
Barr na Léithe,Waterford,-0.043267971553663666,0.003642995510143226,-0.030379896142851182
Cill Chuana,Waterford,-0.4686998157467367,-2.6977937602862743,0.8832247406320276
Baile na mBialach,Waterford,1.69461380029829,-0.05208990102089315,0.18331450870854005
Páircín Fliuch,Waterford,-0.010101166208020882,0.0017219300084594898,-0.0013322764343545567
Stocalán,Waterford,0.0,0.0,0.0
Cill Chonáin,Waterford,-0.4686998157467367,-2.6977937602862743,0.8832247406320276
Baile Liam,Waterford,1.806451335523604,-0.03637609223930453,0.2412111520849224
Móin na Circe,Waterford,0.031029865667612053,0.0067399218711815196,-0.06465827384659488
An Chruach,Waterford,0.0,0.0,0.0
Baile Uí Leannáin,Waterford,3.3622892420268946,-0.11361441885135701,-0.04753963372316072
Baile na Fuinseoige,Waterford,1.7077673253134955,-0.04949983949166752,0.18512120398332765
Gráig an Rois,Waterford,-0.028166445256149857,-0.10052884710062672,0.02182059675698912
Baile Uí Loingsigh,Waterford,3.2507026158874353,-0.10940009875534719,-0.03711456913086497
Cill Dubháin,Waterford,-0.48274392253194776,-2.758098672685622,0.9014328642592795
Gráig Sheoinín,Waterford,0.0024569222341670714,-0.0034888991927297854,-0.0031247327956242426
Carraig na nÓinseach,Waterford,-0.0904079724765469,0.0005440943008651592,-0.11445111458367516
Baile an Fhaoitigh,Waterford,1.768693381434689,-0.05509671636972771,0.19198134771521613
Lios na gCaorach,Waterford,-0.162541743348426,0.0822911751497304,-0.12482614586457143
Baile na Siosalach,Waterford,1.69461380029829,-0.05208990102089315,0.18331450870854005
Carraig Mhuirne,Waterford,-0.0904079724765469,0.0005440943008651592,-0.11445111458367516
An Baile Nua,Waterford,2.0577005897353513,-0.04324576915499155,0.26643283718051813
Tigh an Chnoic,Waterford,-0.029962899900667483,0.006641438118582092,-0.03589119667091578
An Curraichín,Waterford,-0.011327596892309172,0.0006946288091614713,-0.004236112940358225
An Seisceann,Waterford,-0.011327596892309173,0.000694628809161457,-0.004236112940358229
An Gaorthadh,Waterford,0.0,0.0,0.0
Cnoc an tSeabhaic,Waterford,-0.25560770014270295,0.5048279488246118,-2.340518539024928
Baile Uí Fheacháin,Waterford,3.3488059858812784,-0.11394189568684282,-0.041187051759715106
Belleville,Waterford,0.0,0.0,0.0
An Slogaire,Waterford,0.0,0.0,0.0
Cnoc an Leathara,Waterford,-0.25560770014270295,0.5048279488246118,-2.340518539024928
An Baile Nua,Waterford,2.0577005897353513,-0.04324576915499155,0.26643283718051813
Inse Bhaile Uí Reachtúir,Waterford,3.2684552931433566,-0.07464539683712314,-0.027914288482183566
Cúil an Dalláin Íochtarach,Waterford,0.02428446809840277,-0.19934038242905908,-0.05132645963508017
Gleann an Chnocáin Thoir,Waterford,0.03559683553627813,-0.18770837549186498,0.19700148168283324
Ladhar na Caillí Thoir,Waterford,0.12663263759636284,-0.34929259838562776,0.12526872272836884
Móin na Lobhar Íochtarach,Waterford,0.14955174744482905,-0.1426405304530804,-0.11959917567255057
Móin na mBan Uachtarach,Waterford,-0.003731824189514281,-0.033816876793523146,-0.01630399939794576
An Muine Gorm Thuaidh,Waterford,-0.05421970242006002,0.18717839276735257,0.17067332832815668
An Muine Gorm Theas,Waterford,-0.034325468489168495,-0.0025170667392986415,-0.08454276191979164
Tuar na gCopóg,Waterford,-0.04226303414184264,0.05937520235045115,0.06250996318425725
Sliabh Leic Dhobhráin,Waterford,-0.08761703592191958,0.01908090379257958,-0.09617071677534053
Sliabh an Leasa Léith,Waterford,-0.041969309055065296,0.010137530546397884,-0.04369236467834714
Cnoc an Mhíligh,Waterford,-0.25560770014270295,0.5048279488246118,-2.340518539024928
An Ros,Waterford,-0.1167950762635073,0.13964003817674042,0.12691140728093475
An Cnocán Thoir,Waterford,0.06841409915824873,-0.27795120964627196,0.05985569288899764
An Ladhar Thoir,Waterford,0.10664931040996535,-0.29415732073952766,0.10619815485960366
Sáiltiobraid,Waterford,0.0,0.0,0.0
Áth Mheáin,Waterford,-0.11344023268441736,0.048385834847981965,-0.03982275346468797
Baile Átha na hAbha Riabhaí,Waterford,1.8408427641375988,-0.04480815283910817,0.16336274838849774
Cloch Dá Thine,Waterford,-0.006167456650301191,0.03228257176491017,0.03525978612024531
Cúil Eoghain Bheag,Waterford,-0.17936795688464865,-0.3646200370062985,-0.0072272853413758165
An Currach Riabhach Thuaidh,Waterford,-0.1162471612885958,0.196330144397387,0.1850309638780977
An Phailís,Waterford,-0.005450619071651336,-0.008610678406005243,-0.0022305927076200454
An Dúcharraig,Waterford,-0.008925292594714437,0.0005447084746800313,-0.0033199489738795092
Cnoc na Brón,Waterford,-0.2731084029375382,0.5203737730718166,-2.395346997950703
Cill Chocáin,Waterford,-0.4686998157467367,-2.6977937602862743,0.8832247406320276
An Chillíneach Thuaidh,Waterford,-0.0011844563180091337,0.11023688167799868,0.16404125832690158
Baile na mBodach,Waterford,1.7920391887771303,-0.05608717568766562,0.1954752487407625
Cnoc na Rátha,Waterford,-0.26503024390479296,0.5240111126952025,-2.388089932377539
Cill Uachtar Maí,Waterford,-0.5183701432657535,-2.9421636719549813,0.9582041040337305
Tír Chuilinn Uachtarach,Waterford,-0.05132265464710575,0.05402983300219041,-0.030490323705763864
Baile Uí Aodha Thoir,Waterford,3.4106230814040814,-0.42890386605975345,0.08225268453546022
Baile na Sagart Beag Thoir,Waterford,1.7488305022920878,-0.6957362842284783,0.22296601412326497
Braighdeán Íochtarach,Waterford,0.118521881777217,-0.14938045232426192,-0.054940901825955686
Lios Mór,Waterford,-0.47723140792327867,1.7444519735192114,2.0188873783281807
Muine Troim Íochtarach,Waterford,0.07410197808511067,-0.08593209844131869,-0.0018566310896433237
An Cheathrú Láir,Waterford,-0.03010626594753644,0.09946073761902527,0.036068207733246586
An Cnoc Bán,Waterford,-0.27115643782674215,0.6485831483034391,-2.3795295764291113
Tobar na hUla,Waterford,-0.09477715267177078,-0.012421135773137484,-0.04088235664606125
An Garrán Uachtarach,Waterford,-0.023600857897861982,0.05156730919777959,0.07095773306372757
Baile Uí Fheacháin,Waterford,3.3488059858812784,-0.11394189568684282,-0.041187051759715106
Béal an Átha,Waterford,0.013860345248683785,0.01743347677342697,-0.07859729134458297
Clós na Tiníleach,Waterford,0.0,0.0,0.0
An Mhóin Fhionn,Waterford,-0.08820943540797688,0.21995780684076074,0.2021033367135414
Na Burgáistí Thoir,Waterford,0.11189846580767368,-0.2815670296768778,0.10450519205561716
Fearann tSeoinín,Waterford,-0.028042049699404107,-0.005413965045791283,-0.030439028710515105
An tOileán Beag,Waterford,-0.17846320759140505,-0.2954155636185966,0.008611418052399695
Pointe na Síge,Waterford,-0.02248425599258497,0.03179516300735036,0.016232061107751987
Cúil na gCopóg,Waterford,-0.07378497293510115,0.05493236296421867,-0.030135209564611756
An Chathair,Waterford,-0.06887305651818929,0.025125909667483667,-0.03308781371585634
Baile na Móna,Waterford,1.725643665965902,-0.04534997914971163,0.11865623486194517
Baile an Dodaigh,Waterford,1.69461380029829,-0.05208990102089315,0.18331450870854005
Dubháth,Waterford,-0.006338794198808865,0.00038488149017880825,-0.0023443942237969164
Áth Scortha Mór,Waterford,-0.4422628563045457,1.7236005165851853,2.1045370719659178
An Ghléib,Waterford,-0.03874097762943806,-0.0019058849035651173,-0.01420874772834608
Cnocán Uí Churraoin,Waterford,1.5264587447187297,-0.043151415666119436,-0.32808246788970397
Baile an Locha Beag,Waterford,1.6627041009763264,-0.40201896349289656,0.1576549418869842
Baile Sheoinín,Waterford,1.7156148130656772,-0.0555458797620398,0.18710509759279456
An Chaológ,Waterford,-0.011327596892309173,0.000694628809161451,-0.004236112940358235
Ard Uí Anluain Thoir,Waterford,1.6303859883402922,-0.23711498561671276,-0.09239840433576167
An Corrbhaile Beag,Waterford,-0.11689999335208749,-0.3718662866527693,0.009969990671404385
Gráig an Roide,Waterford,-0.02818798907456987,0.003956584308741588,-0.0075556341417449034
Cnocánach,Waterford,0.0,0.0,0.0
Móin Bhaile Dhiarmada,Waterford,1.7423424310700728,-0.043952598978786735,0.11982216026551758
Cruabhaile Uachtarach,Waterford,-0.006996291545271163,0.004492568359881746,0.03878386720139458
Cill Bhríde Theas,Waterford,-0.5088574830215202,-3.0087343115269727,0.8560122457398341
Móin Mhothóige,Waterford,0.031029865667612053,0.0067399218711815196,-0.06465827384659488
Cill Chuacháin,Waterford,-0.4686998157467367,-2.6977937602862743,0.8832247406320276
Tigh an Chnoic Íochtarach,Waterford,0.08855898187654952,-0.14273901420567983,-0.09083209849687146
Baile an Chadhnaigh,Waterford,1.69461380029829,-0.05208990102089315,0.18331450870854005
Baile Anraí,Waterford,1.7756433087105359,-0.021595595319932014,0.23945868384878405
An Dubhcharraig,Waterford,0.0,0.0,0.0
Páirc an Phoill,Waterford,0.0543548386328686,0.08346344043885409,0.08346287111167686
Cill Molua Thoir,Waterford,-0.356801349939063,-2.979360789963152,0.9877299326876448
Cnoc an Uisce,Waterford,-0.3132545010677595,0.4800727316664585,-2.3796895226953465
Crois Aodha,Waterford,0.05523344145627402,-0.043025952045028446,0.007756746452872882
Tóin Tí Thaidhg,Waterford,-0.07342893578702672,0.01253600863413116,-0.034548733156358875
An Leaca Mhór,Waterford,-0.382308634478274,1.7030310289482304,2.163876211310916
An Ghreallach Uachtarach,Waterford,-0.016027086233211224,0.005132720486376709,0.0363163353320443
Baile an Bhrúsaigh Thiar,Waterford,1.9232348788115354,0.013650105531975425,0.27026805560598194
Bán an Chamra,Waterford,-0.01554873768403919,0.1437551994788273,-0.03901103740418307
Cois na Gráinsí,Waterford,-0.010445017459087363,0.011751987143777249,-0.05683273995724722
An Baile Nua,Waterford,2.0577005897353513,-0.04324576915499155,0.26643283718051813
Sléibhte Chnoc Mhaoldomhnaigh,Waterford,-0.028461473916037507,0.008316284958072859,-0.009242273963760582
An tSiúir,Waterford,0.0,0.0,0.0
Port Lách,Waterford,-0.03572988489612234,0.006892712553660114,-0.014387699750068463
Cuan Dhún Garbhán,Waterford,-0.05313876244013246,0.12497988636886102,0.08764927182294159
Cuan Thrá Mhór,Waterford,-0.40493938077879177,1.8299111293921941,2.3312262515921347
Gleann na hUidhre,Waterford,-0.14400009604519826,0.10419041315006947,0.08083139604966912
Sliabh na Cillíní,Waterford,-0.07273510948419692,0.007816894748687851,-0.046437569763910745
Baile Throcail,Waterford,1.69461380029829,-0.05208990102089315,0.18331450870854005
An Charraig Liath,Waterford,-0.1334913186315096,0.03840849723782907,-0.028407782472474687
An Lár B,Waterford,-0.01083046609753042,0.00024107269751224317,-0.005183215976522185
Clais Mhór,Waterford,-0.3565343593121073,1.7008935153360083,2.162337232369835
Coilligeán,Waterford,0.0,0.0,0.0
Teach an Chustaim A,Waterford,-0.008418913533529582,-0.002673359234505838,-0.0126401876172877
Dún Garbhán (Uimh.2 Uirbeach),Waterford,-0.10839381271909755,0.12547933151899812,0.07880347756072002
Port an Chalaidh,Waterford,-0.027278249092451926,0.003274844900509383,-0.019524068407721865
An Baile Beag,Waterford,1.5968620478815125,-0.420279589992523,0.19665285056574638
Gráig na nGabhar,Waterford,-0.0004385484293237228,0.0023634865726254173,-0.010043287162406822
An Ghreallach,Waterford,-0.009030794687940059,0.0006401521264949634,-0.002467531869350284
Cill Aodha,Waterford,-0.42067781603776416,-2.735730497913803,0.8980868022427356
Cill Uachtar Maí Thoir,Waterford,-0.4064716774580797,-3.223730701631859,1.0627092960893476
Móinéar an Rí,Waterford,0.07824529339906378,0.006929172670205626,-0.04865900008014422
Poleberry,Waterford,0.0,0.0,0.0
An Riasc,Waterford,-0.007358504307891517,0.0008970162580611292,-0.0020696526391817773
An Charraig Bhréan,Waterford,-0.06648619103834423,0.031317070049614544,-0.002471447413918494
Loch Mhóin an Fhia,Waterford,-0.3699612246660075,0.4444377516222305,0.2198522522959948
Séipéal San Niocláis,Waterford,0.025480485651537703,0.002490891403453181,-0.0033124506545136926
Na Túir,Waterford,0.0,0.0,0.0
Túr Raghnaill,Waterford,0.0,0.0,0.0
Cill Mhíodáin,Waterford,-0.49009751532619744,-2.8189001978729915,0.9220041010168513
An Baile Nua,Waterford,2.0577005897353513,-0.04324576915499155,0.26643283718051813
Ionghabháil Thrá Mhór,Waterford,-0.3622487857680301,1.752508305615795,2.2368771793936886
Clais an Bhíoma,Waterford,-0.012367932157157136,0.025942021482917146,0.02483616031449812
An Gleann Doimhin,Waterford,-0.13237727448247302,0.09971641095026927,0.08290512254153362
Dún Iomáin,Roscommon,-0.10581199953071796,0.11498407679962692,0.07340326963925684
Cill Bheagnait,Roscommon,-0.4686998157467367,-2.6977937602862743,0.8832247406320276
Cill Geifin,Roscommon,-0.4686998157467367,-2.6977937602862743,0.8832247406320276
Cill Tuama,Roscommon,-0.48657995275353016,-2.753094075966299,0.8989329955211693
Tuaim Ná,Roscommon,-0.026191003700667306,0.027326812158590764,0.02679432594405961
An tSeanchill,Roscommon,-0.006338794198808865,0.000384881490178806,-0.002344394223796911
Teach Eoin,Roscommon,-0.02329379761272661,-0.09894056416487804,0.013754001813217884
Bearaidh Bheag,Roscommon,-0.09775175241677742,-0.36818968897162985,0.013338341857206344
An Bogán Fionn,Roscommon,-0.015605895014366962,0.0104680147594905,-0.008155882549476379
An Lios Maol,Roscommon,-0.15745118585567414,0.08572831822649524,-0.17526504124727293
An Charnach Thiar,Roscommon,0.22862107851324548,0.06574000655286857,0.08695354689744189
Lios Fheidhlim,Roscommon,-0.13306498076832848,0.06950047966612027,-0.118613693727156
An Cheathrú Riabhach,Roscommon,-0.1391885675463534,0.10966185053051677,0.0703515527499058
Tóin le Móin,Roscommon,0.010497573283295893,0.009093270266374605,-0.07353130179819745
Ceathrú Mhurcha,Roscommon,-0.06969304689037614,0.03660877746065226,0.030849045686450322
Camchluain,Roscommon,-0.007909132335268224,-0.007905568959029875,-0.0020338715039345335
Teach Baoith,Roscommon,-0.014934275208647704,-0.0018127977603116618,-0.014972029665983913
Teach Mhic Conaill,Roscommon,0.30510003772622274,-0.17813808840957482,0.09936404524185415
Coill Bhuilcín,Roscommon,-0.005814648841794402,0.03186805099076262,-0.01368687421827267
An Coinicéar nó An Droim,Roscommon,-0.2667779888389429,0.22998532134484756,-0.11508263037813177
Sí Ghuaire,Roscommon,0.0,0.0,0.0
Roinn an Rodáin,Roscommon,0.05441234210781303,-0.010893232736768567,-0.007128137027211015
An Dúinín,Roscommon,-0.009048655953451328,0.0029821110482545605,0.0011378737937889462
Carraigín Uí Neachtain,Roscommon,1.5452994066956858,-0.06028915374712639,-0.23996219915028133
Cluain Uí Chéirín,Roscommon,1.3688939420721604,0.10280873117057943,-0.1403158107617299
Carraig Locha Cé,Roscommon,-0.045242024543617504,0.02574140527401836,-0.16225962501900318
Droim Baolláin,Roscommon,-0.24973556993840113,0.22474171660894424,-0.10778259133207715
An Cheachair,Roscommon,0.0,0.0,0.0
Cluain Each,Roscommon,-0.22253136205663232,0.17850026380212333,0.0831612410336173
Doire Leathan,Roscommon,-0.18177872227651465,-0.029091235620270363,0.011914636828984079
An Leathcheathrú,Roscommon,-0.006338794198808865,0.00038488149017880765,-0.0023443942237969173
Cuasán,Roscommon,-0.008925292594714437,0.0005447084746800284,-0.003319948973879512
Corr Sluaiste,Roscommon,-0.0748191612065355,-0.005401358276317856,-0.05204747272249871
Leathchoill,Roscommon,-0.008925292594714437,0.0005447084746800255,-0.0033199489738795058
An Sliabh Uachtarach,Roscommon,-0.06985816914041931,0.011613472550734581,-0.003406466934207833
Cluain Uí Cheithearnaigh,Roscommon,1.3688939420721604,0.10280873117057943,-0.1403158107617299
Ráth Chiara,Roscommon,-0.12002901962883608,0.15144999138927867,0.1145533661804946
An Cnoc Rua,Roscommon,-0.41468458679729386,0.671262214065176,-2.752005827520306
An Gort Buí,Roscommon,-0.2227747685447498,0.14092032899760976,-0.0047179067178009446
Cluain Eilte,Roscommon,-0.2025630189206194,0.1705003749094291,0.08358955673609354
Cluain Caoin,Roscommon,-0.2358131531520811,0.22418675211325106,0.12373623519543553
Cluain Ruacháin,Roscommon,-0.20461780236462856,0.1484442259960301,0.07410945488253408
Liatroim,Roscommon,-0.012891435979331968,0.0014371956494392938,-0.00477239867075669
Sí Mhanannáin,Roscommon,0.0,0.0,0.0
Páirc na gCloch Thuaidh,Roscommon,-0.009023627939133642,0.22643520357576247,0.2754137460346552
Draighneán,Roscommon,-0.006338794198808865,0.0003848814901788026,-0.0023443942237969173
Corr Ghabhann,Roscommon,-0.026008268326939053,-0.0037719755046168183,-0.04734613732037853
Baile Uí Fhíne,Roscommon,3.2507026158874353,-0.10940009875534719,-0.03711456913086497
Baile Mhic Néill,Roscommon,2.056371507517257,-0.19179131411756978,0.33741451603297246
Cama,Roscommon,0.0,0.0,0.0
Lios na nAiríoch,Roscommon,-0.13306498076832848,0.06950047966612027,-0.118613693727156
An Móinín,Roscommon,-0.016606565299635678,0.001221037641390711,-0.015652432737947405
An Chraobh,Roscommon,-0.008925292594714437,0.0005447084746800288,-0.003319948973879512
Baile Mhic Oireachtaigh,Roscommon,2.0092518608841847,-0.22056349368867081,0.295175740110976
Cionn Eitigh,Roscommon,-0.04514606005422327,0.04074397069533861,0.016867418762605328
Achadh Mac Rí,Roscommon,0.2744578554434257,-0.1338430278210424,0.06513360998309772
Cluain Soileann,Roscommon,-0.18719487351698474,0.16011892890503346,0.08011326707767512
Ceathrú na Sceach,Roscommon,-0.09053869857840435,0.05155885089934387,-0.013125138635747116
Mullaigh Muc,Roscommon,-0.04527661601187632,0.02196187908194746,-0.06080159236004826
Ard Salach Mór,Roscommon,-0.40951310833791654,1.8260158085655782,2.205377577733608
Lios na Molt,Roscommon,-0.1445486061371904,0.07505565349732768,-0.12185439555253097
Páirc na gCloch,Roscommon,-0.007839171621124508,0.1161983218977638,0.11137248770775357
Breaclainn,Roscommon,0.0,0.0,0.0
Sruthán Uí Cheallaigh,Roscommon,1.664410368382401,-0.033851837639297735,-0.22033652535978668
An Urnaí,Roscommon,-0.019458383210433073,-0.06160308112693389,0.014621177130833982
Loc Albert,Roscommon,0.0,0.0,0.0
Droichead Bhéal an tSnámha,Roscommon,-0.03147333120261588,0.0056005895115863995,-0.033888888068084176
Cluain Ó gCormacáin,Roscommon,-0.18719487351698474,0.16011892890503346,0.08011326707767512
Cuan Gháile,Roscommon,-0.04269059501076169,0.07740282377639914,0.0943490721984462
Inse na bhFia,Roscommon,0.0029629431034609646,0.04982327706910036,-0.04086839763499303
An Linn Bhán,Roscommon,-0.05686727310462738,0.02767061619201678,0.0036353924518507433
Loch Cé,Roscommon,-0.28084033829193755,0.2641368128940192,0.039125996563542736
Caisleán Rinn Dúin,Roscommon,-0.040604881323250394,0.05387697434041912,-0.042581467744989554
Abhainn Scramóige,Roscommon,-0.11375116274106617,0.13995055615542817,0.11119854415019738
Tigh Srathra,Roscommon,-0.02728851381802915,-0.00038336109311396443,-0.029786921046230715
An Baile Nua,Roscommon,2.0577005897353513,-0.04324576915499155,0.26643283718051813
Achadh Finn,Roscommon,-0.08132250788784602,0.025340506250469932,-0.003903889349688423
Allt an Ghabhláin,Roscommon,-0.015758717327801996,0.002101324137953173,-0.002343876740015487
Baile Átha Luain Thiar (Tuath),Roscommon,2.04791568701123,0.02151258877381064,0.2449286890706112
Baile an Tobair,Roscommon,1.7021724682225283,-0.07052954079521524,0.11313701154010386
An Chrannach,Roscommon,0.0,0.0,0.0
Crosná,Roscommon,0.0,0.0,0.0
Droim Glaise,Roscommon,-0.2550352276566278,0.23052267185668082,-0.11382140300489497
Díseart Nuan,Roscommon,-0.04014285878179162,0.005384406591349955,-0.01615929483091307
Cill Cháir,Roscommon,-0.4686998157467367,-2.6977937602862743,0.8832247406320276
Teach Mhic Conaill,Roscommon,0.30510003772622274,-0.17813808840957482,0.09936404524185415
Baile Thomáis,Roscommon,1.856855534054191,-0.04308047137960258,0.1165619299944088
Eas Mac nEirc,Roscommon,0.3133537859583876,-0.17188219593246387,0.11212101798267779
Millín Mhéabha,Roscommon,-0.014342367690363844,0.0020653272137701063,-0.00907314471170182
Cill Ghlais,Roscommon,-0.48527785221700476,-2.7533221818987896,0.8994551373822053
An Currach Rua,Roscommon,-0.21339914658849995,0.22531214569041375,-0.38467194766936197
Droim an Mhuilinn,Roscommon,-0.21669358330106336,0.16285064602970023,-0.0770121508499771
Cnoc an Bhiocáire,Roscommon,-0.25560770014270295,0.5048279488246118,-2.340518539024928
An Trian,Roscommon,-0.01885564207093406,0.034712524331557804,0.03728701248700406
Tobar Bríde,Roscommon,-0.10627594075469358,-0.01047266200197805,-0.04588571936893634
Loch Teapa,Roscommon,-0.26016423313005305,0.25720012842049245,0.04793659832010855
Cairbre,Sligo,0.0,0.0,0.0
Luíne,Sligo,0.0,0.0,0.0
Baile Easa Dara,Sligo,1.7584284261558594,-0.0517719924824324,0.18959430123263937
Calraí,Sligo,0.0,0.0,0.0
Cluain Eochaille,Sligo,-0.20181738285260076,0.15679489465113647,0.07866768392730378
Cill Easpaig Bhróin,Sligo,-0.457973817393574,-2.744612534449852,0.8959496709440884
Scrín Adhamhnáin,Sligo,0.0,0.0,0.0
Teampall Baoith,Sligo,-0.009087571536167127,0.0246594875808112,0.010847517718764842
Corr an Dúigh Thiar,Sligo,0.15380191730670997,0.06033864827655072,0.03490607417494318
Maigh Uí Ghadhra,Sligo,1.5664874151537873,-0.045638815396639346,-0.24898649549034846
Coill Phrochlaise,Sligo,-0.005814648841794402,0.03186805099076262,-0.01368687421827267
Imleach,Sligo,-0.02648006368851162,-0.00368729728294257,-0.00662521468613696
An Taobh Buí,Sligo,-0.08256342488180925,-0.011320005258538943,-0.05321045142472757
Ard Salach,Sligo,-0.06534668118296644,0.15106431471248702,0.06787650567827166
Cartún an Bhealaigh,Sligo,0.011962396157107289,-0.044496703020508545,-0.008219656241867653
Cill Dhuibh Dhúin,Sligo,-0.3863823350179637,-2.7932995632923467,0.8666798381433569
Ard Sóirín,Sligo,-0.0552423122571117,0.10327226034324428,0.025312495485484404
An Charraig Ard,Sligo,-0.12172850329545593,0.13458933039285884,0.02284104807156591
An Droim Beag Theas,Sligo,-0.32877754474229615,-0.22290655019133815,-0.18561908139591754
Na Róidíní,Sligo,0.0,0.0,0.0
Baile an Spoir Íochtair,Sligo,1.6769587187770671,-0.03807449736761127,0.18610211605958313
Droim Dhomhnaigh,Sligo,-0.24973556993840113,0.22474171660894424,-0.10778259133207715
An Cnoc Breac,Sligo,-0.23984421525772753,0.5422492812004083,-2.5238657220726632
Tuaim Fhobhair,Sligo,-0.026191003700667306,0.027326812158590764,0.02679432594405961
Baile Uí Fhearghasa,Sligo,3.2507026158874353,-0.10940009875534719,-0.03711456913086497
Cartún Uí Fhearaigh Theas,Sligo,1.6036221733147953,-0.14274946534562014,-0.3392074302371556
Bun Crumhaí,Sligo,-0.06970394234488612,0.02309915234741794,-0.008402233398355781
Cnoc an Ghabhair,Sligo,-0.27111799624545685,0.5158652948072583,-2.3947638533267597
An Leamhach,Sligo,0.0,0.0,0.0
Fearann Mhic Fhearaíl,Sligo,0.2865960108864906,-0.17388755771356895,0.08142220269192091
Dún Ultáin,Sligo,-0.11487032623616261,0.11847016553773992,0.07304247880457744
Páirc Shannon Thiar,Sligo,0.22694936354242215,0.1496557566857222,0.16306624848495016
Draighneachán Mór,Sligo,-0.34416642715495016,1.6749514938530912,2.1375010720553367
An Ráth Ghlas,Sligo,-0.12708585938939723,0.18831740241578565,0.0002539404771115389
Leacán Chathail,Sligo,-0.015651751038841137,0.0026919388586375704,-0.00743461292999555
Crumhach,Sligo,0.0,0.0,0.0
Tamhnaigh an tSrutháin,Sligo,0.037275683115734044,0.010081784195873416,-0.053811510801328594
An Ros,Sligo,-0.1167950762635073,0.13964003817674042,0.12691140728093475
An Cartún,Sligo,0.004419019745248761,0.0005561240350809291,-0.020026577499176614
Sliabh an Rí,Sligo,-0.02171957484977112,0.01641096278711818,-0.08501406620525227
Ceathrú Mhic Giolla Phádraig,Sligo,0.28971454072233027,-0.3203066200949333,0.18019216394312498
An Deirc Bheag,Sligo,-0.09775175241677742,-0.36818968897162985,0.013338341857206344
An Gheirb Mhór,Sligo,-0.34416642715495016,1.6749514938530912,2.1375010720553367
Ard na Spreac,Sligo,-0.0552423122571117,0.10327226034324428,0.025312495485484404
Caiseal Locha Deargáin,Sligo,0.030769923700692873,0.022819839269072162,-0.057258330360374636
An Charraigeach Uachtarach,Sligo,-0.006996291545271163,0.004492568359881746,0.03878386720139458
Imleach Giosáin,Sligo,-0.02648006368851162,-0.00368729728294257,-0.00662521468613696
Cionn Coilleadh,Sligo,-0.06696160959227435,0.05672650175732956,-0.036186777970892425
Lios an Mhianaigh,Sligo,-0.13306498076832848,0.06950047966612027,-0.118613693727156
Cnoc na Gaoithe,Sligo,-0.3140054741713628,0.5653482190807344,-2.401238915161536
An Gleann,Sligo,-0.13237727448247302,0.09971641095026927,0.08290512254153362
Cionn na Greallaí,Sligo,-0.04514606005422327,0.04074397069533861,0.016867418762605328
Inis Mór,Sligo,-0.4276892250022887,1.7295678587500778,2.1724686183296407
Na Fachta,Sligo,0.0,0.0,0.0
Oileán an Mhanaigh,Sligo,-0.07741557535494145,-0.00010032590096400529,-0.07546261539107608
Ráth Bracháin,Sligo,-0.12002901962883608,0.15144999138927867,0.1145533661804946
Inis Cilleacháin,Sligo,-0.08352279784733851,0.054616364896986604,0.0349675462743042
An tOileán Glas,Sligo,-0.08776829493518878,0.10964153637954024,-0.1190263495081897
Ceathrú Chois an Chlaí,Sligo,-0.0894237644072517,0.037607884837746644,0.023249939188792902
Cill Chollóige,Sligo,-0.4686998157467367,-2.6977937602862743,0.8832247406320276
Dairinis,Sligo,0.0,0.0,0.0
An Mullach Mór Thiar,Sligo,-0.2036075435064887,1.9049537570723447,2.3992050585419458
Carn Chais,Sligo,-0.03567833231530644,0.030990846410045413,0.023914673706764474
Baile an Bhóthair,Sligo,1.7357945062440205,-0.05309314566911897,0.18799825208959225
Lios na Lorg,Sligo,-0.13306498076832848,0.06950047966612027,-0.118613693727156
An Tulaigh,Sligo,-0.05764012422130716,0.09146437170268677,0.09608295179668742
Droim Chliabh Theas,Sligo,-0.24691516405911815,0.15715103026875332,-0.20585411264939507
An Leathbhaile,Sligo,-0.007155877481071776,-0.0002868882931995089,-0.0009220702500090147
An Bhuaile,Sligo,-0.03069251191190136,-0.0093937829999375,-0.00942855777296055
An Gleann Íochtarach,Sligo,-0.013855392705256028,-0.04966404137399265,0.027964220715577935
Buaile Fraoigh,Sligo,-0.009391793326874363,-0.003414512345853928,-0.013218491436393025
Cnoc na Riabh Thuaidh,Sligo,-0.2567921564607121,0.6150648305026105,-2.1764772806980264
Cnoc na Riabh Theas,Sligo,-0.23689792252982056,0.4253693709959593,-2.431693370945975
Fionasclainn,Sligo,-0.006338794198808865,0.00038488149017880646,-0.0023443942237969134
An Cartún Rua,Sligo,-0.15465786690934216,0.16699038927564522,-0.4315138659945548
An Corrlisín,Sligo,0.0,0.0,0.0
Baile an Chairn,Sligo,1.6910697263446086,-0.10080432022844227,0.1986917158090656
Lios Uí Chomháin,Sligo,1.4230238348208168,0.012190281931666234,-0.33904277156656104
Finnide,Sligo,0.0,0.0,0.0
Clochbhuaile,Sligo,0.0,0.0,0.0
Coillte Locha,Sligo,0.050549590665318736,0.0235250783821268,-0.05280518489359399
Béal Átha na Scarbhach,Sligo,0.007744211290641782,0.01821090422476835,-0.08277146658189863
Imleach,Sligo,-0.02648006368851162,-0.00368729728294257,-0.00662521468613696
Baile idir Dhá Abhainn,Sligo,1.580862637557224,0.08786065513453503,0.2945130528587374
Gort na hAbhla,Sligo,-0.1551452907118627,0.15296560883452331,0.04223555705045017
Leic Laisre,Sligo,-0.024755158326771425,0.011959999601726747,-0.05398038263973812
Gort an Doire,Sligo,-0.294263232852807,0.11572673582482751,0.06381679885695775
Caiseal an Ghearráin,Sligo,-0.03413877503064392,0.0026110427928217605,-0.014651772842125266
Baile an Churraigh,Sligo,1.7629098340455767,-0.05375859278292286,0.18963131290169105
An Droim Bán,Sligo,-0.2652843076224403,0.3684969160877716,-0.14679362873626023
Béal Lathaí,Sligo,-0.049532537240148236,0.010483060323913034,-0.04888603984931731
Gort ar Slinn,Sligo,-0.1551452907118627,0.15296560883452331,0.04223555705045017
Cnoc na Sí,Sligo,-0.25560770014270295,0.5048279488246118,-2.340518539024928
Lios an Locha,Sligo,-0.06722292767351457,0.08776110616574673,-0.1576116024059182
An Draighneán,Sligo,-0.006338794198808865,0.0003848814901788026,-0.0023443942237969173
Droim Fharnochta,Sligo,-0.24973556993840113,0.22474171660894424,-0.10778259133207715
Ceathrú Mhic Concharraige,Sligo,0.2523774071463148,-0.13374914607899185,0.14461088114979875
Cúil Áine,Sligo,-0.06583727197547709,0.05210114189106243,-0.02861528361049199
Seiseadh Mhic Fhearaigh,Sligo,0.35892559660361006,-0.17772565490312053,0.09929213522101805
Tulaigh Mheile,Sligo,-0.05764012422130716,0.09146437170268677,0.09608295179668742
Baile an Spoir Uachtair,Sligo,1.684889904646413,-0.00759942205088153,0.17571736903132257
An Dumha Beag,Sligo,-0.13212333016172745,-0.3363313951465758,0.0021493331324137516
Cnoc na Gaoithe,Sligo,-0.3140054741713628,0.5653482190807344,-2.401238915161536
Caiseal Lughaidh,Sligo,-0.02721621268836827,0.0021498255780186474,-0.011968133382648754
Portach an Draighneáin,Sligo,0.0,0.0,0.0
Lios an Eich,Sligo,-0.15283984878515264,0.08080264713764064,-0.1346453556351469
Mucalta,Sligo,0.0,0.0,0.0
Binn Ghulbain,Sligo,-0.031633545810466346,0.015653487914341388,-0.052208379438300735
Pointe an Chuain Mhóir,Sligo,-0.36665068314753513,1.7067466568604415,2.1537331331630885
Abhainn Dhroim Chliabh,Sligo,-0.3793761044130667,0.37656016425283406,-0.0034807365781509576
Cnoc an Chraoi,Sligo,-0.25560770014270295,0.5048279488246118,-2.340518539024928
Cnoc na Loinge,Sligo,-0.2700536170854138,0.516157751120854,-2.3979803981888423
Loch Arbhach,Sligo,-0.26016423313005305,0.25720012842049245,0.04793659832010855
Loch na mBreac Caoch,Sligo,-0.3121397204962783,0.30091303789941987,0.04798254627740979
Loch Tailt,Sligo,-0.26016423313005305,0.25720012842049245,0.04793659832010855
Cuan na Srithidí,Sligo,-0.04269059501076169,0.07740282377639914,0.0943490721984462
Tobar an Aillt,Sligo,-0.10314383377578652,-0.012765352483278222,-0.04345085623789935
Tobar Phádraig,Sligo,-0.1301775491822629,-0.18552564811826472,-0.028565817022607715
Tobar Scaineamháin,Sligo,-0.09477715267177078,-0.012421135773137484,-0.04088235664606125
An Uinsinn,Sligo,0.0,0.0,0.0
An Chéis,Sligo,0.0,0.0,0.0
Gob Reachla,Sligo,-0.04796029028980254,0.004550071922388776,-0.03022802365320906
An Mhuaidh,Sligo,0.0,0.0,0.0
An Mullach Mór,Sligo,-0.43222862201973417,1.839213750519476,2.3122515116445035
Fearann Uí Chearnaigh,Sligo,1.5818906674695157,-0.06268810360678202,-0.26908432153141487
Fearann Uí Chearnaigh,Sligo,1.5818906674695157,-0.06268810360678202,-0.26908432153141487
Gleann an Chairthe,Sligo,-0.1455823720543782,0.10862203701213118,0.08363402466208285
Liatroim,Sligo,-0.012891435979331968,0.0014371956494392938,-0.00477239867075669
Loch an Bhéil,Sligo,-0.26016423313005305,0.25720012842049245,0.04793659832010855
Cill Mhic Treana,Sligo,-0.16480369493875818,-2.9270114478824345,1.0185744908562013
Baile Uí Dhálaigh,Sligo,3.4379167974096845,-0.11826853696385771,-0.049914877518921985
Loch na Cáithe,Sligo,-0.26016423313005305,0.25720012842049245,0.04793659832010855
An Abhainn Bheag,Sligo,-0.21150291515784359,-0.22823913281620167,0.12453688600740373
Tuar Loistreáin,Sligo,-0.03431533318221857,0.05654398127729491,0.06402988913837702
An Mullach Mór,Sligo,-0.43222862201973417,1.839213750519476,2.3122515116445035
Leac an Leathaigh,Sligo,-0.027489009500826295,-0.0023192240002322096,-0.008438842125731478
Droichead Bhun Duibhe,Sligo,-0.09447918562553632,0.019397085231891483,-0.040702113926512955
Coill na Manach Uachtarach,Tipperary,0.007014268517560379,0.04525660251388806,0.11525216747315867
Uaithne agus Ara,Tipperary,-0.029495427850665546,0.0006391800940643446,-0.00450968673536838
Uíbh Eoghain agus Uíbh Fhathaidh Thoir,Tipperary,0.07182347431446551,-0.35641408521348233,0.1108361885969436
Gleann Caoin,Tipperary,-0.18099555411756937,0.16378423415848686,0.12652809065929405
Cill Chúile,Tipperary,-0.4988286894111274,-2.8691912022914576,0.938141058207997
Cill Fhia Múin,Tipperary,-0.5016578829874722,-2.7228257450379223,0.8554699649669476
Cill na Naomh,Tipperary,-0.49374579961851195,-2.739899522562449,0.8479023854922424
Baile Locha Caoin,Tipperary,1.7118375737580074,0.030238548686950903,0.1879395681475383
Na Cealla Beaga,Tipperary,-0.11200448633870098,-0.3826246190671428,0.00961706642000276
An Mhaighean,Tipperary,-0.012120539240651282,0.0027930176053780806,-0.0037037186458371276
Ráth Eilte,Tipperary,-0.13539716503247073,0.1618314373936743,0.11802965583891302
Ráth Mobheóg,Tipperary,-0.12002901962883608,0.15144999138927867,0.1145533661804946
Baile Uí Bhéacáin,Tipperary,3.2507026158874353,-0.10940009875534719,-0.03711456913086497
Bricín,Tipperary,0.0,0.0,0.0
Imleach,Tipperary,-0.02648006368851162,-0.00368729728294257,-0.00662521468613696
Baile an Ghraeigh,Tipperary,1.742721430053759,-0.05405081440902332,0.18950540626895573
Cillín an Stiabhnaigh,Tipperary,-0.03907497264060083,0.00343799313305366,-0.012951320059889379
Ráth Rónáin,Tipperary,-0.10023946564113234,0.10616226205414539,0.13359875350186762
Baile an Róistigh,Tipperary,1.7525901628637262,-0.044312918099361574,0.1414174736624835
Sulchóid Bheag,Tipperary,-0.09775175241677742,-0.36818968897162985,0.013338341857206344
An Teampall Nua,Tipperary,0.3605145795760124,0.03264305797251862,0.09629768823943917
Tulach Artáin,Tipperary,-0.05117326352825666,-0.06133047578329249,0.05729871780164769
Áth Cró,Tipperary,-0.1300437072831699,0.08477250802314895,-0.0068924031383528865
Páirc Ashley,Tipperary,-0.0016717149708233168,0.08391575013285363,0.07611270158750826
Baile an Ridire,Tipperary,1.69461380029829,-0.05208990102089315,0.18331450870854005
Baile Uí Mhaoilmheasa,Tipperary,3.2507026158874353,-0.10940009875534719,-0.03711456913086497
Dáirigh,Tipperary,0.0,0.0,0.0
An Criathrach,Tipperary,0.0,0.0,0.0
An Doirín,Tipperary,-0.03175973309214262,0.006549075198796204,-0.012293462939983409
Ráth Fhíonáin,Tipperary,-0.1428781727342314,0.08146281839254751,0.13422387871177505
Coill Dúin Choirc,Tipperary,-0.027100943015084734,0.07706180507643808,0.014123985986371426
An Rinn Rua,Tipperary,-0.20827986416836508,0.17564498205346532,-0.4479248606790667
Baile na hAbha,Tipperary,1.78545596919117,-0.0531304875867464,0.19573217318040811
Coill Tuaim Breacáin,Tipperary,-0.03200565254246171,0.059194863149353384,0.013107451725786938
Baile Cinn Easa,Tipperary,1.7311566543302725,-0.038167768206576455,0.1782253754265949
Tigh na Coille,Tipperary,0.03651991790392133,0.0075169268545222144,-0.07124613125620427
Páirc Chloch Shiurdáin,Tipperary,-0.003635723738278737,0.09191108812614944,0.06790956362896158
An Seanbhaile,Tipperary,-0.01956563924060381,0.033461743804881094,0.03587253910263052
Cnoc an Tobair,Tipperary,-0.24804903221846458,0.4863883090502897,-2.4106960361933645
An Bealach Gearr,Tipperary,-0.05935753463569639,0.054791518586182746,0.0528611147752283
An tSraith,Tipperary,-0.019060664245475315,0.003939205952421832,-0.00810660739396653
An Choill Liath,Tipperary,-0.16145695078304537,0.20020593340833764,0.21957816806635597
Camshrón,Tipperary,0.0,0.0,0.0
Cill Bhiolair,Tipperary,-0.48626523853961795,-2.7528437275943043,0.8993673387893942
Lios Scoilbín,Tipperary,-0.13306498076832848,0.06950047966612027,-0.118613693727156
Na Curraithe Glasa,Tipperary,0.0,0.0,0.0
Doire Uí Bhriain,Tipperary,1.4373366134377716,-0.0966717380163629,-0.19951188720539237
An tEanach,Tipperary,-0.030420369014527795,0.06575805040845258,0.055876046349895576
An Choill Bheag,Tipperary,-0.1922035756066574,-0.17507518275150674,0.2588528449821185
An Baile Nua,Tipperary,2.0577005897353513,-0.04324576915499155,0.26643283718051813
Coillte Rua,Tipperary,-0.1743693490840861,0.17169871712306464,-0.42529456471021
Cluain Móna,Tipperary,-0.1561650078493727,0.16685885077621498,0.015454993231080238
An tSraith Dhubh,Tipperary,-0.1614627355636283,0.08344344418066985,-0.19112808162802833
An Coillín,Tipperary,-0.022930568427025656,0.0050221906852758085,-0.007490723824975221
Ceathrú na Leac,Tipperary,-0.08974966294040622,0.032405222588553606,0.02431080762163127
An Cillín,Tipperary,-0.03907497264060083,0.00343799313305366,-0.012951320059889379
An Garraí Ard,Tipperary,-0.09972380361457048,0.09604913884854602,0.021746726809762907
Comhar Éimhín,Tipperary,0.0,0.0,0.0
Fia,Tipperary,0.0,0.0,0.0
An Baile Láir,Tipperary,1.7429556568604294,-0.03507563166284579,0.1432055284170607
An Fhaill Dubh,Tipperary,-0.15790452612629516,0.08311758203416343,-0.19504653675095016
Baile an Locha,Tipperary,1.7604558533931038,-0.0338292745212667,0.14431660002977786
An Barr Rua,Tipperary,-0.20234485820825457,0.1700772607507075,-0.4418671846382294
Rualach,Tipperary,0.0,0.0,0.0
An Lios Bán,Tipperary,-0.14861371845236768,0.21325567914494759,-0.15762473113133907
Clais na gCorrán,Tipperary,-0.012367932157157136,0.025942021482917146,0.02483616031449812
An Mhóin Fhinn,Tipperary,-0.01759861047563511,0.21066771599784778,0.20313000280431767
Baile an Rí,Tipperary,1.735756103043667,-0.0427998424246278,0.1404907766388902
Gort na Dromann,Tipperary,-0.16829902917948292,0.1599985539003238,0.040025889516006136
An Cnocán Glas,Tipperary,-0.05054120640998611,0.04048323105711286,-0.15894892487000256
An Phailís Thoir,Tipperary,0.10644784673602234,-0.29017770808288307,0.10227459934799711
Ros Fuinse,Tipperary,-0.1167950762635073,0.13964003817674042,0.12691140728093475
Gort na Sceiche,Tipperary,-0.18531038100849165,0.15672010033843628,0.03486685702913158
Lios Uí Léime,Tipperary,1.4370529417694369,0.016293944174821162,-0.34829697395939463
An tSraith,Tipperary,-0.019060664245475315,0.003939205952421832,-0.00810660739396653
Baile an Chaisleáin,Tipperary,1.7805920587257142,-0.05075043592134944,0.19628947585227507
An Drom,Tipperary,-0.06347578766995841,0.022744571245361837,0.011801381810682344
An Fhaiche,Tipperary,-0.013142943219171466,-0.012309566282958654,-0.00280448794292017
Leacht Aodha,Tipperary,0.03152998903210683,-0.04008352161021977,0.008984004509975807
An Lisín,Tipperary,-0.02403105488336732,0.011607328165550572,-0.05293079232850462
Sráidbhaile Eochaille,Tipperary,-0.026159996191206826,-0.0026969464883171684,-0.0057121008456441835
Béal Átha Chairn,Tipperary,0.010316271295002422,-0.03128094243412215,-0.06322008424405741
Bóthar an Lóidigh,Tipperary,-0.028464359330380044,0.03398929810045543,0.01099229844627963
Coimín na gCoirríní,Tipperary,-0.011956881049785104,-0.001340332692173814,-0.023815868037458596
Gort Sheáin Láir,Tipperary,-0.018060845425628566,0.20664227819431535,0.059776696046765776
Gort Sheáin Thiar,Tipperary,0.16221837652547755,0.25536801538913656,0.18683922323568702
An Cúlros,Tipperary,0.0,0.0,0.0
Baile Mhic Reanóid,Tipperary,2.0092518608841847,-0.22056349368867081,0.295175740110976
Baile na Leice,Tipperary,1.7124495927608712,-0.05192986197378561,0.18033544653363986
Fearnaigh,Tipperary,0.0,0.0,0.0
Béal Átha Gabhann Thuaidh,Tipperary,0.012675888930674652,0.12767035845142566,0.08544396698231863
Na Buailtíní,Tipperary,0.0,0.0,0.0
An Cúilín,Tipperary,0.0,0.0,0.0
Páirc na bhFia,Tipperary,-0.016461449123283792,0.09898432528372994,0.02604402330383382
Garraí Chlochair,Tipperary,-0.0545007714118205,-0.006204682871894901,-0.006750141065145249
Cnoc Duach,Tipperary,-0.25560770014270295,0.5048279488246118,-2.340518539024928
Cnoc Craithín,Tipperary,-0.25560770014270295,0.5048279488246118,-2.340518539024928
Tuar an tSagairt,Tipperary,0.005754655420683076,0.06265431671821747,-0.014162139359721534
Áthán,Tipperary,-0.010050628042361771,0.00038425273828878657,-0.0034995056904526967
Ros na Cairte,Tipperary,-0.1167950762635073,0.13964003817674042,0.12691140728093475
An Garrán Mór,Tipperary,-0.360770993507541,1.722026234690989,2.16967493791767
An Charraig,Tipperary,-0.06648619103834423,0.031317070049614544,-0.002471447413918494
An Currach,Tipperary,-0.05432225993390904,0.05887788044984947,0.026815340826016238
Leatracha,Tipperary,0.0,0.0,0.0
Garraí Tóibín,Tipperary,-0.04448149135745878,-0.007223121494698272,-0.003565768675721497
An Garraí Dubh,Tipperary,-0.1868835626756118,0.07228111673354974,-0.1865872429097833
An Chorrchoill,Tipperary,-0.006338794198808865,0.0003848814901788083,-0.002344394223796916
Cnocán Phiarais,Tipperary,-0.007190029182964373,0.0021570832020705952,-0.042753680415692635
Lios an tSonnaigh,Tipperary,-0.14618771818129572,0.0714164153761916,-0.12329132260044329
An Raplach Thuaidh,Tipperary,-0.0011844563180091337,0.11023688167799868,0.16404125832690158
Cnoc Alltáin Íochtarach,Tipperary,-0.13708581836548595,0.3554474965003499,-2.395459440850884
Baile Mhic Ceoch,Tipperary,2.0092518608841847,-0.22056349368867081,0.295175740110976
Doire Liath,Tipperary,-0.20612306973410965,-0.030147445821481284,-0.004355093252048612
Gort an Choma,Tipperary,-0.1551452907118627,0.15296560883452331,0.04223555705045017
An Tuar Fionn,Tipperary,-0.04343591591963287,0.0664050743697447,0.05835061687734886
Faiteann,Tipperary,0.0,0.0,0.0
Goirtín na Cille,Tipperary,-0.04124532386331258,0.012642553506177344,-0.013874453228331302
Barr Beathach,Tipperary,-0.043267971553663666,0.003642995510143226,-0.030379896142851182
Bán an Chaoith,Tipperary,-0.01554873768403919,0.1437551994788273,-0.03901103740418307
An Cheathrú Bhán,Tipperary,-0.13531539561430317,0.1101170844529947,0.07981258047657667
Cill Ó Sceacháin,Tipperary,-0.4686998157467367,-2.6977937602862743,0.8832247406320276
An Chúlchoill,Tipperary,-0.006439815116023067,-0.00369075992677735,-0.00020918717504721368
Gort na nGamhna,Tipperary,-0.17522752653840912,0.1668840393741095,0.03738462117112203
An Seanchaisleán,Tipperary,-0.006338794198808865,0.000384881490178816,-0.0023443942237969207
An Ghléib,Tipperary,-0.03874097762943806,-0.0019058849035651173,-0.01420874772834608
An Currach Dubh,Tipperary,-0.19672433125206204,0.13838211867809747,-0.15620613340804554
An Cluainín,Tipperary,-0.008925292594714437,0.0005447084746800309,-0.0033199489738795027
Gleann an Doire,Tipperary,-0.2714952166234173,0.06247753794057346,0.1044863643480412
Gort an Mhuilinn,Tipperary,-0.12210330407452494,0.09107453825527932,0.07300599753255023
Móin na hInse,Tipperary,0.07368108610505802,0.00521454097806431,-0.06134131305718938
An Bheannach Mhór,Tipperary,-0.34416642715495016,1.6749514938530912,2.1375010720553367
Cluain Each,Tipperary,-0.22253136205663232,0.17850026380212333,0.0831612410336173
Baile an Phionna,Tipperary,1.69461380029829,-0.05208990102089315,0.18331450870854005
Ros Cré,Tipperary,-0.1167950762635073,0.13964003817674042,0.12691140728093475
Ceapach Laithín,Tipperary,-0.0034658164908973874,0.0018244249708367253,-0.011022094419219138
Tuaim Eabhna,Tipperary,-0.026191003700667306,0.027326812158590764,0.02679432594405961
Buaile na hAbha,Tipperary,0.08145037556600573,-0.004455098911707177,-0.0008008269645249696
Barr an Churraigh,Tipperary,0.02502806219362288,0.0019743037481135127,-0.024063091949700174
Cnoc an Charna,Tipperary,-0.25560770014270295,0.5048279488246118,-2.340518539024928
Lios Maí Caoimh,Tipperary,-0.1600032014699241,-0.04780086247914199,-0.08357735564192154
Ráth Cardáin,Tipperary,-0.12002901962883608,0.15144999138927867,0.1145533661804946
Baile Roraid Uachtarach,Tipperary,1.6876175087530187,-0.047597332661011404,0.22209837590993464
Bearna Leathscátha,Tipperary,-0.002056036986179238,0.0019950882273684187,-0.01105140141354761
An Choillíneach,Tipperary,-0.006338794198808865,0.0003848814901788091,-0.00234439422379692
Cill Chléirín,Tipperary,-0.4686998157467367,-2.6977937602862743,0.8832247406320276
Cill Tuilithe,Tipperary,-0.4686998157467367,-2.6977937602862743,0.8832247406320276
An Cnocán Rua,Tipperary,-0.20256125330401586,0.17005008527117016,-0.4561367876619977
Lios na bhFeadóg Thuaidh,Tipperary,-0.14755409718531037,0.18764543205172468,0.04344573215233298
Cnoc Corrbhuaile,Tipperary,-0.25560770014270295,0.5048279488246118,-2.340518539024928
Gort na bPoll,Tipperary,-0.2338045045707378,0.19011855948070772,-0.007500365348361709
An Ghráinseach Rua,Tipperary,-0.18663920058710526,0.1953565372618775,-0.3846128736121204
Ros na Moiltíní,Tipperary,-0.1167950762635073,0.13964003817674042,0.12691140728093475
Gort an Tobair,Tipperary,-0.14758662278762433,0.13452596906020123,-0.027941940117986015
Moin Chaitríona,Tipperary,0.0,0.0,0.0
An Paideac,Tipperary,0.0,0.0,0.0
Áth Longfoirt,Tipperary,-0.12010634932825516,0.05196047238713847,-0.04284969476729448
Dromainn an Ghabhair,Tipperary,-0.04051139066117494,0.01820545358723257,-0.07186316831273683
An Ghráinseach,Tipperary,-0.02756231393251435,0.02892227202131319,0.02687441488325783
Lios na gCruach,Tipperary,-0.14669878405184764,0.07501802770378249,-0.12477567859910693
An Dubhfhéith Íochtarach,Tipperary,0.118521881777217,-0.14938045232426192,-0.054940901825955686
Béal Átha Dubhóige,Tipperary,0.013860345248683785,0.01743347677342697,-0.07859729134458297
An Coillín Liath,Tipperary,-0.08993569602019102,0.012113617873490336,-0.03342705888353141
Cill Rois,Tipperary,-0.4783221704696665,-2.798289686935318,0.9119606590688955
Áth Fhada Thuaidh,Tipperary,-0.18852953398581007,0.19632453952758966,0.08363049963065992
Áth Fhada Theas,Tipperary,-0.16863530005491856,0.006629080020938448,-0.1715855906172884
Doire Fada,Tipperary,-0.2283665906591497,0.00019976210780096176,-0.025865516800315114
An Sceach,Tipperary,-0.028278045138824426,0.016834404310558045,-0.04587478838310986
Tuairín Cuileannach,Tipperary,-0.043678816010482846,0.04189161017375661,0.035922035048475
Feirm an Bhuitléaraigh,Tipperary,0.03509793513865357,0.03130906884230087,0.04236442467474074
Cúil Chip,Tipperary,-0.08177643398471297,0.05842575767931754,-0.031036249545566573
An Mhaighean Ard,Tipperary,-0.06736285149776298,0.10606527794862236,0.021608776839647275
Doire Bhile,Tipperary,-0.11934740756001297,-0.030910752989822744,-0.024744268454035778
Cluain Buach,Tipperary,-0.18719487351698474,0.16011892890503346,0.08011326707767512
An Mullán Rua,Tipperary,-0.17044134258966417,0.17066407435824552,-0.4239853369639429
An Cnoc Rua,Tipperary,-0.41468458679729386,0.671262214065176,-2.752005827520306
Bán an Aitinn,Tipperary,-0.026243538652428212,0.1587440924724779,-0.09675197221571474
Gort na gCloch,Tipperary,-0.1613127473621639,0.1852481805994335,0.07749534317069548
An Tuairín,Tipperary,-0.02912440350816353,0.005643031251918148,-0.007571006792945997
Cluain Cliath,Tipperary,-0.16953430832345723,0.1636894246337917,0.0823777178172506
Gort na Cranncha Mór,Tipperary,-0.5249234465781799,1.8695593465271458,2.2189089094861063
Cnoc Donaí,Tipperary,-0.25560770014270295,0.5048279488246118,-2.340518539024928
An Com Beag,Tipperary,-0.09831737906445462,-0.3693606135010455,-0.0013480624299168544
An Gleann Beag,Tipperary,-0.23012902689925044,-0.26847327802136056,0.09624346439873996
Cnoc an Tuara,Tipperary,-0.25560770014270295,0.5048279488246118,-2.340518539024928
An Chreig,Tipperary,-0.011072675462697629,0.00223375897395142,-0.007342514189543733
Currach Saileach Uachtarach,Tipperary,-0.09247601512728489,0.078922149695344,0.05650629637360622
Gort an Chnoic,Tipperary,-0.15781967679450104,0.15999040804621936,0.036131281425765105
Áth Eine,Tipperary,-0.10915731191256564,0.042934293573545036,-0.036532705694157556
Áth Eine Beag,Tipperary,-0.20690906432934308,-0.3252553953980848,-0.023194363836951216
An Curraichín,Tipperary,-0.011327596892309172,0.0006946288091614713,-0.004236112940358225
An Tigh Rua,Tipperary,-0.18636540047262007,0.16605090414745033,-0.4412742095416089
Baile Doinn,Tipperary,1.69461380029829,-0.05208990102089315,0.18331450870854005
Baile Fúca,Tipperary,1.69461380029829,-0.05208990102089315,0.18331450870854005
Tabhartas Anna,Tipperary,0.0,0.0,0.0
Ard Saileach,Tipperary,-0.08639977590521639,0.11882396122885706,0.01621958383167981
Baile Tarsna an Haicéadaigh,Tipperary,1.7720035388463065,-0.06539955458960268,0.19381615245506753
Fosach,Tipperary,0.0,0.0,0.0
An Garrán Mór,Tipperary,-0.360770993507541,1.722026234690989,2.16967493791767
Páirc na gCloch,Tipperary,-0.007839171621124508,0.1161983218977638,0.11137248770775357
Baile Pháidín,Tipperary,1.7278733471682803,-0.052966352044040536,0.1879074915476758
An Briotás,Tipperary,0.0,0.0,0.0
Lón Thoir,Tipperary,0.11189846580767368,-0.2815670296768778,0.10450519205561716
An Garrán,Tipperary,-0.01660456635259082,0.047074740837897845,0.03217386586233299
Cluain Ros (Bolton),Tipperary,-0.30398994978049204,0.29975896708177385,0.20702467435860988
Cluain Ros (Percival),Tipperary,-0.30398994978049204,0.29975896708177385,0.20702467435860988
An Tobar,Tipperary,-0.09477715267177078,-0.012421135773137484,-0.04088235664606125
An Ráithín Rua,Tipperary,-0.1679468129993861,0.201051912456162,-0.3852563658274899
An Cheathrú Chaol,Tipperary,-0.11036037236568388,0.09781025850273405,0.08208747063485036
Cill Cholmáin (Cramptmore),Tipperary,-0.526233625041413,-2.990739287074534,0.9815753580022152
Cill Cholmáin (Hennessy),Tipperary,-0.526233625041413,-2.990739287074534,0.9815753580022152
An Chuailleach,Tipperary,-0.006338794198808865,0.000384881490178816,-0.002344394223796918
Baile an Chatagánaigh,Tipperary,1.69461380029829,-0.05208990102089315,0.18331450870854005
Diméin Bhaile an tSagairt,Tipperary,1.858970242523619,-0.024352294660964585,0.14516117451569374
Cill Eochaidh,Tipperary,-0.47791017968671345,-2.761402704498392,0.9045487333946967
Stiall an Fhaoitigh,Tipperary,0.07407958113639902,-0.0030068153488345614,0.008666839006676082
Carn Tobair,Tipperary,-0.028119664391068076,0.012551206635723317,-0.04626282346167171
An Chill Bhuí,Tipperary,-0.10352283220975893,0.08352118818307884,0.04116960803088718
Loch Ceann,Tipperary,-0.28743600495563976,0.2708043526963484,0.03656767251406407
Baile Ghearailt Thiar,Tipperary,1.9232348788115354,0.013650105531975425,0.27026805560598194
Baile Bhuidín,Tipperary,1.69461380029829,-0.05208990102089315,0.18331450870854005
Fearann Faoiteach,Tipperary,-0.028042049699404107,-0.005413965045791283,-0.030439028710515105
Beilchín,Tipperary,0.0,0.0,0.0
Cathrach Bhán,Tipperary,-0.12574032962281667,0.05279652585950045,-0.029452421264005598
Baile Uí Fhoghlú,Tipperary,3.2507026158874353,-0.10940009875534719,-0.03711456913086497
Móin na Míoch,Tipperary,0.031029865667612053,0.0067399218711815196,-0.06465827384659488
Baile na Nodach Thuaidh,Tipperary,1.6934293439802808,0.05814698065710553,0.34735576703544163
Suí nEoin,Tipperary,-0.006721731719558258,0.00048354358288393845,-0.0026308739904852183
Cnoc an Bhile,Tipperary,-0.23583716556177164,0.5111560688444848,-2.3868440492854717
Gleann an Ghadaí,Tipperary,-0.13237727448247302,0.09971641095026927,0.08290512254153362
Caisleán an Hugúnaigh,Tipperary,0.029884390363814104,-0.0005274965581573636,-0.03395475576594511
Fiodh Ard,Tipperary,-0.07130885660838965,0.10678803106254796,0.0155604793005885
Moneypark,Tipperary,0.0,0.0,0.0
An Curraichín,Tipperary,-0.011327596892309172,0.0006946288091614713,-0.004236112940358225
Goirtín na Seamróg,Tipperary,-0.04750825628875171,0.004197119170750803,-0.016632909523057564
Baile an Chondúnaigh,Tipperary,1.69461380029829,-0.05208990102089315,0.18331450870854005
Ráth Mhic Cárthaigh Thiar,Tipperary,0.42874484722046075,0.04640473914857687,0.32092328527960257
Baile Hoiste,Tipperary,1.7821896162861321,-0.06135009024160863,0.1966989564280931
Leaca na bPréachán,Tipperary,-0.03814220732332386,0.02807953509513923,0.026375139255579327
An Leacain,Tipperary,-0.02257933718114956,0.03230674330615284,0.03434396683891691
Baile Uí Dhroighneáin,Tipperary,3.2507026158874353,-0.10940009875534719,-0.03711456913086497
Béal Átha Póirín,Tipperary,0.013860345248683785,0.01743347677342697,-0.07859729134458297
Baile Liam,Tipperary,1.806451335523604,-0.03637609223930453,0.2412111520849224
An Caisleán Nua,Tipperary,0.39297117980087554,0.008316635307744234,0.049163572706033005
Sceichín an Rince,Tipperary,-0.006437871628557995,0.0011117814268324507,-0.0015235302209816173
Fia Mór,Tipperary,-0.34416642715495016,1.6749514938530912,2.1375010720553367
Cill Chomáin Bheag,Tipperary,-0.6032623039683926,-3.2072770579035494,1.002357355832597
Cill Chomáin Mhór Thuaidh,Tipperary,-0.8508614350245746,-1.05389899340083,3.290561344357629
Buaile Uí Chinnéide,Tipperary,1.61742630532414,-0.06417049343512392,-0.24229543034381693
Baile an Ghaoraigh Thiar,Tipperary,1.9232348788115354,0.013650105531975425,0.27026805560598194
An Chnocach,Tipperary,0.0,0.0,0.0
Caisleán Choinn,Tipperary,0.04025890724314215,0.007407080315642773,-0.031757344099034704
An Garraí Dubh,Tipperary,-0.1868835626756118,0.07228111673354974,-0.1865872429097833
Tiobraid,Tipperary,0.0,0.0,0.0
Garraí an Ruáin,Tipperary,0.031994110556222366,-0.007478365169167372,-0.000805226189682943
Scairt na gClamhrán,Tipperary,-0.013695961792448162,0.000925810873836321,-0.0043241634912526425
An Chrotach Theas,Tipperary,0.018709777612882398,-0.07945857782865254,-0.09117483192104674
Baile Thomáis,Tipperary,1.856855534054191,-0.04308047137960258,0.1165619299944088
Baile an Phléimeannaigh,Tipperary,1.69461380029829,-0.05208990102089315,0.18331450870854005
Baile Mhuiris,Tipperary,1.8145691715873637,-0.05857386945095788,0.19724872854599126
Cnoc na Graí,Tipperary,-0.2350844000169658,0.5161245788575297,-2.4240196555004054
Baile an Chalaidh,Tipperary,1.7030654361019604,-0.05570776867404388,0.17817814005088664
Na Cúilíní,Tipperary,0.0,0.0,0.0
Ceathrú Choinín,Tipperary,-0.0005786398641041274,0.03320285739826771,0.02520882497050437
Baile Uí Chuirrín,Tipperary,3.2507026158874353,-0.10940009875534719,-0.03711456913086497
Gort na bhFlúr,Tipperary,-0.1551452907118627,0.15296560883452331,0.04223555705045017
Baile an Laighléisigh,Tipperary,1.7140835383439552,-0.04917925798957138,0.18930603080950908
Páirc na Scadán,Tipperary,0.015141089250923978,0.08550696242713653,0.07676715039929662
Ard Gaoithe Uachtarach,Tipperary,-0.12063637783104272,0.16828509895924867,0.003375986550271111
An Bóthar Dubh,Tipperary,-0.17086643064853305,0.11349353632870343,-0.17202917578778215
Tobar Phádraig,Tipperary,-0.1301775491822629,-0.18552564811826472,-0.028565817022607715
Tobar Thaoine,Tipperary,-0.09477715267177078,-0.012421135773137484,-0.04088235664606125
Baile Mhaoiléir,Tipperary,1.69461380029829,-0.05208990102089315,0.18331450870854005
Ráth an Uisce,Tipperary,-0.1776758205538926,0.12669477423112535,0.07538238251007602
Ard Gaoithe,Tipperary,-0.11364008628577155,0.16379253059936694,-0.03540788065112348
Baile an Chnocáin,Tipperary,1.7506894445093675,-0.0579476577861496,0.1929056757942225
Baile Uí Chnáimhín,Tipperary,3.3340248800974295,-0.11035337692322567,-0.0525269146712162
Baile an Phrióra,Tipperary,1.69461380029829,-0.05208990102089315,0.18331450870854005
Baile Uí Dhiana,Tipperary,3.2507026158874353,-0.10940009875534719,-0.03711456913086497
Baile Uí Ghlaisín,Tipperary,3.3488059858812784,-0.11394189568684282,-0.04118705175971511
Baile an Mhionúraigh,Tipperary,1.69461380029829,-0.05208990102089315,0.18331450870854005
Teampall Eithne,Tipperary,-0.01648177814995331,-0.0360259764852201,0.03170366439182517
Baile an Mhuilinn,Tipperary,1.7276557869356277,-0.11398097160013715,0.2140849491906401
Loch Capaill,Tipperary,-0.26016423313005305,0.25720012842049245,0.04793659832010855
An Mhóin Rua,Tipperary,-0.23591581094980996,0.3787038731939504,-0.21181685885441193
Baile Uaitéir,Tipperary,1.69461380029829,-0.05208990102089315,0.18331450870854005
Baile an Gharraí Íochtarach,Tipperary,1.7686541907180482,-0.20869347483985334,0.12480783820686286
Gráig Átha,Tipperary,0.03684270441320871,0.00828941429605509,-0.039284746471789145
Baile Philib,Tipperary,1.775277371501164,-0.04874293676222541,0.14784039352597309
Cill Eichín,Tipperary,-0.4686998157467367,-2.6977937602862743,0.8832247406320276
An Bábhún Riabhach,Tipperary,-0.079506399451031,0.029151501266417315,-0.012874716953205564
Tarsna,Tipperary,0.07738973854801641,-0.013309653568709535,0.010501643746527496
Na Crosóga,Tipperary,0.0,0.0,0.0
Gráig an Hísigh,Tipperary,-0.018544090533220044,-3.292045158313699e-05,-0.006915321679878757
Radharc na Carraige,Tipperary,0.03283185417568149,0.008031176093774791,-0.04247582254487488
Maigh Thobair,Tipperary,-0.06129448868771816,0.020909454105248942,-0.022134907164818658
Bábhún an Bhrúnaigh Uachtarach,Tipperary,-0.0008359646601442949,0.009669595950093509,0.0345451974613059
An Fionnán Mór,Tipperary,-0.34416642715495016,1.6749514938530912,2.1375010720553367
Muileann Uala,Tipperary,-0.006514793852003109,0.023237594172620755,0.035846255405904665
An Ghráig,Tipperary,-0.0135995093776311,0.000837737960758478,-0.005111628532573528
Baile an Fhantaigh,Tipperary,1.69461380029829,-0.05208990102089315,0.18331450870854005
Gleann an Ghuail Thuaidh,Tipperary,-0.13356173080048217,0.20995329262826795,0.2469463808684352
Baile an Bhádaigh,Tipperary,1.69461380029829,-0.05208990102089315,0.18331450870854005
An Ghráinseach Thuaidh,Tipperary,-0.028746770250523482,0.13915915369931187,0.19091567321015943
Baile an Bharúnaigh (Ormond),Tipperary,1.7544697332019406,-0.04322530527658573,0.1390296338521334
Baile an Locha Thiar,Tipperary,1.9890769319063493,0.03191073203160187,0.23127014692721976
Bearna an Locha,Tipperary,0.06378601610863469,0.020255714726994865,-0.050049310092309805
An Choill Bheag,Tipperary,-0.1922035756066574,-0.17507518275150674,0.2588528449821185
An Mhóin Bhán,Tipperary,-0.13370619739984643,0.2399402241454029,0.203305822092817
Meacanach Uachtarach,Tipperary,-0.006996291545271163,0.004492568359881746,0.03878386720139458
An Comar Beag,Tipperary,-0.1104039986889214,-0.3736825973658915,0.00714140354065864
An Ghléib,Tipperary,-0.03874097762943806,-0.0019058849035651173,-0.01420874772834608
Faill na Muice Duibhe,Tipperary,-0.046967446517117,0.005728007937852835,-0.028839285053805286
Gleann Chairbre,Tipperary,-0.15743449956379035,-0.012248527118727745,0.12023149407091366
Baile Chaoimhín,Tipperary,1.7060301879374986,-0.05157998062496969,0.18293757868629357
Baile Uí Uallacháin Thiar,Tipperary,3.593183574478061,-0.0428415271713831,-0.007190598068782604
Clais an Eilísigh,Tipperary,-0.012367932157157136,0.025942021482917146,0.02483616031449812
Fearann an Ásaigh,Tipperary,-0.028042049699404107,-0.005413965045791283,-0.030439028710515105
Baile an Laighnigh,Tipperary,1.69461380029829,-0.05208990102089315,0.18331450870854005
Páirc na bhFianna,Tipperary,-0.0257710328055171,0.10019551641952883,0.08150507608728899
Ceathrú an Teampaill,Tipperary,0.0054649710724499825,0.034592467560001054,0.03816805858872686
Lios Mhurchaidh,Tipperary,-0.13306498076832848,0.06950047966612027,-0.118613693727156
Imleach,Tipperary,-0.02648006368851162,-0.00368729728294257,-0.00662521468613696
An Lisín,Tipperary,-0.02403105488336732,0.011607328165550572,-0.05293079232850462
Ré Uí Rodáin,Tipperary,1.6195101796036737,-0.05898519745306536,-0.24300919951623934
Baile Uí Chonraoi,Tipperary,3.2507026158874353,-0.10940009875534719,-0.03711456913086497
An Leacain,Tipperary,-0.02257933718114956,0.03230674330615284,0.03434396683891691
Baile Uí Chiaráin,Tipperary,3.3022003393626767,-0.1597566403697199,-0.028648054071532134
Baile Uí Chothaigh,Tipperary,3.2507026158874353,-0.10940009875534719,-0.03711456913086497
Bóthar an Mhíndroma,Tipperary,-0.028464359330380044,0.03398929810045543,0.01099229844627963
Ráth Naoimhín (Ormond),Tipperary,-0.11046523771609157,0.16164068150300603,0.12117333183748814
Ráth Naoimhín (Ryan),Tipperary,-0.1299118378238514,0.1587209515788223,0.11762528205825248
Drom Ó Marcaigh an Choláiste,Tipperary,-0.06347578766995841,0.022744571245361837,0.011801381810682344
Móin tSeanbhoithe,Tipperary,0.031029865667612053,0.0067399218711815196,-0.06465827384659488
Áth Iseal Thuaidh,Tipperary,-0.10879045785455095,0.1639438065781674,0.1310169856909419
Ráth Cloichín,Tipperary,-0.13097609696343138,0.1539310575299752,0.11415133573565837
Baile Thomáis,Tipperary,1.856855534054191,-0.04308047137960258,0.1165619299944088
An Bhréinseach Bheag,Tipperary,-0.09775175241677742,-0.36818968897162985,0.013338341857206344
Clais an Leathair,Tipperary,-0.012367932157157136,0.025942021482917146,0.02483616031449812
Gort an Choinicéir,Tipperary,-0.16811852090527285,0.1567872112689939,0.03814243763643054
Baile an Aighleardaigh,Tipperary,1.69461380029829,-0.05208990102089315,0.18331450870854005
Fearann an Spidéil,Tipperary,-0.028042049699404107,-0.005413965045791283,-0.030439028710515105
Baile Tarsna Mhic Fheorais,Tipperary,2.086641599432201,-0.23387314725738034,0.30567738385750354
An Airglinn,Tipperary,-0.006338794198808865,0.00038488149017880223,-0.0023443942237969147
Sliabh Ara,Tipperary,-0.07369728705962014,0.008663302984886961,-0.046080463675446603
Abhainn Bhaile an Totaigh,Tipperary,1.580862637557224,0.08786065513453503,0.2945130528587374
An Abhainn Dubh,Tipperary,-0.2561532340592192,0.21945479438367618,-0.07182293008386441
Carraig na Siúire,Tipperary,-0.09932437726437936,0.0010482690495298716,-0.12212958162612438
An Ghlais Álainn,Tipperary,-0.01657803647026809,-0.05552842161251548,0.016230396750177633
Gleann Cholbha,Tipperary,-0.13237727448247302,0.09971641095026927,0.08290512254153362
An Gabhailín,Tipperary,-0.006338794198808865,0.00038488149017881275,-0.0023443942237969173
An Grianán,Tipperary,-0.006338794198808865,0.00038488149017880223,-0.0023443942237969147
An Marcach,Tipperary,0.0,0.0,0.0
An Baile Gaelach,Tipperary,1.7838650404101735,-0.054293159452552066,0.19632979504900153
Abhainn Uaithne,Tipperary,-0.13241118112725972,0.1390473374554584,0.11057898695467319
An Fheoir,Tipperary,-0.006338794198808865,0.0003848814901788065,-0.0023443942237969116
An Teara,Tipperary,0.0,0.0,0.0
Sliabh Coimeálta,Tipperary,-0.06286187759514815,0.007120904190852835,-0.042190334135602414
Sliabh Muice,Tipperary,-0.06847122769399629,0.008614321669099936,-0.0541246725021341
Bóthar na gCorr,Tipperary,-0.028464359330380044,0.03398929810045543,0.01099229844627963
An Arglach,Tipperary,0.0,0.0,0.0
Áth Iseal,Tipperary,-0.10760600153654182,0.053706924900168714,-0.03302427263595968
An Cheapach Rua,Tipperary,-0.19292232215327762,0.19716522398066566,-0.3978527118826125
An Drom,Tipperary,-0.06347578766995841,0.022744571245361837,0.011801381810682344
Maigh Chairce,Tipperary,-0.06129448868771816,0.020909454105248942,-0.022134907164818658
An Teampall Mór,Tipperary,-0.34673863701599916,1.698750419959708,2.150680431822798
Mainistir Uaithne,Tipperary,-0.049640618988221114,-0.0029626285738947288,-0.011223419713266214
Áth na Méadal,Tipperary,-0.09809642914959553,0.04864902273209421,-0.03296400008941896
Doire,Tipperary,-0.13911794214094428,-0.03723887300969581,0.02158124180650758
Cill Chomnaid,Tipperary,-0.4686998157467367,-2.6977937602862743,0.8832247406320276
An Cnaoi,Tipperary,0.0,0.0,0.0
Baile Amoraoin,Tipperary,1.69461380029829,-0.05208990102089315,0.18331450870854005
Ráth Eilte,Tipperary,-0.13539716503247073,0.1618314373936743,0.11802965583891302
Cluain Meala Thoir (Uirbeach),Tipperary,-0.07515496090822509,-0.1173616519507594,0.19385177153199845
Carraig na Siúire (Tuath),Tipperary,-0.0789617425093066,0.005258049238208924,-0.12234967490249586
Ard Saileach,Tipperary,-0.08639977590521639,0.11882396122885706,0.01621958383167981
Baile an Ghraeigh,Tipperary,1.742721430053759,-0.05405081440902332,0.18950540626895573
Cill Chuaráin,Tipperary,-0.49009751532619744,-2.8189001978729915,0.9220041010168513
Tulach Artáin,Tipperary,-0.05117326352825666,-0.06133047578329249,0.05729871780164769
Baile Uí Chléireacháin,Tipperary,3.2507026158874353,-0.10940009875534719,-0.03711456913086497
Cluain Meala (Tuath),Tipperary,-0.17924466288098814,0.16758481938871933,0.0841686548468861
Cill Chaise,Tipperary,-0.4686998157467367,-2.6977937602862743,0.8832247406320276
Maigh Dheisil,Tipperary,-0.06129448868771816,0.020909454105248942,-0.022134907164818658
Baile an Phaghanaigh,Tipperary,1.69461380029829,-0.05208990102089315,0.18331450870854005
An Curraichín,Tipperary,-0.011327596892309172,0.0006946288091614713,-0.004236112940358225
An Gabhailín,Tipperary,-0.006338794198808865,0.00038488149017881275,-0.0023443942237969173
Abhainn an Mhóinín,Tipperary,-0.11375116274106617,0.13995055615542817,0.11119854415019738
Ráth na Drinne,Tipperary,-0.12002901962883608,0.15144999138927867,0.1145533661804946
Baile na Cloiche,Tipperary,1.7419785713864875,-0.04260285359665729,0.18758086327722914
Gráinseach Mhóicléir,Tipperary,-0.016139439701559784,0.0012003713312261604,-0.00203488948859136
Cill Chuimín,Tipperary,-0.494816471225643,-2.8183454757639836,0.9207780352267738
Maigh Ghlas,Tipperary,-0.06835132844827932,0.057776865131755936,-0.13643433286820172
Ráth Cae,Tipperary,-0.12002901962883608,0.15144999138927867,0.1145533661804946
Cnoc na gCnámh,Tipperary,-0.2667870431281523,0.5168377021293445,-2.397892209605571
Bun an Choim,Tipperary,-0.08746389260731294,0.028727026637278504,-0.009501540594397633
Baile Uí Mhaghair,Tipperary,3.2507026158874353,-0.10940009875534719,-0.03711456913086497
Clochar,Tyrone,-0.024982983386189216,0.026647586524159717,0.03139682641503126
Cluain Eo,Tyrone,-0.20862291739690766,0.16915368017552118,0.07296931908039118
Cill na mBan,Tyrone,-0.49646521405859184,-2.7428431273108607,0.8927951478792822
Leasán,Tyrone,0.0,0.0,0.0
Ard Sratha,Tyrone,-0.0552423122571117,0.10327226034324428,0.025312495485484404
Corrchoill,Tyrone,0.0,0.0,0.0
Dún Bheagáin,Tyrone,-0.061629534030753996,0.11549469155902037,0.0719036930174356
Coill na hUidhre,Tyrone,-0.017437470404519623,0.036342053190562815,-0.015760600710137178
Baile Uí Dhálaigh,Tyrone,3.4379167974096845,-0.11826853696385771,-0.049914877518921985
An tEanach Rua,Tyrone,-0.1894972556691187,0.23219231564901688,-0.3556112421454826
Cionn Aird,Tyrone,-0.03056686248855326,0.04448957643819366,0.017734213569391272
Gort na gCloch,Tyrone,-0.1613127473621639,0.1852481805994335,0.07749534317069548
An Cillín,Tyrone,-0.03907497264060083,0.00343799313305366,-0.012951320059889379
Ráth Chlaon,Tyrone,-0.12002901962883608,0.15144999138927867,0.1145533661804946
Dún Geanainn,Tyrone,-0.10581199953071796,0.11498407679962692,0.07340326963925684
Coillidh Mhuain,Tyrone,-0.02007308649170125,0.0014330335852189254,-0.007815440518716339
Gort an Chladaigh,Tyrone,-0.1551452907118627,0.15296560883452331,0.04223555705045017
Tulach na Croise,Tyrone,-0.05347983836392328,-0.05276836709071332,0.049480761358795325
Srath Longfoirt,Tyrone,-0.06706086221272747,0.005550440017354047,-0.029363768352765628
Leacht Mhuirís,Tyrone,-0.016492010676865683,-0.0021467839826913014,-0.005878057100732229
Faiche Fionn,Tyrone,0.019447798529817602,0.011921663183191643,-0.002153054419066183
Baile na Mallacht,Tyrone,1.715399140646871,-0.05215101703321519,0.18605862437966472
Gléib na hUrnaí,Tyrone,0.013042946082334812,0.0011688762304033209,0.00022695240704149436
Coillidh Chlochair,Tyrone,-0.03009236654606296,0.0024514722080222952,-0.01099981290814009
An Diamant,Tyrone,0.0,0.0,0.0
An Speirín,Tyrone,0.0,0.0,0.0
An Clár,Tyrone,-0.006338794198808865,0.000384881490178812,-0.0023443942237969272
Cluain Tó,Tyrone,-0.18719487351698474,0.16011892890503346,0.08011326707767512
Lios Claon,Tyrone,-0.14154140430637233,0.07145028896423829,-0.12371946917684974
Camabhainn,Tyrone,0.0,0.0,0.0
Abhainn Choilleadh,Tyrone,-0.11375116274106617,0.13995055615542817,0.11119854415019738
An Chamabhainn,Tyrone,0.0,0.0,0.0
Sliabh Speirín,Tyrone,-0.06286187759514815,0.007120904190852835,-0.042190334135602414
Lios Leapa,Tyrone,-0.14069629908631903,0.06534810577122431,-0.12253962366793714
An Cuach,Tyrone,0.0,0.0,0.0
An Droim Mór,Tyrone,-0.5939019970933512,1.8996932104620354,2.0297184807232593
Coill Íochtair,Tyrone,-0.02346973036301729,0.0458834546440445,-0.01089926686722959
An Urnaí,Tyrone,-0.019458383210433073,-0.06160308112693389,0.014621177130833982
An Bhinn Bhorb,Tyrone,-0.03717592622855394,0.02584929658185815,0.022938615083766538
Baile an Chúlaígh,Offaly,1.69461380029829,-0.05208990102089315,0.18331450870854005
An Daingean Íochtarach,Offaly,0.10050945342347696,-0.11484937221944175,-0.012783458160770776
Baile Átha Buí,Offaly,1.6823711174118317,-0.055812846110168485,0.10399162014837855
Ros Cré,Offaly,-0.1167950762635073,0.13964003817674042,0.12691140728093475
Páirceanna an Bhaile,Offaly,1.6929420853274666,0.03182584911196048,0.2594272102960483
Corr na Foraoise agus An Currach Beag,Offaly,-0.22689317355722197,-0.31471316679809824,-0.011893790039276129
Cill Achaidh an Tobair,Offaly,-0.49735198699177713,-2.8112808521935286,0.8404288345013353
An Fiodh Rua,Offaly,-0.17514343100586885,0.16995003595986796,-0.4212393046802741
Cluain Achaille Íochtarach,Offaly,-0.06867299173976775,0.010738476580771539,0.025172365251719432
Brothlach,Offaly,-0.006338794198808865,0.00038488149017880814,-0.002344394223796917
Baile an Locháin,Offaly,1.7436431858026302,-0.05431432629283825,0.18855043286973336
An Chorr Chealgach,Offaly,-0.05208148886503464,0.00887483057633489,-0.029132904858232094
Cill Urnaí Bheag,Offaly,-0.5859099513739471,-3.127586530384838,0.911184259620068
An Leacach Mór,Offaly,-0.36359555822626766,1.7465304619561486,2.2281415823103536
Baile an Chaisleáin,Offaly,1.7805920587257142,-0.05075043592134944,0.19628947585227507
An Cuach Uachtarach,Offaly,-0.006996291545271163,0.004492568359881746,0.03878386720139458
An Chorr,Offaly,-0.05208148886503464,0.00887483057633489,-0.029132904858232094
Gallros Thiar,Offaly,0.22862107851324548,0.06574000655286857,0.08695354689744189
Bréachóg,Offaly,0.0,0.0,0.0
Foíre,Offaly,0.0,0.0,0.0
Cnogús Buí,Offaly,-0.06762947783288713,-0.012045279836913569,-0.046953463768251116
Baile Uí Luanaim,Offaly,3.2507026158874353,-0.10940009875534719,-0.03711456913086497
Coill an Ghabhláin Uachtarach,Offaly,-0.012810940387065565,0.036360619350644365,0.02509699298312191
Baile na Móna,Offaly,1.725643665965902,-0.04534997914971163,0.11865623486194517
Ráth Giobúin Theas,Offaly,-0.10131924201595369,0.07199141356062613,0.02337853425944786
An Comar Uachtarach,Offaly,-0.019648537817415147,-0.001000340034379892,0.03258692888484688
An tAcra Buí,Offaly,-0.08245820891538856,0.02432669643087221,-0.005513019175428756
Muine Uí Ghaibhnín,Offaly,1.5295894288684337,0.0008326129435244217,-0.16521066658226075
An Machaire Bán,Offaly,-0.046610951963482035,0.14265615947449964,-0.05286920646728021
Doire Chearráin,Offaly,-0.13911794214094428,-0.03723887300969581,0.02158124180650758
Baile na Sraithe,Offaly,1.734472943737381,-0.05066641540945069,0.19002220176391887
An Clochán Beag,Offaly,-0.13359634001895543,-0.37688880079300047,-0.0020426968330265974
Gort na Cranncha,Offaly,-0.18075701942322978,0.19460785267405462,0.08140783743076965
Cluain Rátha agus Glasdair,Offaly,-0.19661741727907475,0.17930209277562423,0.0325418737250642
Baile an Lábáin,Offaly,1.7144980285548999,-0.05209603384700202,0.18600018725291556
Cluain Gamhna,Offaly,-0.2082095588861736,0.17059991433828858,0.0793039545979362
Gléib Chluain Laighean,Offaly,-0.018351032374006194,0.04090763093244717,0.03288825447205289
Maigh Cláir,Offaly,-0.06129448868771816,0.020909454105248942,-0.022134907164818658
Cluain Mór,Offaly,-0.5313613006719349,1.8350704227581247,2.2176143391330116
An Ghléib,Offaly,-0.03874097762943806,-0.0019058849035651173,-0.01420874772834608
Cill Chaimín,Offaly,-0.4686998157467367,-2.6977937602862743,0.8832247406320276
Liath Mancháin,Offaly,-0.06700512759316538,0.007091427188214527,-0.025936335058556192
An Torn Mór,Offaly,-0.34416642715495016,1.6749514938530912,2.1375010720553367
Baile Bhriotáin,Offaly,1.69461380029829,-0.05208990102089315,0.18331450870854005
Moin Mhic Liam,Offaly,0.42647559581120875,-0.15275978388618905,0.16975787477881835
Ráth Mhic Oibicín,Offaly,0.19460904095705864,-0.017023601278499,0.2264145975829306
Achadh Mílic,Offaly,-0.08132250788784602,0.025340506250469932,-0.003903889349688423
Baile Sheáin,Offaly,1.7833563890223847,-0.015427501019148478,0.240964627996335
Cluain Sosta Íochtarach,Offaly,-0.06867299173976775,0.010738476580771539,0.025172365251719432
Doire na Darach,Offaly,-0.15907859873770408,-0.03104838131974748,0.0216489265948922
An Fán Beag,Offaly,-0.09775175241677742,-0.36818968897162985,0.013338341857206344
Coill Neantóige Uachtarach,Offaly,-0.012810940387065565,0.036360619350644365,0.02509699298312191
Doire an Mhuilinn,Offaly,-0.10607595550360652,-0.09912994358893981,0.052351682288607634
Cluain Gearóid,Offaly,-0.164263137998171,0.1591427927342821,0.08650577317434203
Cluain Rúisc Beag,Offaly,-0.2849466259337622,-0.2080707600665964,0.09345160893488147
Cnoc Chruacháin,Offaly,-0.25560770014270295,0.5048279488246118,-2.340518539024928
An Tóchar,Offaly,-0.011327596892309173,0.0006946288091614505,-0.004236112940358235
Buaile na Saileach,Offaly,-0.04054925697497905,0.012137188539758847,-0.02231140309019762
An Eiscir Bheag,Offaly,-0.11021390951407747,-0.3765908241612172,0.007465104547214067
An Cillín,Offaly,-0.03907497264060083,0.00343799313305366,-0.012951320059889379
Gleann na Cora,Offaly,-0.14399520593515253,0.12939781091084018,-0.003999630295055831
Baile an Churraigh,Offaly,1.7629098340455767,-0.05375859278292286,0.18963131290169105
Tomach,Offaly,0.0,0.0,0.0
Beithearnach,Offaly,0.0,0.0,0.0
Cúil Ó nDubháin,Offaly,-0.06583727197547709,0.05210114189106243,-0.02861528361049199
Ráth Eanaigh,Offaly,-0.152142445679314,0.17011923648383473,0.10660606463184863
Coldblow,Offaly,-0.006338794198808865,0.00038488149017880814,-0.002344394223796917
An Goirtín,Offaly,-0.04750825628875171,0.004197119170750803,-0.016632909523057564
Bualtraigh,Offaly,0.0,0.0,0.0
Cluain Leisc,Offaly,-0.18719487351698474,0.16011892890503346,0.08011326707767512
Teach na Gloine,Offaly,-0.008418913533529582,-0.002673359234505838,-0.0126401876172877
An Baile Nua,Offaly,2.0577005897353513,-0.04324576915499155,0.26643283718051813
An Baile Breac,Offaly,1.7103772851832655,-0.014668568645096719,-3.2674339194932456e-05
An Poll Dubh,Offaly,-0.22106128517702808,0.1166571888744324,-0.23275739663287368
Cluain Ó mBuacháin,Offaly,-0.18719487351698474,0.16011892890503346,0.08011326707767512
Doire Caol,Offaly,-0.17065653829906063,-0.002512893345288751,0.05020588636385334
Doire na Buaile,Offaly,-0.14850973546781865,-0.04065338535554974,0.008362750370114556
An Mhóin Bhán,Offaly,-0.13370619739984643,0.2399402241454029,0.203305822092817
An Bhreacach,Offaly,0.0,0.0,0.0
Cill Phádraig,Offaly,-0.5041002122572288,-2.8708982726314014,0.8955412802554812
Eanach Fhormhaí,Offaly,-0.016044727128312623,0.0034236118824175527,-0.006557812054994675
An Ghráig,Offaly,-0.0135995093776311,0.000837737960758478,-0.005111628532573528
An Maothlachán,Offaly,0.0,0.0,0.0
An Leithinse,Offaly,-0.006338794198808862,0.0003848814901788078,-0.0023443942237968995
Fearann na Móna,Offaly,0.0029878159682079457,0.0013259568253902367,-0.09509730255710999
Cluain Oirill,Offaly,-0.18719487351698474,0.16011892890503346,0.08011326707767512
An Choill Daingean,Offaly,-0.11246425154362003,0.22764558632494328,0.28767194679009706
Baile Uí Dhúnáin,Offaly,3.2921717515048043,-0.10609300283988501,-0.043010777458396085
An Ghléib Thoir,Offaly,0.07315748817823561,-0.28347291458044294,0.09029644432727107
Tobar Lithín,Offaly,-0.09477715267177078,-0.012421135773137484,-0.04088235664606125
Béal Átha na Meantán Thiar,Offaly,0.24248142376192924,0.08317348332629554,0.008356255552858918
Áth na mBó,Offaly,-0.08952563112029906,0.051042378114076616,-0.035360953872224474
An Cillín,Offaly,-0.03907497264060083,0.00343799313305366,-0.012951320059889379
An Bhreacach,Offaly,0.0,0.0,0.0
Coill Mhurcha,Offaly,-0.01324704229259062,0.03375238186262906,-0.015587478279185094
Cill Aichidh,Offaly,-0.4686998157467367,-2.6977937602862743,0.8832247406320276
Ráth Lithean,Offaly,-0.12002901962883608,0.15144999138927867,0.1145533661804946
Garbhaile nó Gleann na Sionnach,Offaly,-0.14106428656372916,0.10236727862273413,0.08236590049700399
An Choill Mhór,Offaly,-0.43861825034483015,1.8680660000732143,2.3830155751802486
An Goirtín,Offaly,-0.04750825628875171,0.004197119170750803,-0.016632909523057564
An Treascán,Offaly,0.0,0.0,0.0
Baile Uí Choinneacháin,Offaly,3.2507026158874353,-0.10940009875534719,-0.03711456913086497
Coill an Átha,Offaly,0.04957214610463435,0.04019038573840085,-0.04605629901018306
Coill an Eanaigh,Offaly,-0.037928074892272325,0.05053729608531868,-0.021634175766918645
An Ros,Offaly,-0.1167950762635073,0.13964003817674042,0.12691140728093475
Cúil Raithin,Offaly,-0.05939669541086423,0.059595212974014496,-0.025987725831029134
Coill na Cora,Offaly,-0.017432580294473914,0.061549450951333524,-0.10059162705486212
An Garraí Dubh,Offaly,-0.1868835626756118,0.07228111673354974,-0.1865872429097833
Baile na Sraithe nó Tigh na Croise,Offaly,1.6971434105287433,-0.044762283302690574,0.1527264192011352
Ros na nGabhlóg nó Tír na hIníne,Offaly,-0.14148525221162073,0.16385834617422748,0.14848868286334796
Baile an tSrutháin,Offaly,1.7345540009440181,-0.0434885470722082,0.14215107687005946
An Bhearú,Offaly,0.0,0.0,0.0
An Tarbh Dubh,Offaly,-0.1539854998363917,0.08395618300443959,-0.18263442033664945
Ród,Offaly,0.0,0.0,0.0
An Clochán,Offaly,-0.03584458760217801,-0.008699111821370644,-0.015381038690232942
Bealach Asáin,Offaly,-0.04640517149972627,0.05151838865045337,0.056775550329381905
Baile Mhic Liam,Offaly,2.121089396109499,-0.2048496849070822,0.35307238348735837
Brothlach,Offaly,-0.006338794198808865,0.00038488149017880814,-0.002344394223796917
Cruachán,Offaly,-0.013689929290491653,0.0008456565207107156,-0.005161668798619203
Éadan Doire (Tuath),Offaly,-0.12967315013233546,-0.033169996507185454,0.0184015782196808
Cill Chluana Fearta,Offaly,-0.49203107757916903,-2.7446345240461136,0.9047719404329762
Abhainn Airgid,Offaly,-0.130449643508076,0.15349775753583397,0.06020789142559316
Droim Cáithe,Offaly,-0.24973556993840113,0.22474171660894424,-0.10778259133207715
Searbhóg,Offaly,0.0,0.0,0.0
An Clochán,Offaly,-0.03584458760217801,-0.008699111821370644,-0.015381038690232942
An Féar Bán,Offaly,-0.01554873768403919,0.1437551994788273,-0.03901103740418307
Pollach,Offaly,0.0,0.0,0.0
