w2,w1,count_w1_w2,count_w1,count_w2,pmi,sppmi,k11,k12,k21,k22,row1,row2,col1,col2,LLR_Score
átha,béal,338,479,503,6.595908702021472,5.595908702021472,338,141,165,68309,479,68474,503,68450,3052.946477504199
uí,baile,1270,8348,2121,2.3061946922501324,1.3061946922501324,1270,7078,851,59754,8348,60605,2121,66832,2875.503517273127
tí,áit,54,62,152,8.626089379614003,7.626089379614003,54,8,98,68793,62,68891,152,68801,634.9385825296226
nua,baile,280,8348,470,2.298876886501126,1.2988768865011262,280,8068,190,60415,8348,60605,470,68483,604.0900897373565
bhfianna,páirc,60,599,64,6.753804104100729,5.753804104100729,60,539,4,68350,599,68354,64,68889,545.816918776802
chaol,cheathrú,49,300,73,7.269392296020305,6.269392296020305,49,251,24,68629,300,68653,73,68880,449.0218364497768
giolla,mac,55,980,58,6.060066480675512,5.060066480675512,55,925,3,67970,980,67973,58,68895,447.4693710879384
mac,baile,368,8348,981,1.6315634459589339,0.6315634459589339,368,7980,613,59992,8348,60605,981,67972,422.7544627650542
bhríde,cill,70,2693,107,4.066143217323143,3.066143217323143,70,2623,37,66223,2693,66260,107,68846,320.6376995244925
dhiarmada,leaba,23,59,40,9.392316513088804,8.392316513088804,23,36,17,68877,59,68894,40,68913,280.8199657536094
caoin,cluain,60,1448,141,4.340819057407514,3.340819057407514,60,1388,81,67424,1448,67505,141,68812,277.0290028780229
cille,cholm,22,22,145,8.89341661126606,7.89341661126606,22,0,123,68808,22,68931,145,68808,274.7494833498466
choileáin,uí,42,2137,46,4.880709975342931,3.8807099753429313,42,2095,4,66812,2137,66816,46,68907,265.6897770140927
domhnaigh,rí,20,29,49,9.922562956925576,8.922562956925576,20,9,29,68895,29,68924,49,68904,263.62993284646853
riabhach,cheathrú,46,300,307,5.105974121471947,4.105974121471947,46,254,261,68392,300,68653,307,68646,250.215749184056
mhuire,cill,61,2693,111,3.814648657992103,2.814648657992103,61,2632,50,66210,2693,66260,111,68842,248.0661730379693
dhálaigh,uí,34,2137,34,5.011954508621184,4.011954508621184,34,2103,0,66816,2137,66816,34,68919,236.7605746328329
re,tóin,21,148,26,8.555750040289714,7.555750040289714,21,127,5,68800,148,68805,26,68927,235.73361023089168
gaoith,tóin,23,148,40,8.065506196821696,7.065506196821696,23,125,17,68788,148,68805,40,68913,231.90357822661417
ghráinne,dhiarmada,15,20,28,10.850933279944547,9.850933279944547,15,5,13,68920,20,68933,28,68925,221.8258593710853
ghleann,abhainn,34,519,92,5.61763585811644,4.61763585811644,34,485,58,68376,519,68434,92,68861,214.34605166851475
cholmáin,cill,40,2693,51,4.32782993969519,3.3278299396951896,40,2653,11,66249,2693,66260,51,68902,207.67702567681917
mbreac,loch,37,1826,53,4.720387562362523,3.7203875623625233,37,1789,16,67111,1826,67127,53,68900,205.3725724114397
mór,choill,75,258,2525,2.9888494638271017,1.9888494638271017,75,183,2450,66245,258,68695,2525,66428,200.48793148725287
uirbeach,uimh,15,15,94,9.518736849603357,8.518736849603357,15,0,79,68859,15,68938,94,68859,200.46549005606397
gaoith,re,15,26,40,9.957848483861058,8.957848483861058,15,11,25,68902,26,68927,40,68913,194.6477456718914
nua,caisleán,49,480,470,3.9046280032226846,2.9046280032226846,49,431,421,68052,480,68473,470,68483,182.9774410746423
átha,bhéal,26,54,503,6.044463327453091,5.044463327453091,26,28,477,68422,54,68899,503,68450,182.83175898630424
sin,paróiste,19,84,63,7.951655868445904,6.951655868445904,19,65,44,68825,84,68869,63,68890,182.5981789009059
finn,suí,14,38,31,9.678556799508138,8.678556799508138,14,24,17,68898,38,68915,31,68922,173.36773630818487
rua,mhóin,33,117,694,4.808563248477783,3.8085632484777827,33,84,661,68175,117,68836,694,68259,167.51165368398392
breac,cnoc,52,2293,154,3.343958239146392,2.343958239146392,52,2241,102,66558,2293,66660,154,68799,164.91256697162163
cheallaigh,uí,32,2137,48,4.426992007900028,3.4269920079000276,32,2105,16,66800,2137,66816,48,68905,162.69149404324463
mór,domhnach,40,82,2525,3.7356341190237536,2.7356341190237536,40,42,2485,66386,82,68871,2525,66428,154.64715676536292
finne,bó,13,34,39,9.4009003593095,8.4009003593095,13,21,26,68893,34,68919,39,68914,154.11340594057876
geal,teampall,21,305,59,6.330334642247665,5.330334642247665,21,284,38,68610,305,68648,59,68894,152.64128952132432
baile,páirc,46,599,445,3.572813938695462,2.572813938695462,46,553,399,67955,599,68354,445,68508,150.80936219790468
aodha,mac,36,980,148,4.097159398091787,3.0971593980917866,36,944,112,67861,980,67973,148,68805,146.45563748948547
baiste,eoin,8,12,8,12.488363200559839,11.488363200559839,8,4,0,68941,12,68941,8,68945,145.71055336255122
abhann,bun,16,291,24,7.303487857651554,6.303487857651554,16,275,8,68654,291,68662,24,68929,145.37529948655174
uabhar,dún,19,667,27,6.184822761376527,5.184822761376527,19,648,8,68278,667,68286,27,68926,144.13572023146344
chaisleáin,ceathrú,30,452,179,4.676221557210069,3.676221557210069,30,422,149,68352,452,68501,179,68774,143.66947009959716
muire,tobar,18,514,27,6.4827386513659615,5.4827386513659615,18,496,9,68430,514,68439,27,68926,142.7538221971595
gaoth,bearna,18,86,132,6.7725918286627556,5.7725918286627556,18,68,114,68753,86,68867,132,68821,139.855234636955
móin,baile,87,8348,188,1.9344654602922509,0.9344654602922509,87,8261,101,60504,8348,60605,188,68765,134.43717701566965
ghainimh,clais,15,93,60,7.534166890172963,6.534166890172963,15,78,45,68815,93,68860,60,68893,133.43692388561178
maonais,ráth,16,1086,16,5.988517313476634,4.988517313476634,16,1070,0,67867,1086,67867,16,68937,133.06274526805817
muclach,corr,18,503,36,6.098911111475468,5.098911111475468,18,485,18,68432,503,68450,36,68917,128.1361215253233
mainistreach,fearann,18,388,46,6.119775904479166,5.119775904479166,18,370,28,68537,388,68565,46,68907,126.05314678932787
uisce,lios,33,1124,135,3.9064779033676915,2.9064779033676915,33,1091,102,67727,1124,67829,135,68818,125.75109413976027
áth,droichead,20,444,62,5.646641619431376,4.646641619431376,20,424,42,68467,444,68509,62,68891,125.27047740734365
dubh,garraí,39,308,763,3.5164021326138113,2.5164021326138113,39,269,724,67921,308,68645,763,68190,124.97647642528342
bríde,tobar,17,514,31,6.200967682950581,5.200967682950581,17,497,14,68425,514,68439,31,68922,124.64718328632219
mhuilinn,baile,96,8348,235,1.7545563702773161,0.7545563702773161,96,8252,139,60466,8348,60605,235,68718,124.02353925323727
fhloinn,uí,20,2137,23,4.810320647451533,3.810320647451533,20,2117,3,66813,2137,66816,23,68930,121.51823837125961
chuáin,cill,23,2693,29,4.343908147708763,3.3439081477087633,23,2670,6,66254,2693,66260,29,68924,120.26148352268902
chuinn,uí,17,2137,17,5.011954508621184,4.011954508621184,17,2120,0,66816,2137,66816,17,68936,118.24815739503998
phádraig,tobar,24,514,125,4.686879368146186,3.6868793681461858,24,490,101,68338,514,68439,125,68828,115.44472393176287
thiar,mór,38,224,1146,3.351506963910071,2.351506963910071,38,186,1108,67621,224,68729,1146,67807,114.69109380466307
thomáis,baile,40,8348,53,2.6401184564453226,1.6401184564453226,40,8308,13,60592,8348,60605,53,68900,113.3695972335525
dubh,charraig,34,251,763,3.6137057417460317,2.6137057417460317,34,217,729,67973,251,68702,763,68190,113.30110129775326
eich,léim,11,58,37,8.465322959161771,7.465322959161771,11,47,26,68869,58,68895,37,68916,113.00895836254873
eich,ceann,14,251,37,6.699683703758878,5.699683703758878,14,237,23,68679,251,68702,37,68916,109.11019208413764
baile,diméin,22,123,445,4.792581288725292,3.792581288725292,22,101,423,68407,123,68830,445,68508,108.70285160319312
choiscéim,carraig,13,819,14,6.288690855723474,5.288690855723474,13,806,1,68133,819,68134,14,68939,108.28410131398337
coille,tigh,23,285,223,4.641169648365598,3.641169648365598,23,262,200,68468,285,68668,223,68730,107.86688119071846
dearg,bhearna,11,30,91,8.118072084111077,7.118072084111077,11,19,80,68843,30,68923,91,68862,107.86670610991584
liath,charraig,24,251,295,4.4821735038021755,3.4821735038021755,24,227,271,68431,251,68702,295,68658,107.28917474918092
sheáin,baile,56,8348,103,2.1669652109955453,1.1669652109955453,56,8292,47,60558,8348,60605,103,68850,106.86575258410005
chúile,cill,22,2693,31,4.183562495029745,3.1835624950297454,22,2671,9,66251,2693,66260,31,68922,106.2151497482146
bhán,cheathrú,24,300,253,4.44647593681196,3.44647593681196,24,276,229,68424,300,68653,253,68700,106.09691140555957
dhonnagáin,uí,17,2137,19,4.8514898364279375,3.8514898364279375,17,2120,2,66814,2137,66816,19,68934,105.58626430844899
móir,tí,12,134,37,7.382745645915429,6.382745645915429,12,122,25,68794,134,68819,37,68916,104.40851065269084
mhurchú,uí,22,2137,37,4.261932761629531,3.261932761629531,22,2115,15,66801,2137,66816,37,68916,104.05167568506417
dhuach,mac,12,980,12,6.136687762278425,5.136687762278425,12,968,0,67973,980,67973,12,68941,102.23252141416046
leathan,doire,24,876,100,4.239644952626253,3.2396449526262527,24,852,76,68001,876,68077,100,68853,101.8899295392449
liath,chorr,19,131,295,5.0832590689379265,4.0832590689379265,19,112,276,68546,131,68822,295,68658,100.93555671165498
chríochach,chorr,8,131,8,9.039902699743545,8.039902699743545,8,123,0,68822,131,68822,8,68945,100.75361081156848
reannach,leadhb,5,6,5,13.488363200559839,12.488363200559839,5,1,0,68947,6,68947,5,68948,99.91032771500572
buí,bóthar,21,155,364,4.6817240785868215,3.6817240785868215,21,134,343,68455,155,68798,364,68589,99.84565310479874
bhreac,chloch,12,95,60,7.181541998062685,6.181541998062685,12,83,48,68810,95,68858,60,68893,99.74456859405188
caitríona,sin,7,63,7,10.096045777781079,9.096045777781079,7,56,0,68890,63,68890,7,68946,98.7802286728527
chearnaigh,uí,18,2137,24,4.596917009342341,3.5969170093423406,18,2119,6,66810,2137,66816,24,68929,98.59472668650903
fearta,cluain,16,1448,22,5.114048195560492,4.114048195560492,16,1432,6,67499,1448,67505,22,68931,98.26746800451848
chéin,uí,14,2137,14,5.011954508621184,4.011954508621184,14,2123,0,66816,2137,66816,14,68939,97.36169542748807
gheal,cathair,11,341,16,7.119129390894119,6.119129390894119,11,330,5,68607,341,68612,16,68937,97.33473515712397
leacach,táth,8,38,18,9.655473186395097,8.655473186395097,8,30,10,68905,38,68915,18,68935,97.15134118606753
thoir,mór,34,224,1115,3.2306056256660627,2.2306056256660627,34,190,1081,67648,224,68729,1115,67838,96.76167667243674
oileáin,loch,24,1826,59,3.9411741026560874,2.9411741026560874,24,1802,35,67092,1826,67127,59,68894,96.73710410305874
caoire,easa,6,25,6,11.42946951150627,10.42946951150627,6,19,0,68928,25,68928,6,68947,96.63853255970567
gharbh,choill,16,258,91,5.554303805659044,4.554303805659044,16,242,75,68620,258,68695,91,68862,95.73018098885692
teampaill,baile,67,8348,153,1.8548121638862802,0.8548121638862802,67,8281,86,60519,8348,60605,153,68800,95.70829600154268
ádaim,mac,12,980,13,6.021210544858488,5.021210544858488,12,968,1,67972,980,67973,13,68940,95.20987891931671
bhán,leaca,16,95,253,5.5204765182557365,4.5204765182557365,16,79,237,68621,95,68858,253,68700,94.8829156193246
braoin,daraidh,5,5,8,13.073325701280996,12.073325701280996,5,0,3,68945,5,68948,8,68945,94.73205041095699
uinseogach,chorr,8,131,9,8.869977698301232,7.869977698301232,8,123,1,68821,131,68822,9,68944,94.47820436038525
caoch,mbreac,8,36,22,9.443969081201386,8.443969081201386,8,28,14,68903,36,68917,22,68931,94.01822386581587
fhiachrach,chruimthir,5,5,9,12.903400699838683,11.903400699838683,5,0,4,68944,5,68948,9,68944,92.95175384276064
árann,tiobraid,7,18,20,10.388827527008925,9.388827527008925,7,11,13,68922,18,68935,20,68933,92.78241088781763
tarbh,cluain,14,1448,17,5.293371895005055,4.293371895005055,14,1434,3,67502,1448,67505,17,68936,92.58587605961539
pádraig,tobar,15,514,43,5.548326992993537,4.548326992993537,15,499,28,68411,514,68439,43,68910,92.19617059184759
ógáin,uí,16,2137,20,4.690026413733822,3.690026413733822,16,2121,4,66812,2137,66816,20,68933,91.5190038105232
uallacháin,uí,16,2137,20,4.690026413733822,3.690026413733822,16,2121,4,66812,2137,66816,20,68933,91.5190038105232
beag,choill,40,258,1558,2.7785470226834335,1.7785470226834335,40,218,1518,67177,258,68695,1558,67395,91.3645171824369
chnoic,tigh,17,285,120,5.099079837870711,4.099079837870711,17,268,103,68565,285,68668,120,68833,90.53455831267004
chlúmháin,uí,14,2137,15,4.912418835070269,3.9124188350702687,14,2123,1,66815,2137,66816,15,68938,90.07635405012627
dhúgáin,uí,17,2137,24,4.514454849150367,3.5144548491503667,17,2120,7,66809,2137,66816,24,68929,89.71089538929066
mór,toileán,45,220,2525,2.4817514115594905,1.4817514115594905,45,175,2480,66253,220,68733,2525,66428,88.34796273826026
leannáin,uí,15,2137,18,4.74892010278739,3.74892010278739,15,2122,3,66813,2137,66816,18,68935,88.29032626297601
mhichíl,teampall,13,305,45,6.029246890642163,5.029246890642163,13,292,32,68616,305,68648,45,68908,87.67014808836178
mhuire,paróiste,12,84,111,6.471554912873285,5.471554912873285,12,72,99,68770,84,68869,111,68842,87.01176741095794
áth,abhainn,16,519,62,5.099538662536238,4.099538662536238,16,503,46,68388,519,68434,62,68891,86.81869008746796
léinín,iníon,5,7,8,12.587898874110753,11.587898874110753,5,2,3,68943,7,68946,8,68945,86.35645022134061
mhéabha,meascán,5,5,15,12.166435105672477,11.166435105672477,5,0,10,68938,5,68948,15,68938,86.22163717275696
niocláis,sin,8,63,20,8.774117682893717,7.774117682893717,8,55,12,68878,63,68890,20,68933,86.12832124274239
uiséir,cé,6,58,6,10.215344706153424,9.215344706153424,6,52,0,68895,58,68895,6,68947,85.61160010392028
bhradáin,léim,7,58,11,9.56326800957373,8.56326800957373,7,51,4,68891,58,68895,11,68942,85.59596116078464
iolair,nead,7,13,46,9.656678949140494,8.656678949140494,7,6,39,68901,13,68940,46,68907,85.56057731754754
conglais,bealach,7,166,7,8.69828626993407,7.698286269934069,7,159,0,68787,166,68787,7,68946,84.7074054075301
glas,toileán,20,220,314,4.31927333375207,3.3192733337520703,20,200,294,68439,220,68733,314,68639,84.63978240420849
shé,uí,12,2137,12,5.011954508621184,4.011954508621184,12,2125,0,66816,2137,66816,12,68941,83.44195344902013
gharbh,cheathrú,15,300,91,5.243602966194937,4.243602966194937,15,285,76,68577,300,68653,91,68862,83.04808128842657
colláin,stigh,5,20,5,11.751397606393633,10.751397606393633,5,15,0,68933,20,68933,5,68948,82.82365643688236
dubh,lios,55,1124,763,2.144719847750198,1.1447198477501979,55,1069,708,67121,1124,67829,763,68190,82.54048639565583
móire,cille,8,28,54,8.511083277059923,7.511083277059923,8,20,46,68879,28,68925,54,68899,82.2062932768914
fada,charraig,19,251,249,4.389707728705727,3.3897077287057273,19,232,230,68472,251,68702,249,68704,82.13536061428061
mrua,chorca,4,4,5,13.751397606393633,12.751397606393633,4,0,1,68948,4,68949,5,68948,81.03483196518856
rí,tobar,18,514,109,4.469441828752503,3.469441828752503,18,496,91,68348,514,68439,109,68844,80.62670111076241
achaidh,cill,23,2693,52,3.501449424695244,2.501449424695244,23,2670,29,66231,2693,66260,52,68901,80.25504477370967
gcearr,muileann,6,93,6,9.534166890172964,8.534166890172964,6,87,0,68860,93,68860,6,68947,79.69814951424142
bhuí,lorgain,10,27,224,6.8330113719472845,5.8330113719472845,10,17,214,68712,27,68926,224,68729,79.5539391447538
nuan,oileán,13,786,27,5.400492415000012,4.400492415000012,13,773,14,68153,786,68167,27,68926,79.46642807592654
eoin,paróiste,10,84,66,6.958542254031143,5.958542254031143,10,74,56,68813,84,68869,66,68887,79.42356308653731
darach,leacain,9,39,87,7.51490498801233,6.51490498801233,9,30,78,68836,39,68914,87,68866,79.05064790068084
géitine,eas,5,29,5,11.215344706153424,10.215344706153424,5,24,0,68924,29,68924,5,68948,78.65486706349263
cuas,cluain,12,1448,15,5.251551719310427,4.251551719310427,12,1436,3,67502,1448,67505,15,68938,77.9296649871998
baoith,iníne,5,7,15,11.681008278502235,10.681008278502235,5,2,10,68936,7,68946,15,68938,77.84644313044507
habhna,bun,10,291,24,6.6254159525389165,5.6254159525389165,10,281,14,68648,291,68662,24,68929,77.21643151708253
mochua,tigh,9,285,16,7.088432593671204,6.088432593671204,9,276,7,68661,285,68668,16,68937,77.20862360805174
thuaidh,mór,27,224,876,3.246071221785686,2.246071221785686,27,197,849,67880,224,68729,876,68077,76.61459333795753
spealáin,uí,11,2137,11,5.011954508621184,4.011954508621184,11,2126,0,66816,2137,66816,11,68942,76.48345093039832
buaigh,uí,12,2137,13,4.896477291201248,3.896477291201248,12,2125,1,66815,2137,66816,13,68940,76.45364719831397
theas,mór,27,224,888,3.2264424150367534,2.2264424150367534,27,197,861,67868,224,68729,888,68065,75.93796496282303
fada,doire,28,876,249,3.1458916316693446,2.1458916316693446,28,848,221,67856,876,68077,249,68704,75.75932379046014
chuimín,cill,15,2693,20,4.263289687500479,3.263289687500479,15,2678,5,66255,2693,66260,20,68933,75.26634155420814
ruairc,uí,13,2137,16,4.712394226762276,3.7123942267622763,13,2124,3,66813,2137,66816,16,68937,75.14665412785223
búille,mainistir,6,143,6,8.913454364502606,7.913454364502606,6,137,0,68810,143,68810,6,68947,74.39485201742973
lorgan,stigh,6,20,22,9.87692848847749,8.87692848847749,6,14,16,68917,20,68933,22,68931,73.98254083519504
dtamhan,mhistéala,4,4,9,12.903400699838683,11.903400699838683,4,0,5,68944,4,68949,9,68944,73.67354782199638
dhíle,maigh,7,363,7,7.569499963285244,6.569499963285244,7,356,0,68590,363,68590,7,68946,73.59003752623937
dubh,claí,13,33,763,5.153832053229102,4.153832053229102,13,20,750,68170,33,68920,763,68190,73.50837754023662
rua,cnoc,73,2293,694,1.6613377680019574,0.6613377680019574,73,2220,621,66039,2293,66660,694,68259,73.23784321032603
chléirigh,uí,15,2137,24,4.333882603508546,3.3338826035085463,15,2122,9,66807,2137,66816,24,68929,73.13070724858524
mór,cheathrú,48,300,2525,2.1274018389797504,1.1274018389797504,48,252,2477,66176,300,68653,2525,66428,73.0585688734618
abha,bun,9,291,19,6.810447846371438,5.810447846371438,9,282,10,68652,291,68662,19,68934,72.4965610939533
chaisleáin,baile,66,8348,179,1.6066891582153568,0.6066891582153568,66,8282,113,60492,8348,60605,179,68774,72.47887448651556
gceannaithe,cé,6,58,10,9.478379111987216,8.478379111987216,6,52,4,68891,58,68895,10,68943,72.15740283536276
shaileach,droim,12,1146,20,5.173968778357883,4.173968778357883,12,1134,8,67799,1146,67807,20,68933,71.80046567678497
lus,garraithe,4,11,4,12.613894082643696,11.613894082643696,4,7,0,68942,11,68942,4,68949,71.61825717495796
boirche,beanna,4,11,4,12.613894082643696,11.613894082643696,4,7,0,68942,11,68942,4,68949,71.61825717495796
mhaighneann,cill,11,2693,11,4.678327186779323,3.678327186779323,11,2682,0,66260,2693,66260,11,68942,71.38416227678425
glas,chorr,15,131,314,4.652172546460436,3.652172546460436,15,116,299,68523,131,68822,314,68639,70.26061905076071
uidhir,mhig,4,5,8,12.751397606393633,11.751397606393633,4,1,4,68944,5,68948,8,68945,69.94459310841992
dhorcha,bhuaile,6,99,8,9.02893158192254,8.02893158192254,6,93,2,68852,99,68854,8,68945,69.93145484999417
leighin,uí,11,2137,12,4.886423626537325,3.886423626537325,11,2126,1,66815,2137,66816,12,68941,69.66203379574839
chaoimhín,cillín,7,79,20,8.254971780274134,7.2549717802741345,7,72,13,68861,79,68874,20,68933,69.57227815676272
chiabháin,uí,10,2137,10,5.011954508621184,4.011954508621184,10,2127,0,66816,2137,66816,10,68943,69.52586013571431
dhúda,uí,10,2137,10,5.011954508621184,4.011954508621184,10,2127,0,66816,2137,66816,10,68943,69.52586013571431
dhuinn,uí,10,2137,10,5.011954508621184,4.011954508621184,10,2127,0,66816,2137,66816,10,68943,69.52586013571431
maí,fear,6,16,40,9.336360107114789,8.336360107114789,6,10,34,68903,16,68937,40,68913,69.21564411496192
rua,toileán,23,220,694,3.3767360912350872,2.3767360912350872,23,197,671,68062,220,68733,694,68259,68.78234194647408
beag,cealla,9,9,1558,5.467846183219326,4.467846183219326,9,0,1549,67395,9,68944,1558,67395,68.27131434625298
mart,cathair,8,341,13,6.95925805411573,5.95925805411573,8,333,5,68607,341,68612,13,68940,67.86218553293322
mhara,ceann,6,251,6,8.101782147330223,7.101782147330223,6,245,0,68702,251,68702,6,68947,67.53279031762371
dhúin,eanach,7,130,15,7.951422214701626,6.951422214701626,7,123,8,68815,130,68823,15,68938,67.51508108841882
maoilín,steach,5,17,13,10.607351236776925,9.607351236776925,5,12,8,68928,17,68936,13,68940,67.39949285152983
dhoire,loch,18,1826,50,3.76492346296436,2.76492346296436,18,1808,32,67095,1826,67127,50,68903,67.25958011834473
mór,chill,36,185,2525,2.4098015696804755,1.4098015696804755,36,149,2489,66279,185,68768,2525,66428,67.24567250015112
raite,bun,7,291,9,7.525880278988003,6.525880278988003,7,284,2,68660,291,68662,9,68944,67.20083996600147
móire,hairde,5,6,54,10.055403793283732,9.055403793283732,5,1,49,68898,6,68947,54,68899,66.59424090220816
iosóid,séipéal,4,19,4,11.82539818783741,10.82539818783741,4,15,0,68934,19,68934,4,68949,66.48203591456584
sionainnena,uiscebhealach,3,3,3,14.488363200559839,13.488363200559839,3,0,0,68950,3,68950,3,68950,66.25527809413029
héirne,sionainnena,3,3,3,14.488363200559839,13.488363200559839,3,0,0,68950,3,68950,3,68950,66.25527809413029
maola,foraí,3,3,3,14.488363200559839,13.488363200559839,3,0,0,68950,3,68950,3,68950,66.25527809413029
naigín,laoghairean,3,3,3,14.488363200559839,13.488363200559839,3,0,0,68950,3,68950,3,68950,66.25527809413029
mhantach,chloch,5,95,5,9.503470092950048,8.503470092950048,5,90,0,68858,95,68858,5,68948,66.1405726013996
tulach,cill,13,2693,17,4.291304063670076,3.2913040636700757,13,2680,4,66256,2693,66260,17,68936,66.13940238404876
carr,átha,8,437,12,6.71687373105924,5.71687373105924,8,429,4,68512,437,68516,12,68941,65.89997773466226
mhín,chorr,10,131,81,6.021980791746283,5.021980791746283,10,121,71,68751,131,68822,81,68872,65.80282017523052
dubha,carraigeacha,7,38,51,7.960327767923518,6.960327767923518,7,31,44,68871,38,68915,51,68902,65.6712774404242
chnáimhín,uí,11,2137,13,4.770946409117389,3.770946409117389,11,2126,2,66814,2137,66816,13,68940,65.4463462006981
chinnéide,uí,11,2137,13,4.770946409117389,3.770946409117389,11,2126,2,66814,2137,66816,13,68940,65.4463462006981
dara,easa,6,25,33,8.970037892868973,7.970037892868973,6,19,27,68901,25,68928,33,68920,65.36022385957833
bhán,cúl,26,886,253,2.9996089561727586,1.9996089561727586,26,860,227,67840,886,68067,253,68700,65.35573996511327
buachaill,cnocán,7,332,9,7.335716190549362,6.335716190549362,7,325,2,68619,332,68621,9,68944,65.33675259807792
uimh,uirbeach,4,4,22,11.613894082643696,10.613894082643696,4,0,18,68931,4,68949,22,68931,65.17672642633465
leacht,corr,10,503,25,5.7769830165881055,4.7769830165881055,10,493,15,68435,503,68450,25,68928,65.17522788721836
luain,átha,9,437,19,6.223833719779123,5.223833719779123,9,428,10,68506,437,68516,19,68934,65.12553302710265
chonchúir,uí,15,2137,29,4.06086410910213,3.0608641091021296,15,2122,14,66802,2137,66816,29,68924,65.0303985625415
ghobnait,cill,10,2693,10,4.678327186779323,3.678327186779323,10,2683,0,66260,2693,66260,10,68943,64.8911150085703
mbreatnach,baile,21,8348,26,2.7379885207588277,1.7379885207588277,21,8327,5,60600,8348,60605,26,68927,64.55618876932583
bhuí,abhainn,20,519,224,3.5683081457528725,2.5683081457528725,20,499,204,68230,519,68434,224,68729,64.51951337260326
maol,cnoc,21,2293,65,3.2802546714505074,2.2802546714505074,21,2272,44,66616,2293,66660,65,68888,64.29481191127347
síoda,bailte,4,14,5,11.94404268433603,10.94404268433603,4,10,1,68938,14,68939,5,68948,64.28357357768948
chomhartha,craobh,4,14,5,11.94404268433603,10.94404268433603,4,10,1,68938,14,68939,5,68948,64.28357357768948
bhuí,ghlaise,7,12,224,7.488363200559839,6.488363200559839,7,5,217,68724,12,68941,224,68729,64.1647213441309
móir,leitir,8,117,37,6.993507616068641,5.993507616068641,8,109,29,68807,117,68836,37,68916,64.08118108388933
adaim,baile,18,8348,20,2.89410772267611,1.89410772267611,18,8330,2,60603,8348,60605,20,68933,63.55648838909667
mhaoilíona,crois,5,126,5,9.096045777781079,8.096045777781079,5,121,0,68827,126,68827,5,68948,63.24971282869869
pheadair,paróiste,7,84,28,7.681008278502235,6.681008278502235,7,77,21,68848,84,68869,28,68925,63.100799136789746
mhaonaigh,uí,13,2137,21,4.320076803983516,3.3200768039835156,13,2124,8,66808,2137,66816,21,68932,62.99190703584843
féile,mainistir,6,143,9,8.32849186378145,7.32849186378145,6,137,3,68807,143,68810,9,68944,62.94953130975331
ghadhra,uí,10,2137,11,4.874450984871249,3.874450984871249,10,2127,1,66815,2137,66816,11,68942,62.88654146262088
bhán,bhuaile,12,99,253,5.045938007228232,4.045938007228232,12,87,241,68613,99,68854,253,68700,62.645033816359
sin,eaglais,7,38,63,7.655473186395096,6.655473186395096,7,31,56,68859,38,68915,63,68890,62.52401934603681
finn,ail,4,4,31,11.11912939089412,10.11912939089412,4,0,27,68922,4,68949,31,68922,62.19719517601972
mhuineach,chluain,5,62,7,9.633702563723878,8.633702563723878,5,57,2,68889,62,68891,7,68946,62.18215614898441
bhroin,uí,11,2137,14,4.664031205200877,3.664031205200877,11,2126,3,66813,2137,66816,14,68939,62.123157580124385
troim,meathas,4,4,32,11.073325701280995,10.073325701280995,4,0,28,68921,4,68949,32,68921,61.925565880495945
chaonraí,pailís,3,4,3,14.073325701280993,13.073325701280993,3,1,0,68949,4,68949,3,68950,61.756596937346515
fhionn,chloch,7,95,28,7.503470092950047,6.503470092950047,7,88,21,68837,95,68858,28,68925,61.31336626839589
doimhin,gleann,9,755,15,5.776027272902348,4.776027272902348,9,746,6,68192,755,68198,15,68938,61.30707423630128
bhriain,uí,19,2137,58,3.401901026937197,2.401901026937197,19,2118,39,66777,2137,66816,58,68895,61.24697890675005
eachach,uíbh,4,15,6,11.581472604951319,10.581472604951319,4,11,2,68936,15,68938,6,68947,61.00386925178759
fear,mainistir,6,143,10,8.176488770336398,7.176488770336398,6,137,4,68806,143,68810,10,68943,60.95053122162297
fhirdhia,átha,6,437,6,7.301836231780397,6.301836231780397,6,431,0,68516,437,68516,6,68947,60.81720375075115
bhuí,charraig,15,251,224,4.201317820881137,3.201317820881137,15,236,209,68493,251,68702,224,68729,60.73878001251269
phádraig,cill,29,2693,125,2.570523897244808,1.570523897244808,29,2664,96,66164,2693,66260,125,68828,60.535062606744134
chliabh,droim,9,1146,12,5.495896873245246,4.495896873245246,9,1137,3,67804,1146,67807,12,68941,60.42208012464498
míde,cill,11,2693,13,4.437319087275528,3.4373190872755277,11,2682,2,66258,2693,66260,13,68940,60.38048275324239
capall,poll,11,394,53,5.182785045898717,4.182785045898717,11,383,42,68517,394,68559,53,68900,60.26959716729228
moling,tigh,8,285,21,6.52619016945013,5.52619016945013,8,277,13,68655,285,68668,21,68932,60.239309694105266
tó,ráth,8,1086,9,5.818592312034321,4.818592312034321,8,1078,1,67866,1086,67867,9,68944,60.225472023635
catha,cluain,12,1448,24,4.573479814197789,3.573479814197789,12,1436,12,67493,1448,67505,24,68929,60.049603835868524
liath,chloch,12,95,295,4.883861449422,3.8838614494219996,12,83,283,68575,95,68858,295,68658,60.005653727183
ghobhair,achadh,6,477,6,7.175480245275483,6.175480245275483,6,471,0,68476,477,68476,6,68947,59.75923485085481
éalaigh,síol,4,14,7,11.458615857165787,10.458615857165787,4,10,3,68936,14,68939,7,68946,59.72746454514379
dachtáin,leirg,3,5,3,13.751397606393633,12.751397606393633,3,2,0,68948,5,68948,3,68950,59.52516142430441
maí,uachtar,6,32,40,8.336360107114789,7.336360107114789,6,26,34,68887,32,68921,40,68913,59.51649181677356
chór,inse,5,185,5,8.541944240764682,7.541944240764682,5,180,0,68768,185,68768,5,68948,59.34425238756042
geimhleach,inse,5,185,5,8.541944240764682,7.541944240764682,5,180,0,68768,185,68768,5,68948,59.34425238756042
chathasaigh,uí,11,2137,15,4.564495531649963,3.564495531649963,11,2126,4,66812,2137,66816,15,68938,59.336587161282175
uachtarach,mór,24,224,948,2.962190031046288,1.9621900310462879,24,200,924,67805,224,68729,948,68005,59.23437883256323
broc,domhnach,6,82,17,8.213273356133728,7.213273356133728,6,76,11,68860,82,68871,17,68936,59.21297552497442
chaisleáin,feirm,8,33,179,6.545115804658285,5.545115804658285,8,25,171,68749,33,68920,179,68774,59.19232123808838
aogáin,mac,10,980,19,5.210688343722201,4.210688343722201,10,970,9,67964,980,67973,19,68934,59.14162671871708
mearnóg,port,5,189,5,8.511083277059923,7.511083277059923,5,184,0,68764,189,68764,5,68948,59.12742845362698
dealgan,dhún,6,65,21,8.243602966194937,7.243602966194937,6,59,15,68873,65,68888,21,68932,59.071078847377656
róigh,baile,21,8348,28,2.631073316842316,1.6310733168423162,21,8327,7,60598,8348,60605,28,68925,59.03713943526362
lachnáin,uí,10,2137,12,4.74892010278739,3.74892010278739,10,2127,2,66814,2137,66816,12,68941,58.8377429836159
bhraonáin,uí,10,2137,12,4.74892010278739,3.74892010278739,10,2127,2,66814,2137,66816,12,68941,58.8377429836159
cúile,cillín,7,79,39,7.291497656299248,6.291497656299248,7,72,32,68842,79,68874,39,68914,58.80189211965178
móir,átha,10,437,37,5.414310961038809,4.414310961038809,10,427,27,68489,437,68516,37,68916,58.608615502311224
chiaráin,cill,18,2693,45,3.3563990918919604,2.3563990918919604,18,2675,27,66233,2693,66260,45,68908,58.42214567827277
gráinne,dhiarmada,4,20,6,11.166435105672475,10.166435105672475,4,16,2,68931,20,68933,6,68947,58.38551758331
íseal,cúl,13,886,48,4.397640030145912,3.3976400301459124,13,873,35,68032,886,68067,48,68905,58.22534492782077
philib,baile,26,8348,42,2.3542331114834916,1.3542331114834916,26,8322,16,60589,8348,60605,42,68911,58.161798765284075
bhuí,bhuaile,11,99,224,5.096045777781078,4.096045777781078,11,88,213,68641,99,68854,224,68729,58.07344165524711
séamas,sin,5,63,9,9.248048871226128,8.248048871226128,5,58,4,68886,63,68890,9,68944,58.02927940223252
riagáin,uí,13,2137,24,4.127431726041119,3.1274317260411193,13,2124,11,66805,2137,66816,24,68929,57.98568711468725
láirge,phort,4,21,6,11.096045777781077,10.096045777781077,4,17,2,68930,21,68932,6,68947,57.95133875595568
fionóg,dháibhí,3,6,3,13.488363200559839,12.488363200559839,3,3,0,68947,6,68947,3,68950,57.937511927744296
maoluír,shíol,3,3,6,13.488363200559839,12.488363200559839,3,0,3,68947,3,68950,6,68947,57.937511927744296
dháith,baile,22,8348,31,2.5513461243715816,1.5513461243715816,22,8326,9,60596,8348,60605,31,68922,57.91872641267214
conrach,droim,9,1146,13,5.38041965582531,4.38041965582531,9,1137,4,67803,1146,67807,13,68940,57.90309757793889
rúisc,droim,9,1146,13,5.38041965582531,4.38041965582531,9,1137,4,67803,1146,67807,13,68940,57.90309757793889
airt,mac,12,980,35,4.592367246054613,3.5923672460546134,12,968,23,67950,980,67973,35,68918,57.87922288303229
gearr,caisleán,11,480,49,5.011156880194565,4.011156880194565,11,469,38,68435,480,68473,49,68904,57.865730107052514
daoi,eas,4,29,5,10.89341661126606,9.89341661126606,4,25,1,68923,29,68924,5,68948,57.766545269098216
riach,locha,5,57,10,9.240435687116253,8.240435687116253,5,52,5,68891,57,68896,10,68943,57.577544968977676
hinse,tigh,10,285,57,5.407545672951511,4.407545672951511,10,275,47,68621,285,68668,57,68896,57.56098594468725
oiríolaigh,droim,7,1146,7,5.91093437252409,4.91093437252409,7,1139,0,67807,1146,67807,7,68946,57.40219901498226
inbhir,bun,8,291,24,6.303487857651554,5.303487857651554,8,283,16,68646,291,68662,24,68929,57.28571726594503
loch,portach,6,32,48,8.073325701280995,7.073325701280995,6,26,42,68879,32,68921,48,68905,57.16932144709781
bhrúnaigh,baile,32,8348,62,2.0919145057342843,1.0919145057342843,32,8316,30,60575,8348,60605,62,68891,57.06884879304683
bearrcon,ros,6,371,7,7.315657903323743,6.315657903323743,6,365,1,68581,371,68582,7,68946,57.06576784427342
bhéal,droichead,11,444,55,4.956981740043527,3.9569817400435268,11,433,44,68465,444,68509,55,68898,56.781225111017754
fhásaigh,seireapún,3,3,7,13.26597077922339,12.26597077922339,3,0,4,68946,3,68950,7,68946,56.694564628704654
geala,caisle,3,3,7,13.26597077922339,12.26597077922339,3,0,4,68946,3,68950,7,68946,56.694564628704654
cliath,átha,7,437,11,6.649759535200703,5.649759535200703,7,430,4,68512,437,68516,11,68942,56.598934583248564
labhráis,shan,4,7,20,10.94404268433603,9.94404268433603,4,3,16,68930,7,68946,20,68933,56.46343831889353
riabhach,machaire,13,137,307,4.413638491091381,3.4136384910913806,13,124,294,68522,137,68816,307,68646,56.43319642085647
creamha,cluain,10,1448,16,4.895407909085152,3.8954079090851517,10,1438,6,67499,1448,67505,16,68937,56.41553474079711
bearaigh,tearmann,4,17,8,10.985862860030656,9.985862860030656,4,13,4,68932,17,68936,8,68945,56.3997943442306
feichín,tearmann,4,17,8,10.985862860030656,9.985862860030656,4,13,4,68932,17,68936,8,68945,56.3997943442306
nioclás,sin,4,63,4,10.096045777781079,9.096045777781079,4,59,0,68890,63,68890,4,68949,56.243653945439554
labhrás,sin,4,63,4,10.096045777781079,9.096045777781079,4,59,0,68890,63,68890,4,68949,56.243653945439554
connaidh,cluain,9,1448,12,5.158442314918945,4.158442314918945,9,1439,3,67502,1448,67505,12,68941,56.223750245991155
eidhin,uí,9,2137,10,4.859951415176134,3.859951415176134,9,2128,1,66815,2137,66816,10,68943,56.130225633320606
dhonnchú,uí,9,2137,10,4.859951415176134,3.859951415176134,9,2128,1,66815,2137,66816,10,68943,56.130225633320606
beadaí,mbreac,4,36,5,10.58147260495132,9.58147260495132,4,32,1,68916,36,68917,5,68948,55.919849509344644
baile,coill,31,896,445,2.4225055637565056,1.4225055637565056,31,865,414,67643,896,68057,445,68508,55.879437555751664
thoirc,droim,9,1146,14,5.273504451908798,4.273504451908798,9,1137,5,67802,1146,67807,14,68939,55.735460359995
mhichíl,paróiste,7,84,45,6.996510104230164,5.996510104230164,7,77,38,68831,84,68869,45,68908,55.72924261997375
phoill,baile,29,8348,53,2.1761713566855323,1.1761713566855323,29,8319,24,60581,8348,60605,53,68900,55.72408730913571
mánmhaí,dún,6,667,6,6.691782750096409,5.691782750096409,6,661,0,68286,667,68286,6,68947,55.71429762735521
gaelach,baile,17,8348,20,2.8116455624841366,1.8116455624841366,17,8331,3,60602,8348,60605,20,68933,55.68261847543339
morú,íochtar,3,8,3,13.073325701280996,12.073325701280996,3,5,0,68945,8,68945,3,68950,55.67026628401925
leathain,chladaigh,3,3,8,13.073325701280996,12.073325701280996,3,0,5,68945,3,68950,8,68945,55.67026628401925
chatháin,uí,10,2137,13,4.633442885367454,3.6334428853674536,10,2127,3,66813,2137,66816,13,68940,55.668581609929184
chaollaí,uí,8,2137,8,5.011954508621184,4.011954508621184,8,2129,0,66816,2137,66816,8,68945,55.61341195106835
bhaoill,uí,8,2137,8,5.011954508621184,4.011954508621184,8,2129,0,66816,2137,66816,8,68945,55.61341195106835
gorm,cuas,8,152,47,6.270809336159771,5.270809336159771,8,144,39,68762,152,68801,47,68906,55.58263753957792
each,cluain,13,1448,35,4.144636515393915,3.1446365153939153,13,1435,22,67483,1448,67505,35,68918,55.30477121407156
rua,cnocán,24,332,694,2.844456918076965,1.8444569180769652,24,308,670,67951,332,68621,694,68259,55.27823847743316
dealgan,dún,9,667,21,5.469390328759961,4.469390328759961,9,658,12,68274,667,68286,21,68932,55.15987591686317
mílic,móinteach,3,5,4,13.336360107114787,12.336360107114787,3,2,1,68947,5,68948,4,68949,55.02653828176901
fhíonáin,cill,16,2693,37,3.468873821150373,2.468873821150373,16,2677,21,66239,2693,66260,37,68916,54.90874835871312
dubh,chorr,17,131,763,3.551826294159353,2.551826294159353,17,114,746,68076,131,68822,763,68190,54.87442687353858
laoise,port,6,189,12,7.511083277059922,6.511083277059922,6,183,6,68758,189,68764,12,68941,54.381564794380765
aird,mhin,4,4,79,9.769544953103892,8.769544953103892,4,0,75,68874,4,68949,79,68874,54.37966743056137
habhann,bun,10,291,65,5.188010640231619,4.188010640231619,10,281,55,68607,291,68662,65,68888,54.34078454643651
ceara,buiríos,4,22,8,10.613894082643698,9.613894082643698,4,18,4,68927,22,68931,8,68945,54.08846037087086
bat,domhnach,4,82,4,9.715773696662911,8.715773696662911,4,78,0,68871,82,68871,4,68949,54.073831502143925
cárthaigh,stún,3,3,10,12.751397606393633,11.751397606393633,3,0,7,68943,3,68950,10,68943,54.0379920534991
bun,abhainn,12,519,71,4.488950354139588,3.488950354139588,12,507,59,68375,519,68434,71,68882,53.97816967876712
bán,toileán,15,220,323,3.8634662286709287,2.8634662286709287,15,205,308,68425,220,68733,323,68630,53.928327420091506
doirn,mac,7,980,8,5.944042684336029,4.944042684336029,7,973,1,67972,980,67973,8,68945,53.60030197872196
múin,fhia,3,6,4,13.073325701280996,12.073325701280996,3,3,1,68946,6,68947,4,68949,53.4389177929723
fada,loch,32,1826,249,2.278852719228692,1.2788527192286918,32,1794,217,66910,1826,67127,249,68704,53.408140000493425
gorma,beanna,3,11,3,12.613894082643696,11.613894082643696,3,8,0,68942,11,68942,3,68950,53.36432049193702
máma,ucht,3,11,3,12.613894082643696,11.613894082643696,3,8,0,68942,11,68942,3,68950,53.36432049193702
tsáile,cionn,6,109,20,7.568175782337862,6.568175782337862,6,103,14,68830,109,68844,20,68933,53.34126852242061
dhónaill,uí,17,2137,54,3.3445298477080545,2.3445298477080545,17,2120,37,66779,2137,66816,54,68899,53.28715135224666
aird,ceann,10,251,79,5.119929494040482,4.119929494040482,10,241,69,68633,251,68702,79,68874,53.18602883755076
bhearnach,cathair,5,341,5,7.6596977722568225,6.6596977722568225,5,336,0,68612,341,68612,5,68948,53.16629133398461
fhiaigh,páirc,9,599,25,5.372982320159797,4.372982320159797,9,590,16,68338,599,68354,25,68928,53.16541751515051
uisce,mhadra,6,17,135,7.494009763700981,6.494009763700981,6,11,129,68807,17,68936,135,68818,53.067812573505435
bréanainn,tobar,8,514,19,5.8197736386435315,4.8197736386435315,8,506,11,68428,514,68439,19,68934,52.80570038657881
ghlinne,scairteach,3,3,12,12.488363200559839,11.488363200559839,3,0,9,68941,3,68950,12,68941,52.759234623778895
tornóra,crois,5,126,8,8.41797387266844,7.4179738726684405,5,121,3,68824,126,68827,8,68945,52.675240172540995
dhubháin,uí,13,2137,28,3.905039304704672,2.905039304704672,13,2124,15,66801,2137,66816,28,68925,52.66702830374379
oileán,carraig,9,819,20,5.243602966194937,4.243602966194937,9,810,11,68123,819,68134,20,68933,52.62829346304537
buí,átha,20,437,364,3.1159696864690622,2.1159696864690622,20,417,344,68172,437,68516,364,68589,52.62152304737032
roinnt,dara,4,15,13,10.465995387531384,9.465995387531384,4,11,9,68929,15,68938,13,68940,52.59598714971658
coillí,maigh,5,363,5,7.569499963285244,6.569499963285244,5,358,0,68590,363,68590,5,68948,52.5366019326899
choire,log,7,133,36,6.655473186395097,5.655473186395097,7,126,29,68791,133,68820,36,68917,52.5246392466528
mac,cill,89,2693,981,1.2159512915264816,0.21595129152648163,89,2604,892,65368,2693,66260,981,67972,52.440202117837075
uirbeach,thoir,5,10,94,8.518736849603357,7.518736849603357,5,5,89,68854,10,68943,94,68859,52.399269566160875
dtobar,bun,6,291,10,7.151484764206505,6.151484764206505,6,285,4,68658,291,68662,10,68943,52.31123889212016
éanach,thráigh,3,3,13,12.372885983139902,11.372885983139902,3,0,10,68940,3,68950,13,68940,52.209970392532725
mhairbh,duine,3,7,4,12.850933279944547,11.850933279944547,3,4,1,68945,7,68946,4,68949,52.195999502136374
buí,machaire,13,137,364,4.167938696262864,3.1679386962628637,13,124,351,68465,137,68816,364,68589,52.12292144389433
gcoileach,corr,8,503,20,5.7769830165881055,4.7769830165881055,8,495,12,68438,503,68450,20,68933,52.10891312213513
goirt,dumha,4,33,7,10.221576659864937,9.221576659864937,4,29,3,68917,33,68920,7,68946,52.10468089668321
éige,dumha,4,33,7,10.221576659864937,9.221576659864937,4,29,3,68917,33,68920,7,68946,52.10468089668321
néill,uí,15,2137,41,3.5612930996116186,2.5612930996116186,15,2122,26,66790,2137,66816,41,68912,52.09864262766783
nduach,bábhún,4,28,8,10.265970779223391,9.265970779223391,4,24,4,68921,28,68925,8,68945,51.984772720302814
gabhann,mac,9,980,18,5.136687762278424,4.136687762278424,9,971,9,67964,980,67973,18,68935,51.94906377696664
chruach,loch,8,1826,9,5.06892964985446,4.06892964985446,8,1818,1,67126,1826,67127,9,68944,51.909397819349394
chá,cill,8,2693,8,4.678327186779323,3.678327186779323,8,2685,0,66260,2693,66260,8,68945,51.907169469120916
íomair,cill,8,2693,8,4.678327186779323,3.678327186779323,8,2685,0,66260,2693,66260,8,68945,51.907169469120916
chomáin,cill,14,2693,29,3.627701113709355,2.627701113709355,14,2679,15,66245,2693,66260,29,68924,51.88876027012813
thaidhg,mac,14,980,68,3.856579843085689,2.856579843085689,14,966,54,67919,980,67973,68,68885,51.675172014983076
mór,tamhnach,17,49,2525,3.2440110258896064,2.2440110258896064,17,32,2508,66396,49,68904,2525,66428,51.6651351021116
canann,cluain,9,1448,14,4.9360498935824975,3.9360498935824975,9,1439,5,67500,1448,67505,14,68939,51.554986598047876
thiar,beag,17,99,1146,3.3690405936948196,2.3690405936948196,17,82,1129,67725,99,68854,1146,67807,51.459515271048346
ineasclainn,droim,7,1146,8,5.7182892945816945,4.7182892945816945,7,1139,1,67806,1146,67807,8,68945,51.40719298861146
rois,cill,24,2693,101,2.605078204748684,1.605078204748684,24,2669,77,66183,2693,66260,101,68852,51.182391051219426
beigile,tulacha,3,8,4,12.65828820200215,11.65828820200215,3,5,1,68944,8,68945,4,68949,51.17173016606264
bearaigh,thearmann,3,4,8,12.65828820200215,11.65828820200215,3,1,5,68944,4,68949,8,68945,51.17173016606264
coiligh,mac,6,980,6,6.136687762278425,5.136687762278425,6,974,0,67973,980,67973,6,68947,51.079821627876825
craith,mac,6,980,6,6.136687762278425,5.136687762278425,6,974,0,67973,980,67973,6,68947,51.079821627876825
bán,halla,10,69,323,4.951338984696264,3.951338984696264,10,59,313,68571,69,68884,323,68630,51.013544676010966
éadair,binn,5,125,9,8.259544510063957,7.259544510063957,5,120,4,68824,125,68828,9,68944,50.97965298125678
lua,crionna,3,3,16,12.073325701280996,11.073325701280996,3,0,13,68937,3,68950,16,68937,50.81279600900757
laighin,uí,10,2137,15,4.426992007900028,3.4269920079000276,10,2127,5,66811,2137,66816,15,68938,50.74382166517218
daraigh,leacain,4,39,7,9.980568560361142,8.980568560361142,4,35,3,68911,39,68914,7,68946,50.68810009928624
síomoin,átha,5,437,5,7.301836231780397,6.301836231780397,5,432,0,68516,437,68516,5,68948,50.66953707543661
húlla,átha,5,437,5,7.301836231780397,6.301836231780397,5,432,0,68516,437,68516,5,68948,50.66953707543661
róine,átha,5,437,5,7.301836231780397,6.301836231780397,5,432,0,68516,437,68516,5,68948,50.66953707543661
aill,dún,7,667,11,6.039706053516716,5.039706053516716,7,660,4,68282,667,68286,11,68942,50.66682960449327
roinn,dara,4,15,16,10.166435105672477,9.166435105672477,4,11,12,68926,15,68938,16,68937,50.65050598634917
araild,crois,4,126,4,9.096045777781079,8.096045777781079,4,122,0,68827,126,68827,4,68949,50.567305453055795
cuimne,steach,3,17,3,11.985862860030656,10.985862860030656,3,14,0,68936,17,68936,3,68950,50.41130335800386
naíon,glas,4,51,6,9.815937858588342,8.815937858588342,4,47,2,68900,51,68902,6,68947,50.361428715581226
bhán,trá,13,211,253,4.069672656020591,3.0696726560205914,13,198,240,68502,211,68742,253,68700,50.22112185486908
gaoth,máistir,4,4,132,9.02893158192254,8.02893158192254,4,0,128,68821,4,68949,132,68821,50.18925109053445
cúirte,baile,24,8348,41,2.2735213122242324,1.2735213122242324,24,8324,17,60588,8348,60605,41,68912,50.147350397121684
éadaigh,mac,7,980,9,5.774117682893716,4.774117682893716,7,973,2,67971,980,67973,9,68944,50.12233964265529
gearóid,mac,7,980,9,5.774117682893716,4.774117682893716,7,973,2,67971,980,67973,9,68944,50.12233964265529
samh,maí,3,18,3,11.903400699838683,10.903400699838683,3,15,0,68935,18,68935,3,68950,50.03507457549889
garbhán,dún,6,667,7,6.469390328759962,5.469390328759962,6,661,1,68285,667,68286,7,68946,49.99193596365223
uirbeach,thiar,5,12,94,8.255702443769563,7.255702443769563,5,7,89,68852,12,68941,94,68859,49.966741890329935
farannáin,muilte,3,7,5,12.529005185057184,11.529005185057184,3,4,2,68944,7,68946,5,68948,49.96468002102859
cnucha,caisleán,5,480,5,7.166435105672477,6.166435105672477,5,475,0,68473,480,68473,5,68948,49.72584543312149
ghormáin,uí,12,2137,25,3.953060819567615,2.953060819567615,12,2125,13,66803,2137,66816,25,68928,49.63870389910326
laoill,shrath,3,6,6,12.488363200559839,11.488363200559839,3,3,3,68944,6,68947,6,68947,49.620006831273884
ráis,cúrsa,3,6,6,12.488363200559839,11.488363200559839,3,3,3,68944,6,68947,6,68947,49.620006831273884
lí,trá,6,211,15,7.030298417686447,6.030298417686447,6,205,9,68733,211,68742,15,68938,49.50685430076496
ruairí,mac,11,980,37,4.386666015286771,3.386666015286771,11,969,26,67947,980,67973,37,68916,49.40498155800151
dhroighneáin,uí,9,2137,12,4.596917009342341,3.5969170093423406,9,2128,3,66813,2137,66816,12,68941,49.26125335823844
dharach,corr,5,503,5,7.098911111475468,6.098911111475468,5,498,0,68450,503,68450,5,68948,49.25540694228843
dhuibhlis,corr,5,503,5,7.098911111475468,6.098911111475468,5,498,0,68450,503,68450,5,68948,49.25540694228843
salach,loch,20,1826,101,2.9025712634323404,1.9025712634323404,20,1806,81,67046,1826,67127,101,68852,49.24511088814013
dhristin,droim,6,1146,6,5.91093437252409,4.91093437252409,6,1140,0,67807,1146,67807,6,68947,49.19671640716521
bearach,droim,6,1146,6,5.91093437252409,4.91093437252409,6,1140,0,67807,1146,67807,6,68947,49.19671640716521
raithin,ard,11,527,65,4.468730355252623,3.4687303552526227,11,516,54,68372,527,68426,65,68888,49.16233641674988
bua,carn,5,114,11,8.102932163366319,7.102932163366319,5,109,6,68833,114,68839,11,68942,49.132816848290354
álainn,cheathrair,3,3,21,11.681008278502235,10.681008278502235,3,0,18,68932,3,68950,21,68932,49.030392726588545
fhuinsinn,easca,3,21,3,11.681008278502235,10.681008278502235,3,18,0,68932,21,68932,3,68950,49.030392726588545
ghearr,úir,3,3,21,11.681008278502235,10.681008278502235,3,0,18,68932,3,68950,21,68932,49.030392726588545
dubh,chlais,10,35,763,4.6904315323888595,3.6904315323888595,10,25,753,68165,35,68918,763,68190,48.87897125033177
mná,uaigh,4,21,14,9.87365335644463,8.87365335644463,4,17,10,68922,21,68932,14,68939,48.84190606977992
bata,ard,5,527,5,7.031666549643781,6.031666549643781,5,522,0,68426,527,68426,5,68948,48.78702493295083
árann,cé,5,58,20,8.215344706153424,7.215344706153424,5,53,15,68880,58,68895,20,68933,48.780661410652115
briúin,láithreach,3,22,3,11.613894082643696,10.613894082643696,3,19,0,68931,22,68931,3,68950,48.72976508727355
chaoimh,uí,7,2137,7,5.011954508621184,4.011954508621184,7,2130,0,66816,2137,66816,7,68946,48.658553678628465
bhánáin,uí,7,2137,7,5.011954508621184,4.011954508621184,7,2130,0,66816,2137,66816,7,68946,48.658553678628465
tseanáin,cill,10,2693,14,4.192900359609081,3.192900359609081,10,2683,4,66256,2693,66260,14,68939,48.45712536075797
eithne,cill,10,2693,14,4.192900359609081,3.192900359609081,10,2683,4,66256,2693,66260,14,68939,48.45712536075797
rí,brú,5,12,109,8.042106970670275,7.042106970670275,5,7,104,68837,12,68941,109,68844,48.451406037784835
hairde,gob,6,173,19,6.975732460921842,5.975732460921842,6,167,13,68767,173,68780,19,68934,48.42885821544566
gharbháin,cill,12,2693,22,3.8038580688631813,2.8038580688631813,12,2681,10,66250,2693,66260,22,68931,48.35487184017933
ghleann,loch,19,1826,92,2.9632202086833455,1.9632202086833455,19,1807,73,67054,1826,67127,92,68861,48.349419687261836
leathan,charraig,10,251,100,4.77985405244286,3.77985405244286,10,241,90,68612,251,68702,100,68853,48.331039589742176
rua,cúl,36,886,694,2.013295961590028,1.0132959615900279,36,850,658,67409,886,68067,694,68259,48.252521996906395
hoiste,baile,18,8348,25,2.5721796277887474,1.5721796277887474,18,8330,7,60598,8348,60605,25,68928,48.200097520454705
dalua,cill,9,2693,11,4.388820569584338,3.388820569584338,9,2684,2,66258,2693,66260,11,68942,48.12655436406244
cónaí,barr,5,246,7,7.645384368771513,6.645384368771513,5,241,2,68705,246,68707,7,68946,48.09867961701293
dheirg,daimh,3,5,9,12.166435105672477,11.166435105672477,3,2,6,68942,5,68948,9,68944,48.068254493760826
muiríní,oileán,6,786,7,6.232547777685941,5.232547777685941,6,780,1,68166,786,68167,7,68946,48.01720634599944
bhuí,bhearna,7,30,224,6.166435105672476,5.166435105672476,7,23,217,68706,30,68923,224,68729,47.9825006832145
léis,tulach,4,94,5,9.196808754715995,8.196808754715995,4,90,1,68858,94,68859,5,68948,47.95412079672518
moshagard,teach,4,174,4,8.630382205432266,7.630382205432266,4,170,0,68779,174,68779,4,68949,47.949435560350885
labhráis,sin,5,63,20,8.096045777781079,7.096045777781079,5,58,15,68875,63,68890,20,68933,47.91969903784309
gcapall,cnoc,19,2293,76,2.9103050617002015,1.9103050617002015,19,2274,57,66603,2293,66660,76,68877,47.83880685265008
alúine,fiodh,4,46,8,9.549763745223983,8.549763745223983,4,42,4,68903,46,68907,8,68945,47.77297045314597
farracháin,seanadh,3,26,3,11.372885983139902,10.372885983139902,3,23,0,68927,26,68927,3,68950,47.658665782352514
mhadaidh,poll,8,394,31,5.497077571437743,4.497077571437743,8,386,23,68536,394,68559,31,68922,47.65478815536589
ngall,dún,11,667,56,4.343859446676103,3.3438594466761034,11,656,45,68241,667,68286,56,68897,47.59993291907486
mhichíl,cill,16,2693,45,3.1864740904496482,2.1864740904496482,16,2677,29,66231,2693,66260,45,68908,47.58420643743422
conchúir,mac,7,980,10,5.622114589448666,4.622114589448666,7,973,3,67970,980,67973,10,68943,47.4681922667186
ruaidhrí,chill,4,185,4,8.541944240764682,7.541944240764682,4,181,0,68768,185,68768,4,68949,47.45348112916742
fíonáin,tobar,6,514,9,6.4827386513659615,5.4827386513659615,6,508,3,68436,514,68439,9,68944,47.444393921884114
bhfia,páirc,8,599,22,5.387481889854912,4.387481889854912,8,591,14,68340,599,68354,22,68931,47.44097467444236
anraí,baile,19,8348,28,2.4866834075071407,1.4866834075071407,19,8329,9,60596,8348,60605,28,68925,47.42469033270586
fhlannáin,iorras,3,8,6,12.073325701280996,11.073325701280996,3,5,3,68942,8,68945,6,68947,47.352935240568016
coillte,cloich,3,10,5,12.014432012227427,11.014432012227427,3,7,2,68941,10,68943,5,68948,47.308281501371724
íochtarach,mór,21,224,931,2.795650844443357,1.7956508444433572,21,203,910,67819,224,68729,931,68022,47.29519676468067
molaga,leaba,4,59,7,9.38332772986155,8.38332772986155,4,55,3,68891,59,68894,7,68946,47.230517779236585
aoire,corr,7,503,16,5.906266033533072,4.906266033533072,7,496,9,68441,503,68450,16,68937,47.18533758744471
mór,mhóin,24,117,2525,2.485855809892227,1.485855809892227,24,93,2501,66335,117,68836,2525,66428,47.10569261053654
mhuirígh,uí,10,2137,17,4.246419762258206,3.2464197622582063,10,2127,7,66809,2137,66816,17,68936,46.929798059166615
gcearnaigh,abhann,3,9,6,11.903400699838683,10.903400699838683,3,6,3,68941,9,68944,6,68947,46.48077905021729
bhardais,fearann,5,388,6,7.2103784532600725,6.2103784532600725,5,383,1,68564,388,68565,6,68947,46.470505879081465
iomagáin,dún,5,667,5,6.691782750096409,5.691782750096409,5,662,0,68286,667,68286,5,68948,46.42111615522953
búinne,dún,5,667,5,6.691782750096409,5.691782750096409,5,662,0,68286,667,68286,5,68948,46.42111615522953
phraisce,trá,4,211,4,8.352226512573809,7.352226512573809,4,207,0,68742,211,68742,4,68949,46.39065917488275
eois,cluain,6,1448,6,5.573479814197789,4.573479814197789,6,1442,0,67505,1448,67505,6,68947,46.383276008908766
calga,cluain,6,1448,6,5.573479814197789,4.573479814197789,6,1442,0,67505,1448,67505,6,68947,46.383276008908766
tuaiscirt,cluain,6,1448,6,5.573479814197789,4.573479814197789,6,1442,0,67505,1448,67505,6,68947,46.383276008908766
rás,faiche,3,32,3,11.073325701280995,10.073325701280995,3,29,0,68921,32,68921,3,68950,46.343012186776114
mór,tinbhear,7,7,2525,4.771258028754476,3.7712580287544757,7,0,2518,66428,7,68946,2525,66428,46.31928995032288
íochtarach,dubh,14,86,931,3.591778511077707,2.591778511077707,14,72,917,67950,86,68867,931,68022,46.261629708386096
chomhla,both,4,67,7,9.199881588765617,8.199881588765617,4,63,3,68883,67,68886,7,68946,46.18014708961619
caoil,crosa,3,7,8,11.850933279944547,10.850933279944547,3,4,5,68941,7,68946,8,68945,46.11013298674893
srafáin,theach,3,8,7,11.850933279944547,10.850933279944547,3,5,4,68941,8,68945,7,68946,46.11013298674893
dorcha,cúl,10,886,35,4.474807890668372,3.474807890668372,10,876,25,68042,886,68067,35,68918,45.961735954859535
ruiséalaigh,baile,16,8348,21,2.6537933933423994,1.6537933933423994,16,8332,5,60600,8348,60605,21,68932,45.82735481373935
ríona,mása,2,2,2,15.073325701280995,14.073325701280995,2,0,0,68951,2,68951,2,68951,45.79207483392893
saíde,mas,2,2,2,15.073325701280995,14.073325701280995,2,0,0,68951,2,68951,2,68951,45.79207483392893
phite,samhail,2,2,2,15.073325701280995,14.073325701280995,2,0,0,68951,2,68951,2,68951,45.79207483392893
eol,bruí,2,2,2,15.073325701280995,14.073325701280995,2,0,0,68951,2,68951,2,68951,45.79207483392893
naoineach,eacha,2,2,2,15.073325701280995,14.073325701280995,2,0,0,68951,2,68951,2,68951,45.79207483392893
dolc,drochain,2,2,2,15.073325701280995,14.073325701280995,2,0,0,68951,2,68951,2,68951,45.79207483392893
leadhb,phlochóige,2,2,2,15.073325701280995,14.073325701280995,2,0,0,68951,2,68951,2,68951,45.79207483392893
uachtarach,dubh,14,86,948,3.565672619738242,2.565672619738242,14,72,934,67933,86,68867,948,68005,45.78716213515213
dhuibh,uí,18,2137,76,2.9339519966199106,1.9339519966199106,18,2119,58,66758,2137,66816,76,68877,45.62868207572682
mheánach,cheathrú,7,300,27,5.896974430679249,4.896974430679249,7,293,20,68633,300,68653,27,68926,45.55469628881809
sceiche,gort,13,923,73,3.7337540228962953,2.7337540228962953,13,910,60,67970,923,68030,73,68880,45.532027790625904
cloch,páirc,14,599,134,3.5881792400920407,2.5881792400920407,14,585,120,68234,599,68354,134,68819,45.53029510661921
roinne,coimín,4,127,5,8.762712919621467,7.7627129196214675,4,123,1,68825,127,68826,5,68948,45.50258938225625
roinnt,tríú,3,5,13,11.635920388973696,10.635920388973696,3,2,10,68938,5,68948,13,68940,45.48043390350707
iollan,díseart,3,37,3,10.863872335652045,9.863872335652045,3,34,0,68916,37,68916,3,68950,45.431541964977924
iúráin,cill,7,2693,7,4.678327186779323,3.678327186779323,7,2686,0,66260,2693,66260,7,68946,45.41627064346664
cháscann,cill,7,2693,7,4.678327186779323,3.678327186779323,7,2686,0,66260,2693,66260,7,68946,45.41627064346664
chruimthir,cill,7,2693,7,4.678327186779323,3.678327186779323,7,2686,0,66260,2693,66260,7,68946,45.41627064346664
fionna,leaca,4,95,6,8.918507592228892,7.918507592228892,4,91,2,68856,95,68858,6,68947,45.23614468027341
bearcháin,gleann,5,755,5,6.5129928670685535,5.5129928670685535,5,750,0,68198,755,68198,5,68948,45.17744977557997
náile,cill,9,2693,12,4.263289687500479,3.263289687500479,9,2684,3,66257,2693,66260,12,68941,45.14099508626934
caora,inis,7,355,24,5.8240429082253975,4.8240429082253975,7,348,17,68581,355,68598,24,68929,45.10259055775953
fraoigh,circe,3,3,39,10.787923482418748,9.787923482418748,3,0,36,68914,3,68950,39,68914,45.102506997481825
uisce,mhadaidh,4,5,135,8.674582009342801,7.674582009342801,4,1,131,68817,5,68948,135,68818,45.006498906947094
dhobhráin,leic,3,40,3,10.751397606393633,9.751397606393633,3,37,0,68913,40,68913,3,68950,44.944521033313315
mocholmóg,stigh,3,20,4,11.336360107114789,10.336360107114789,3,17,1,68932,20,68933,4,68949,44.848726600862086
mhongáin,uí,9,2137,14,4.374524588005892,3.374524588005892,9,2128,5,66811,2137,66816,14,68939,44.63352854011926
leathrátha,mainistir,4,143,5,8.591526269615242,7.591526269615242,4,139,1,68809,143,68810,5,68948,44.539412075141485
eimhín,mainistir,4,143,5,8.591526269615242,7.591526269615242,4,139,1,68809,143,68810,5,68948,44.539412075141485
gcrúbóg,carraig,5,819,5,6.395606059639986,5.395606059639986,5,814,0,68134,819,68134,5,68948,44.361187846881116
duibh,fhóid,3,3,44,10.613894082643698,9.613894082643698,3,0,41,68909,3,68950,44,68909,44.35117351170641
muirígh,dún,6,667,9,6.106820249375254,5.106820249375254,6,661,3,68283,667,68286,9,68944,44.31484381751273
umhaill,buiríos,3,22,4,11.198856583364854,10.198856583364854,3,19,1,68930,22,68931,4,68949,44.231635134289355
uimh,garman,3,4,22,11.198856583364854,10.198856583364854,3,1,19,68930,4,68949,22,68931,44.231635134289355
uabhar,dhún,5,65,27,7.617998480976434,6.617998480976434,5,60,22,68866,65,68888,27,68926,44.22581254507742
caola,ráth,6,1086,7,5.766124892140185,4.766124892140185,6,1080,1,67866,1086,67867,7,68946,44.1337231242064
eitigh,cionn,4,109,6,8.720178875782914,7.7201788757829135,4,105,2,68842,109,68844,6,68947,44.114972467841845
ghormáin,gráinseach,5,72,25,7.58147260495132,6.58147260495132,5,67,20,68861,72,68881,25,68928,44.01910444440346
láir,trian,7,55,155,5.823196504539702,4.823196504539702,7,48,148,68750,55,68898,155,68798,43.96661812175667
duibhe,coirre,3,4,23,11.134726245945139,10.134726245945139,3,1,20,68929,4,68949,23,68930,43.945407898098026
gorm,cloigín,3,3,47,10.518736849603359,9.518736849603359,3,0,44,68906,3,68950,47,68906,43.941765050824536
teampaill,ceathrú,13,452,153,3.6961986143142473,2.6961986143142473,13,439,140,68361,452,68501,153,68800,43.915116248632046
dhaoile,inbhear,3,13,6,11.372885983139902,10.372885983139902,3,10,3,68937,13,68940,6,68947,43.89307450371845
fada,toileán,12,220,249,3.9169265564094102,2.9169265564094102,12,208,237,68496,220,68733,249,68704,43.84741105956904
caladh,port,7,189,46,5.794876243060513,4.794876243060513,7,182,39,68725,189,68764,46,68907,43.8256501694351
fhinn,éin,3,3,48,10.488363200559839,9.488363200559839,3,0,45,68905,3,68950,48,68905,43.811278858935204
anna,sin,5,63,29,7.559992877540869,6.559992877540869,5,58,24,68866,63,68890,29,68924,43.76606217008187
tiobrad,cluain,9,1448,19,4.495477302196516,3.495477302196516,9,1439,10,67495,1448,67505,19,68934,43.728185663163806
ghaoithe,mhuilinn,3,17,5,11.24889726586445,10.24889726586445,3,14,2,68934,17,68936,5,68948,43.68199896496189
bhaird,mac,8,980,18,4.966762760836112,3.9667627608361116,8,972,10,67963,980,67973,18,68935,43.67597581830332
bige,mhálanna,3,4,24,11.073325701280995,10.073325701280995,3,1,21,68928,4,68949,24,68929,43.67223843171592
charraigín,ceis,3,4,24,11.073325701280995,10.073325701280995,3,1,21,68928,4,68949,24,68929,43.67223843171592
tóraic,loch,6,1826,6,5.238854651296773,4.238854651296773,6,1820,0,67127,1826,67127,6,68947,43.594782714986195
dubha,garraithe,4,11,51,8.941468740672201,7.941468740672201,4,7,47,68895,11,68942,51,68902,43.58581911146906
bhuí,bhinn,8,66,224,5.221576659864938,4.221576659864938,8,58,216,68671,66,68887,224,68729,43.57297092477347
éadair,bhinn,4,66,9,8.85900658048023,7.85900658048023,4,62,5,68882,66,68887,9,68944,43.503137034592726
úctha,muileann,4,93,7,8.72681196811536,7.72681196811536,4,89,3,68857,93,68860,7,68946,43.49001573639097
mullaigh,droim,6,1146,7,5.688541951187642,4.688541951187642,6,1140,1,67806,1146,67807,7,68946,43.48843351307422
dubha,críocha,3,3,51,10.4009003593095,9.4009003593095,3,0,48,68902,3,68950,51,68902,43.436034336042695
dubha,staighrí,3,3,51,10.4009003593095,9.4009003593095,3,0,48,68902,3,68950,51,68902,43.436034336042695
mainiach,roisín,3,25,4,11.014432012227427,10.014432012227427,3,22,1,68927,25,68928,4,68949,43.41098562417983
uirbeach,dealgan,4,7,94,8.711381927545753,7.711381927545753,4,3,90,68856,7,68946,94,68859,43.40265637909249
maoluír,síol,3,14,6,11.265970779223391,10.265970779223391,3,11,3,68936,14,68939,6,68947,43.39023374491701
fhaoitigh,baile,24,8348,46,2.107511360785303,1.107511360785303,24,8324,22,60583,8348,60605,46,68907,43.389250230246944
baile,coimín,12,127,445,3.871941989376225,2.871941989376225,12,115,433,68393,127,68826,445,68508,43.35796929974752
bhraoin,cloichear,3,9,9,11.318438199117526,10.318438199117526,3,6,6,68938,9,68944,9,68944,43.34181236195189
croiche,mainistir,6,143,33,6.454022745865309,5.454022745865309,6,137,27,68783,143,68810,33,68920,43.20908496811446
loinge,scoilt,5,62,31,7.486861175394607,6.486861175394607,5,57,26,68865,62,68891,31,68922,43.20582936988264
chainnigh,cill,11,2693,21,3.74544138263786,2.74544138263786,11,2682,10,66250,2693,66260,21,68932,43.11325996178888
aoibhinn,cnocán,6,332,16,6.283248770655225,5.283248770655225,6,326,10,68611,332,68621,16,68937,43.065888818785936
liath,cillín,9,79,295,4.734898810297,3.7348988102970004,9,70,286,68588,79,68874,295,68658,43.000808811231195
ard,fiodh,8,46,341,5.136135816199809,4.136135816199809,8,38,333,68574,46,68907,341,68612,42.997677449825886
maighean,domhnach,4,82,8,8.715773696662911,7.715773696662911,4,78,4,68867,82,68871,8,68945,42.992532166490236
chlainne,clár,3,19,5,11.088432593671202,10.088432593671202,3,16,2,68932,19,68934,5,68948,42.95192139001909
sagard,teach,4,174,5,8.308454110544904,7.308454110544904,4,170,1,68778,174,68779,5,68948,42.95034863096139
mháirtín,baile,23,8348,43,2.1434080174760743,1.1434080174760743,23,8325,20,60585,8348,60605,43,68910,42.928473876696785
liath,doire,22,876,295,2.553399116067915,1.553399116067915,22,854,273,67804,876,68077,295,68658,42.92836868973387
chearúill,uí,8,2137,11,4.552522889983886,3.5525228899838863,8,2129,3,66813,2137,66816,11,68942,42.910657582789305
churaigh,port,5,189,12,7.2480488712261275,6.2480488712261275,5,184,7,68757,189,68764,12,68941,42.86420340319257
eoin,tobar,10,514,66,4.345235127616025,3.345235127616025,10,504,56,68383,514,68439,66,68887,42.85228999854996
gcapall,oileán,12,786,76,3.7919751862999593,2.7919751862999593,12,774,64,68103,786,68167,76,68877,42.71260775873975
chionaoith,uí,7,2137,8,4.819309430678787,3.8193094306787874,7,2130,1,66815,2137,66816,8,68945,42.69299359427733
dhúill,uí,7,2137,8,4.819309430678787,3.8193094306787874,7,2130,1,66815,2137,66816,8,68945,42.69299359427733
mhadaín,uí,7,2137,8,4.819309430678787,3.8193094306787874,7,2130,1,66815,2137,66816,8,68945,42.69299359427733
aoláin,uí,7,2137,8,4.819309430678787,3.8193094306787874,7,2130,1,66815,2137,66816,8,68945,42.69299359427733
dhubhthaigh,uí,7,2137,8,4.819309430678787,3.8193094306787874,7,2130,1,66815,2137,66816,8,68945,42.69299359427733
sróna,mín,4,180,5,8.259544510063957,7.259544510063957,4,176,1,68772,180,68773,5,68948,42.67619857424415
nóstaí,cé,3,58,3,10.215344706153424,9.215344706153424,3,55,0,68895,58,68895,3,68950,42.64221297895829
réanáin,mac,5,980,5,6.136687762278425,5.136687762278425,5,975,0,67973,980,67973,5,68948,42.561469329225105
cuinn,mac,5,980,5,6.136687762278425,5.136687762278425,5,975,0,67973,980,67973,5,68948,42.561469329225105
dónall,cathair,4,341,4,7.6596977722568225,6.6596977722568225,4,337,0,68612,341,68612,4,68949,42.52125664005698
collachair,drom,4,342,4,7.655473186395096,6.655473186395096,4,338,0,68611,342,68611,4,68949,42.49769228562236
déag,acra,3,16,6,11.073325701280995,10.073325701280995,3,13,3,68934,16,68937,6,68947,42.496161228160894
móire,coille,5,38,54,7.392438780561304,6.392438780561304,5,33,49,68866,38,68915,54,68899,42.45381639927818
mheasaigh,tí,4,134,6,8.422274010102067,7.4222740101020666,4,130,2,68817,134,68819,6,68947,42.43648083662535
thoir,beag,15,99,1115,3.2280316820022366,2.2280316820022366,15,84,1100,67754,99,68854,1115,67838,42.42550833602873
ramhar,cnoc,16,2293,60,3.003414466091683,2.003414466091683,16,2277,44,66616,2293,66660,60,68893,42.38912385205066
dhomhnaigh,both,4,67,10,8.68530841593586,7.685308415935859,4,63,6,68880,67,68886,10,68943,42.28611239258488
móire,mná,4,12,54,8.73347569839637,7.73347569839637,4,8,50,68891,12,68941,54,68899,42.2565022262876
phámar,baile,10,8348,10,3.046110816121159,2.046110816121159,10,8338,0,60605,8348,60605,10,68943,42.238595847123136
mhistéala,baile,10,8348,10,3.046110816121159,2.046110816121159,10,8338,0,60605,8348,60605,10,68943,42.238595847123136
córthaidh,inis,4,355,4,7.601650486888951,6.601650486888951,4,351,0,68598,355,68598,4,68949,42.197509435416436
cealtra,inis,4,355,4,7.601650486888951,6.601650486888951,4,351,0,68598,355,68598,4,68949,42.197509435416436
thrá,dumhach,3,14,7,11.043578357886943,10.043578357886943,3,11,4,68935,14,68939,7,68946,42.14760555928674
chlochach,cheathrú,5,300,9,6.996510104230164,5.996510104230164,5,295,4,68649,300,68653,9,68944,42.12641154014243
meán,inis,7,355,29,5.551024413818983,4.551024413818983,7,348,22,68576,355,68598,29,68924,42.073246974415746
réamainn,mac,9,980,28,4.499257841663132,3.499257841663132,9,971,19,67954,980,67973,28,68925,42.02137160300789
chairce,maigh,4,363,4,7.569499963285244,6.569499963285244,4,359,0,68590,363,68590,4,68949,42.01822834822654
dheilge,maigh,4,363,4,7.569499963285244,6.569499963285244,4,359,0,68590,363,68590,4,68949,42.01822834822654
chonn,maigh,4,363,4,7.569499963285244,6.569499963285244,4,359,0,68590,363,68590,4,68949,42.01822834822654
chromtha,maigh,4,363,4,7.569499963285244,6.569499963285244,4,359,0,68590,363,68590,4,68949,42.01822834822654
arnaí,maigh,4,363,4,7.569499963285244,6.569499963285244,4,359,0,68590,363,68590,4,68949,42.01822834822654
nuad,maigh,4,363,4,7.569499963285244,6.569499963285244,4,359,0,68590,363,68590,4,68949,42.01822834822654
nealta,maigh,4,363,4,7.569499963285244,6.569499963285244,4,359,0,68590,363,68590,4,68949,42.01822834822654
dheisil,maigh,4,363,4,7.569499963285244,6.569499963285244,4,359,0,68590,363,68590,4,68949,42.01822834822654
gconaíle,tuath,3,22,5,10.876928488477493,9.876928488477493,3,19,2,68929,22,68931,5,68948,42.00075083310833
liam,mac,13,980,79,3.5333467322424132,2.5333467322424132,13,967,66,67907,980,67973,79,68874,41.98096801208533
lóin,call,2,3,2,14.488363200559839,13.488363200559839,2,1,0,68950,3,68950,2,68951,41.9729898244934
thuamhan,sparr,2,3,2,14.488363200559839,13.488363200559839,2,1,0,68950,3,68950,2,68951,41.9729898244934
kennedy,fitzgerald,2,2,3,14.488363200559839,13.488363200559839,2,0,1,68950,2,68951,3,68950,41.9729898244934
fitzgerald,rose,2,2,3,14.488363200559839,13.488363200559839,2,0,1,68950,2,68951,3,68950,41.9729898244934
corann,mainistir,4,143,6,8.32849186378145,7.32849186378145,4,139,2,68808,143,68810,6,68947,41.90930241418275
almháin,ros,4,371,4,7.538050324660192,6.538050324660192,4,367,0,68582,371,68582,4,68949,41.84287710726179
tialláin,ros,4,371,4,7.538050324660192,6.538050324660192,4,367,0,68582,371,68582,4,68949,41.84287710726179
eoghain,muintir,4,8,95,8.503470092950048,7.503470092950048,4,4,91,68854,8,68945,95,68858,41.789242792168736
the,both,3,67,3,10.007236510823223,9.007236510823223,3,64,0,68886,67,68886,3,68950,41.75517549842431
cloch,ceathrú,12,452,134,3.772020049129191,2.772020049129191,12,440,122,68379,452,68501,134,68819,41.74079086552938
ghríofa,uí,6,2137,6,5.011954508621184,4.011954508621184,6,2131,0,66816,2137,66816,6,68947,41.70460536513923
shíocháin,uí,6,2137,6,5.011954508621184,4.011954508621184,6,2131,0,66816,2137,66816,6,68947,41.70460536513923
dhúnaígh,uí,6,2137,6,5.011954508621184,4.011954508621184,6,2131,0,66816,2137,66816,6,68947,41.70460536513923
eára,uí,6,2137,6,5.011954508621184,4.011954508621184,6,2131,0,66816,2137,66816,6,68947,41.70460536513923
dhuinnín,uí,6,2137,6,5.011954508621184,4.011954508621184,6,2131,0,66816,2137,66816,6,68947,41.70460536513923
chuinneagáin,uí,6,2137,6,5.011954508621184,4.011954508621184,6,2131,0,66816,2137,66816,6,68947,41.70460536513923
odhragáin,uí,6,2137,6,5.011954508621184,4.011954508621184,6,2131,0,66816,2137,66816,6,68947,41.70460536513923
chuirc,uí,6,2137,6,5.011954508621184,4.011954508621184,6,2131,0,66816,2137,66816,6,68947,41.70460536513923
chnocáin,baile,23,8348,44,2.1102411535408754,1.1102411535408754,23,8325,21,60584,8348,60605,44,68909,41.68115741319793
buí,bealach,12,166,364,3.77545413045653,2.77545413045653,12,154,352,68435,166,68787,364,68589,41.67217582510749
mhása,tóin,4,148,6,8.27890983493089,7.278909834930889,4,144,2,68803,148,68805,6,68947,41.630801172121764
tíomáin,áth,4,381,4,7.499678513787673,6.499678513787673,4,377,0,68572,381,68572,4,68949,41.6289585791782
nurlainn,áth,4,381,4,7.499678513787673,6.499678513787673,4,377,0,68572,381,68572,4,68949,41.6289585791782
iseal,áth,4,381,4,7.499678513787673,6.499678513787673,4,377,0,68572,381,68572,4,68949,41.6289585791782
lára,cluain,10,1448,28,4.088052987027547,3.088052987027547,10,1438,18,67487,1448,67505,28,68925,41.59316170867962
conarta,ráth,5,1086,5,5.988517313476634,4.988517313476634,5,1081,0,67867,1086,67867,5,68948,41.53193200933316
iomgháin,ráth,5,1086,5,5.988517313476634,4.988517313476634,5,1081,0,67867,1086,67867,5,68948,41.53193200933316
chaoráin,loch,7,1826,9,4.876284571912064,3.8762845719120644,7,1819,2,67125,1826,67127,9,68944,41.4365599040148
seantoinne,poll,4,394,4,7.451273881824619,6.451273881824619,4,390,0,68559,394,68559,4,68949,41.35915107963234
leathsheisrí,fearann,5,388,8,6.7953409539812295,5.7953409539812295,5,383,3,68562,388,68565,8,68945,41.314510810470765
holainne,gráinseach,3,72,3,9.903400699838683,8.903400699838683,3,69,0,68881,72,68881,3,68950,41.31372832288766
mhóicléir,gráinseach,3,72,3,9.903400699838683,8.903400699838683,3,69,0,68881,72,68881,3,68950,41.31372832288766
gheala,eanaigh,3,35,4,10.529005185057185,9.529005185057185,3,32,1,68917,35,68918,4,68949,41.281932575769424
mhuiris,baile,22,8348,41,2.147990430140373,1.1479904301403732,22,8326,19,60586,8348,60605,41,68912,41.22679273819005
spidéil,fearann,6,388,16,6.058375359815023,5.058375359815023,6,382,10,68555,388,68565,16,68937,41.19594634402197
ghrífín,baile,16,8348,23,2.5225488600641466,1.5225488600641466,16,8332,7,60598,8348,60605,23,68930,41.12823667975803
tamhnaí,loch,8,1826,13,4.53841493315568,3.5384149331556802,8,1818,5,67122,1826,67127,13,68940,41.07892737192175
éadain,ceathrú,7,452,25,5.416645471148686,4.416645471148686,7,445,18,68483,452,68501,25,68928,41.07870890534798
fearna,buiríos,4,22,32,8.613894082643696,7.6138940826436965,4,18,28,68903,22,68931,32,68921,41.07806048604009
laoghóg,cloch,4,220,5,7.970037892868973,6.970037892868973,4,216,1,68732,220,68733,5,68948,41.055613959879736
lachan,oileán,7,786,16,5.262295121079992,4.262295121079992,7,779,9,68158,786,68167,16,68937,40.97543962693526
iarthach,trian,5,55,43,7.1876293279415995,6.1876293279415995,5,50,38,68860,55,68898,43,68910,40.94995802411519
chom,loch,9,1826,18,4.238854651296773,3.238854651296773,9,1817,9,67118,1826,67127,18,68935,40.934091010760056
baoith,teach,5,174,15,7.04541970471111,6.04541970471111,5,169,10,68769,174,68779,15,68938,40.919624008758305
dabhcha,cúl,6,886,9,5.69720031200482,4.69720031200482,6,880,3,68064,886,68067,9,68944,40.913583407952835
sióin,cnoc,6,2293,6,4.9103050617002015,3.9103050617002015,6,2287,0,66660,2293,66660,6,68947,40.85796086872128
úctha,mhuilinn,3,17,7,10.763470438694208,9.763470438694208,3,14,4,68932,17,68936,7,68946,40.852214469814484
baile,droichead,19,444,445,2.7291758225207143,1.7291758225207143,19,425,426,68083,444,68509,445,68508,40.81360372215023
chéir,cillín,3,79,3,9.769544953103892,8.769544953103892,3,76,0,68874,79,68874,3,68950,40.745658860513224
dubh,gcailleach,6,10,763,5.760820860280258,4.760820860280258,6,4,757,68186,10,68943,763,68190,40.72194313095254
achaille,bealach,4,166,6,8.113323769212915,7.113323769212915,4,162,2,68785,166,68787,6,68947,40.70171739701067
liam,baile,32,8348,79,1.7423300679440565,0.7423300679440565,32,8316,47,60558,8348,60605,79,68874,40.67723099904428
dtortán,léana,3,39,4,10.372885983139902,9.372885983139902,3,36,1,68913,39,68914,4,68949,40.60487035577055
ois,brí,3,10,12,10.751397606393633,9.751397606393633,3,7,9,68934,10,68943,12,68941,40.54377620600929
sluaighe,átha,4,437,4,7.301836231780397,6.301836231780397,4,433,0,68516,437,68516,4,68949,40.5264710265353
grean,átha,4,437,4,7.301836231780397,6.301836231780397,4,433,0,68516,437,68516,4,68949,40.5264710265353
liath,lios,24,1124,295,2.3192907375320213,1.3192907375320213,24,1100,271,67558,1124,67829,295,68658,40.41738154921937
uimh,bré,3,6,22,10.613894082643698,9.613894082643698,3,3,19,68928,6,68947,22,68931,40.4136525564429
binéid,droichead,4,444,4,7.278909834930889,6.278909834930889,4,440,0,68509,444,68509,4,68949,40.398759332939335
gorm,poll,8,394,47,4.8966850301469815,3.8966850301469815,8,386,39,68520,394,68559,47,68906,40.35293648412632
fhearaígh,carn,4,114,8,8.240435687116253,7.240435687116253,4,110,4,68835,114,68839,8,68945,40.30406406073221
duibh,tí,6,134,44,6.1327673929070805,5.1327673929070805,6,128,38,68781,134,68819,44,68909,40.28256174134593
bhoic,abhallort,2,2,4,14.073325701280993,13.073325701280993,2,0,2,68949,2,68951,4,68949,40.24689738994938
tapaigh,taoibh,2,4,2,14.073325701280993,13.073325701280993,2,2,0,68949,4,68949,2,68951,40.24689738994938
sheoigheach,dúiche,2,4,2,14.073325701280993,13.073325701280993,2,2,0,68949,4,68949,2,68951,40.24689738994938
breaca,mealla,2,2,4,14.073325701280993,13.073325701280993,2,0,2,68949,2,68951,4,68949,40.24689738994938
leith,gníomh,2,4,2,14.073325701280993,13.073325701280993,2,2,0,68949,4,68949,2,68951,40.24689738994938
dhumhaí,oirear,2,2,4,14.073325701280993,13.073325701280993,2,0,2,68949,2,68951,4,68949,40.24689738994938
bhig,málainn,3,5,29,10.478379111987216,9.478379111987216,3,2,26,68922,5,68948,29,68924,40.23620564029347
bréige,fear,3,16,8,10.65828820200215,9.65828820200215,3,13,5,68932,16,68937,8,68945,40.22966986891778
duibhe,muice,3,6,23,10.549763745223983,9.549763745223983,3,3,20,68927,6,68947,23,68930,40.12748335138939
aidhne,clár,3,19,7,10.603005766500962,9.603005766500962,3,16,4,68930,19,68934,7,68946,40.122252951283194
cora,átha,10,437,88,4.164332708030462,3.1643327080304617,10,427,78,68438,437,68516,88,68865,40.11083607893826
tirim,tulaigh,5,318,10,6.76044274599664,5.76044274599664,5,313,5,68630,318,68635,10,68943,40.05251710431917
mhóintigh,pholl,3,30,5,10.42946951150627,9.42946951150627,3,27,2,68921,30,68923,5,68948,40.02174970309185
bheithe,toim,3,4,43,10.232023447300053,9.232023447300053,3,1,40,68909,4,68949,43,68910,39.99657765545725
cré,ros,5,371,9,6.690053418105241,5.690053418105241,5,366,4,68578,371,68582,9,68944,39.99438370217456
díoma,cillín,4,79,11,8.310113334466594,7.310113334466594,4,75,7,68867,79,68874,11,68942,39.9743061144854
finn,lua,3,5,31,10.382163796727914,9.382163796727914,3,2,28,68920,5,68948,31,68922,39.814705767357985
ghearóid,baile,15,8348,21,2.5606839889509176,1.5606839889509176,15,8333,6,60599,8348,60605,21,68932,39.78451001830668
phléimeann,caisleán,4,480,4,7.166435105672477,6.166435105672477,4,476,0,68473,480,68473,4,68949,39.772348572377986
íde,mullach,5,258,12,6.799064040023946,5.799064040023946,5,253,7,68688,258,68695,12,68941,39.73020758923701
coinn,mac,6,980,9,5.551725261557268,4.551725261557268,6,974,3,67970,980,67973,9,68944,39.70793362508923
bhfaoileog,loch,9,1826,19,4.1608521392955,3.1608521392955,9,1817,10,67117,1826,67127,19,68934,39.653876481817996
uaithne,mainistir,5,143,20,6.913454364502606,5.913454364502606,5,138,15,68795,143,68810,20,68933,39.52660037834962
mhuire,giolla,6,56,111,6.05651741359444,5.05651741359444,6,50,105,68792,56,68897,111,68842,39.52609854963412
churnáin,cill,7,2693,8,4.485682108836927,3.4856821088369268,7,2686,1,66259,2693,66260,8,68945,39.46742303659542
bheanáin,cill,7,2693,8,4.485682108836927,3.4856821088369268,7,2686,1,66259,2693,66260,8,68945,39.46742303659542
phóil,pheadair,3,8,18,10.488363200559839,9.488363200559839,3,5,15,68930,8,68945,18,68935,39.452238570107355
cholm,tobar,7,514,25,5.231199884369996,4.231199884369996,7,507,18,68421,514,68439,25,68928,39.29853160531242
seanaigh,cill,8,2693,11,4.218895568142026,3.2188955681420257,8,2685,3,66257,2693,66260,11,68942,39.254553286842665
bheathach,cill,8,2693,11,4.218895568142026,3.2188955681420257,8,2685,3,66257,2693,66260,11,68942,39.254553286842665
ghobáin,cill,8,2693,11,4.218895568142026,3.2188955681420257,8,2685,3,66257,2693,66260,11,68942,39.254553286842665
locha,maigh,13,363,229,3.4307358933293917,2.4307358933293917,13,350,216,68374,363,68590,229,68724,39.251525701733854
mhóráin,uí,7,2137,9,4.649384429236475,3.649384429236475,7,2130,2,66814,2137,66816,9,68944,39.24936801184644
leataoibh,achadh,5,477,8,6.4974083401628455,5.4974083401628455,5,472,3,68473,477,68476,8,68945,39.2450761908936
marbh,duine,3,7,22,10.39150166130725,9.39150166130725,3,4,19,68927,7,68946,22,68931,39.17125648528956
ainmne,móin,4,279,5,7.627276294564446,6.627276294564446,4,275,1,68673,279,68674,5,68948,39.14110923355479
chomáin,uí,11,2137,29,3.613405132130909,2.613405132130909,11,2126,18,66798,2137,66816,29,68924,39.115149587778426
bodach,baile,16,8348,24,2.4611483154000036,1.4611483154000036,16,8332,8,60597,8348,60605,24,68929,39.10037054596343
shíomoin,mac,7,980,15,5.03715208872751,4.03715208872751,7,973,8,67965,980,67973,15,68938,39.09992066843166
dara,áth,7,381,33,5.2626393164868235,4.2626393164868235,7,374,26,68546,381,68572,33,68920,39.08318762306219
mhánasa,sleacht,2,5,2,13.751397606393633,12.751397606393633,2,3,0,68948,5,68948,2,68951,39.061958164436376
claí,iomaire,2,5,2,13.751397606393633,12.751397606393633,2,3,0,68948,5,68948,2,68951,39.061958164436376
damhnata,tigh,4,285,5,7.596579497341528,6.596579497341528,4,281,1,68667,285,68668,5,68948,38.96984593322337
sacsan,tigh,4,285,5,7.596579497341528,6.596579497341528,4,281,1,68667,285,68668,5,68948,38.96984593322337
leamhnachta,inis,5,355,10,6.60165048688895,5.60165048688895,5,350,5,68593,355,68598,10,68943,38.94896937091109
dubha,mbráithre,3,4,51,9.985862860030656,8.985862860030656,3,1,48,68901,4,68949,51,68902,38.93874598732334
modhíomóg,cill,6,2693,6,4.678327186779323,3.678327186779323,6,2687,0,66260,2693,66260,6,68947,38.92608741124853
scíre,cill,6,2693,6,4.678327186779323,3.678327186779323,6,2687,0,66260,2693,66260,6,68947,38.92608741124853
brí,cill,6,2693,6,4.678327186779323,3.678327186779323,6,2687,0,66260,2693,66260,6,68947,38.92608741124853
doire,éadan,6,43,154,5.965236906605152,4.965236906605152,6,37,148,68762,43,68910,154,68799,38.8919634144024
thuaidh,beag,13,99,876,3.3696217397413037,2.3696217397413037,13,86,863,67991,99,68854,876,68077,38.87336233647632
gharráin,baile,24,8348,50,1.9872171270675911,0.9872171270675911,24,8324,26,60579,8348,60605,50,68903,38.86708964823684
cloch,gort,15,923,134,3.0639402687859665,2.0639402687859665,15,908,119,67911,923,68030,134,68819,38.85853517949023
bun,loch,15,1826,71,2.9959981274006093,1.9959981274006093,15,1811,56,67071,1826,67127,71,68882,38.82237101198076
múna,bealach,4,166,7,7.8909313478764656,6.8909313478764656,4,162,3,68784,166,68787,7,68946,38.783878776090056
dhíneol,com,3,109,3,9.305141376504068,8.305141376504068,3,106,0,68844,109,68844,3,68950,38.78220145259216
eo,maigh,6,363,20,5.832534369119037,4.832534369119037,6,357,14,68576,363,68590,20,68933,38.77133340095623
conaire,cluain,8,1448,17,4.48601697294745,3.48601697294745,8,1440,9,67496,1448,67505,17,68936,38.72703333410308
abhall,achadh,6,477,16,5.760442745996639,4.760442745996639,6,471,10,68466,477,68476,16,68937,38.72631669881738
sionainne,inbhear,3,13,12,10.372885983139902,9.372885983139902,3,10,9,68931,13,68940,12,68941,38.71653786892081
iarainn,sceich,3,4,53,9.930367747438952,8.930367747438952,3,1,50,68899,4,68949,53,68900,38.70107923906663
beag,teanach,12,48,1558,3.4678461832193253,2.4678461832193253,12,36,1546,67359,48,68905,1558,67395,38.700342305282675
bhfraochóg,oileán,6,786,11,5.580471081106247,4.580471081106247,6,780,5,68162,786,68167,11,68942,38.69165567260856
bhearaigh,cill,9,2693,15,3.941361592613117,2.941361592613117,9,2684,6,66254,2693,66260,15,68938,38.68495351543323
róistigh,chaisleáin,4,20,47,8.196808754715995,7.196808754715995,4,16,43,68890,20,68933,47,68906,38.68241485987523
manach,fearann,9,388,77,4.376551319841278,3.376551319841278,9,379,68,68497,388,68565,77,68876,38.65948224046365
roilíoch,cluain,5,1448,5,5.573479814197789,4.573479814197789,5,1443,0,67505,1448,67505,5,68948,38.64934071682952
gaoth,ard,12,527,132,3.572234931006483,2.572234931006483,12,515,120,68306,527,68426,132,68821,38.62598190787028
mbráthar,garrán,7,223,56,5.27242580136069,4.27242580136069,7,216,49,68681,223,68730,56,68897,38.60683314736032
lorcáin,uí,8,2137,13,4.311514790480091,3.311514790480091,8,2129,5,66811,2137,66816,13,68940,38.603849127588234
fhiacháin,uí,8,2137,13,4.311514790480091,3.311514790480091,8,2129,5,66811,2137,66816,13,68940,38.603849127588234
chró,loch,12,1826,42,3.4314997292391687,2.4314997292391687,12,1814,30,67097,1826,67127,42,68911,38.573672232646246
bhán,mhóin,9,117,253,4.389892408445593,3.3898924084455926,9,108,244,68592,117,68836,253,68700,38.57117558771388
theas,beag,13,99,888,3.349992932992371,2.349992932992371,13,86,875,67979,99,68854,888,68065,38.54732287093485
baile,cuan,11,123,445,3.792581288725292,2.792581288725292,11,112,434,68396,123,68830,445,68508,38.53657384460297
tsiail,carn,3,114,3,9.240435687116253,8.240435687116253,3,111,0,68839,114,68839,3,68950,38.50941028418127
almhaí,carn,3,114,3,9.240435687116253,8.240435687116253,3,111,0,68839,114,68839,3,68950,38.50941028418127
naí,tobar,5,514,8,6.389629246974478,5.389629246974478,5,509,3,68436,514,68439,8,68945,38.49745302519678
gorm,muine,6,145,47,5.92379026030958,4.92379026030958,6,139,41,68767,145,68808,47,68906,38.490290767832505
tsáile,loch,9,1826,20,4.086851557851722,3.0868515578517224,9,1817,11,67116,1826,67127,20,68933,38.46868560242699
srafáin,teach,4,174,7,7.823027283374663,6.823027283374663,4,170,3,68776,174,68779,7,68946,38.40353422766834
diarmada,díseart,4,37,26,8.163432617510953,7.163432617510953,4,33,22,68894,37,68916,26,68927,38.387054917518604
fraoigh,gcearc,3,5,39,10.05095788825254,9.05095788825254,3,2,36,68912,5,68948,39,68914,38.374479373009976
seanaidh,átha,5,437,9,6.453839325225446,5.453839325225446,5,432,4,68512,437,68516,9,68944,38.354512581137016
ceanainn,leitir,3,117,3,9.20296098169759,8.20296098169759,3,114,0,68836,117,68836,3,68950,38.35149731805854
geis,leitir,3,117,3,9.20296098169759,8.20296098169759,3,114,0,68836,117,68836,3,68950,38.35149731805854
seasamh,cac,2,3,3,13.903400699838684,12.903400699838684,2,1,1,68949,3,68950,3,68950,38.15393382145916
abhaigh,lann,2,6,2,13.488363200559839,12.488363200559839,2,4,0,68947,6,68947,2,68951,38.15390481505786
ghlún,folach,2,6,2,13.488363200559839,12.488363200559839,2,4,0,68947,6,68947,2,68951,38.15390481505786
garret,mount,2,6,2,13.488363200559839,12.488363200559839,2,4,0,68947,6,68947,2,68951,38.15390481505786
chosnaigh,chlaí,2,6,2,13.488363200559839,12.488363200559839,2,4,0,68947,6,68947,2,68951,38.15390481505786
mhuichead,corca,2,6,2,13.488363200559839,12.488363200559839,2,4,0,68947,6,68947,2,68951,38.15390481505786
có,chille,2,2,6,13.488363200559839,12.488363200559839,2,0,4,68947,2,68951,6,68947,38.15390481505786
capaill,crú,2,2,6,13.488363200559839,12.488363200559839,2,0,4,68947,2,68951,6,68947,38.15390481505786
fhachna,tiobra,2,2,6,13.488363200559839,12.488363200559839,2,0,4,68947,2,68951,6,68947,38.15390481505786
garraí,baile,29,8348,70,1.7748087943037651,0.7748087943037651,29,8319,41,60564,8348,60605,70,68883,38.127543386487886
toirc,ceann,6,251,29,5.828763652923808,4.828763652923808,6,245,23,68679,251,68702,29,68924,38.127257109676975
gó,re,3,26,7,10.150493561803454,9.150493561803454,3,23,4,68923,26,68927,7,68946,38.10062143963977
aonaosa,fál,3,26,7,10.150493561803454,9.150493561803454,3,23,4,68923,26,68927,7,68946,38.10062143963977
mhuiris,chlainne,3,5,41,9.978808102496705,8.978808102496705,3,2,38,68910,5,68948,41,68912,38.06267896183334
dheá,domhnach,4,82,13,8.015333978521818,7.015333978521818,4,78,9,68862,82,68871,13,68940,38.04592122335627
saidhe,leaba,3,59,4,9.77564515264031,8.77564515264031,3,56,1,68893,59,68894,4,68949,38.03986668856998
charraigh,ghiolla,3,16,11,10.198856583364854,9.198856583364854,3,13,8,68929,16,68937,11,68942,37.924855544662236
shan,inse,4,185,7,7.734589318707078,6.734589318707078,4,181,3,68765,185,68768,7,68946,37.90853948939743
garman,loch,6,1826,7,5.016462229960324,4.016462229960324,6,1820,1,67126,1826,67127,7,68946,37.906658144115305
tsalainn,tamhnach,4,49,21,8.066298434387027,7.066298434387027,4,45,17,68887,49,68904,21,68932,37.9023124537904
shíol,coimín,3,127,3,9.08464101450883,8.08464101450883,3,124,0,68826,127,68826,3,68950,37.85326013635682
troim,átha,7,437,32,5.109191153838001,4.109191153838001,7,430,25,68491,437,68516,32,68921,37.66178899336847
bhfiach,corr,8,503,44,4.639479492838171,3.639479492838171,8,495,36,68414,503,68450,44,68909,37.65110674185857
dearg,mbreac,5,36,91,6.717534154527348,5.717534154527348,5,31,86,68831,36,68917,91,68862,37.64836767394347
locha,baile,62,8348,229,1.161103338411091,0.16110333841109092,62,8286,167,60438,8348,60605,229,68724,37.60668141476896
mín,cluain,11,1448,43,3.606646678132989,2.606646678132989,11,1437,32,67473,1448,67505,43,68910,37.51933090624624
meala,cluain,6,1448,8,5.158442314918945,4.158442314918945,6,1442,2,67503,1448,67505,8,68945,37.470460631494106
ibhir,dhún,3,65,4,9.635920388973696,8.635920388973696,3,62,1,68887,65,68888,4,68949,37.44438855572674
thamhnach,maigh,5,363,11,6.43199643953531,5.43199643953531,5,358,6,68584,363,68590,11,68942,37.440871560951635
tobair,corr,11,503,115,3.71285267916839,2.71285267916839,11,492,104,68346,503,68450,115,68838,37.437002001687105
bróg,tulchán,2,7,2,13.26597077922339,12.26597077922339,2,5,0,68946,7,68946,2,68951,37.41630059444962
chulainn,chú,2,7,2,13.26597077922339,12.26597077922339,2,5,0,68946,7,68946,2,68951,37.41630059444962
ríoga,malartán,2,2,7,13.26597077922339,12.26597077922339,2,0,5,68946,2,68951,7,68946,37.41630059444962
fóir,choille,2,7,2,13.26597077922339,12.26597077922339,2,5,0,68946,7,68946,2,68951,37.41630059444962
fíolta,machaire,3,137,3,8.975293618320467,7.9752936183204675,3,134,0,68816,137,68816,3,68950,37.393244536729036
liath,chraobh,5,13,295,6.490242933778062,5.490242933778062,5,8,290,68650,13,68940,295,68658,37.37111987217634
bháid,cuas,5,152,23,6.623764326667759,5.623764326667759,5,147,18,68783,152,68801,23,68930,37.330817472331596
fearta,chluana,3,9,22,10.02893158192254,9.02893158192254,3,6,19,68925,9,68944,22,68931,37.27581740164341
tsúdaire,cúl,6,886,11,5.4076936948098355,4.4076936948098355,6,880,5,68062,886,68067,11,68942,37.26402050832264
tíog,inis,4,355,5,7.279722392001588,6.279722392001588,4,351,1,68597,355,68598,5,68948,37.203692716396404
fharaidh,mullach,4,258,6,7.477135945136585,6.477135945136585,4,254,2,68693,258,68695,6,68947,37.14446584873361
shruthla,mainistir,3,143,3,8.913454364502606,7.913454364502606,3,140,0,68810,143,68810,3,68950,37.13326590306334
mbána,mainistir,3,143,3,8.913454364502606,7.913454364502606,3,140,0,68810,143,68810,3,68950,37.13326590306334
dtorna,mainistir,3,143,3,8.913454364502606,7.913454364502606,3,140,0,68810,143,68810,3,68950,37.13326590306334
libhse,dún,4,667,4,6.691782750096409,5.691782750096409,4,663,0,68286,667,68286,4,68949,37.13092682493809
dearadhairc,dún,4,667,4,6.691782750096409,5.691782750096409,4,663,0,68286,667,68286,4,68949,37.13092682493809
gar,dún,4,667,4,6.691782750096409,5.691782750096409,4,663,0,68286,667,68286,4,68949,37.13092682493809
bleisce,dún,4,667,4,6.691782750096409,5.691782750096409,4,663,0,68286,667,68286,4,68949,37.13092682493809
hill,halla,3,69,4,9.549763745223983,8.549763745223983,3,66,1,68883,69,68884,4,68949,37.077914344402515
phaoraigh,cúirt,4,47,24,7.933774348882201,6.933774348882201,4,43,20,68886,47,68906,24,68929,37.076565830788056
nulla,maigh,4,363,5,7.247571868397881,6.247571868397881,4,359,1,68589,363,68590,5,68948,37.02464488745345
buí,ballaí,4,5,364,7.243602966194937,6.243602966194937,4,1,360,68588,5,68948,364,68589,37.00254379292808
thiar,maonais,7,15,1146,4.811398698973175,3.811398698973175,7,8,1139,67799,15,68938,1146,67807,36.941045810206816
róin,suí,4,38,30,7.918507592228891,6.918507592228891,4,34,26,68889,38,68915,30,68923,36.93036389491257
urchair,átha,5,437,10,6.301836231780396,5.301836231780396,5,432,5,68511,437,68516,10,68943,36.86944877709017
méanóg,ros,4,371,5,7.21612222977283,6.21612222977283,4,367,1,68581,371,68582,5,68948,36.84952693196083
fhionnghlaise,ros,4,371,5,7.21612222977283,6.21612222977283,4,367,1,68581,371,68582,5,68948,36.84952693196083
éile,bearnán,2,2,8,13.073325701280996,12.073325701280996,2,0,6,68945,2,68951,8,68945,36.794712520778
slinne,coiréil,2,2,8,13.073325701280996,12.073325701280996,2,0,6,68945,2,68951,8,68945,36.794712520778
harding,tóchair,2,8,2,13.073325701280996,12.073325701280996,2,6,0,68945,8,68945,2,68951,36.794712520778
bhailis,scairbh,2,8,2,13.073325701280996,12.073325701280996,2,6,0,68945,8,68945,2,68951,36.794712520778
liúin,gabhal,2,8,2,13.073325701280996,12.073325701280996,2,6,0,68945,8,68945,2,68951,36.794712520778
nduach,fír,2,2,8,13.073325701280996,12.073325701280996,2,0,6,68945,2,68951,8,68945,36.794712520778
nduach,bhábhún,2,2,8,13.073325701280996,12.073325701280996,2,0,6,68945,2,68951,8,68945,36.794712520778
áirí,mol,2,2,8,13.073325701280996,12.073325701280996,2,0,6,68945,2,68951,8,68945,36.794712520778
chrín,chrainn,2,8,2,13.073325701280996,12.073325701280996,2,6,0,68945,8,68945,2,68951,36.794712520778
ruacháin,carraig,6,819,12,5.395606059639986,4.395606059639986,6,813,6,68128,819,68134,12,68941,36.74751213543418
coilleadh,cionn,5,109,33,6.582675352032978,5.582675352032978,5,104,28,68816,109,68844,33,68920,36.743793086635534
thulaigh,loch,7,1826,11,4.586777954717079,3.5867779547170793,7,1819,4,67123,1826,67127,11,68942,36.657626145639554
fhearta,ard,6,527,17,5.529166209114597,4.529166209114597,6,521,11,68415,527,68426,17,68936,36.648252168688245
snámha,leic,3,40,6,9.751397606393633,8.751397606393633,3,37,3,68910,40,68913,6,68947,36.62997552533756
mhuireagáin,uí,7,2137,10,4.497381335791426,3.4973813357914256,7,2130,3,66813,2137,66816,10,68943,36.62955789908852
bhinn,tulaigh,5,318,13,6.381931122742909,5.381931122742909,5,313,8,68627,318,68635,13,68940,36.61952372405648
máil,ard,5,527,9,6.183669643088831,5.183669643088831,5,522,4,68422,527,68426,9,68944,36.48251614801359
gcreach,ard,5,527,9,6.183669643088831,5.183669643088831,5,522,4,68422,527,68426,9,68944,36.48251614801359
éadaí,oileán,5,786,7,5.9695133718521465,4.9695133718521465,5,781,2,68165,786,68167,7,68946,36.44354220349606
nóra,seomra,2,3,4,13.488363200559839,12.488363200559839,2,1,2,68948,3,68950,4,68949,36.42787039380733
gágach,múr,2,4,3,13.488363200559839,12.488363200559839,2,2,1,68948,4,68949,3,68950,36.42787039380733
gamhnach,cluain,7,1448,13,4.680395018114302,3.680395018114302,7,1441,6,67499,1448,67505,13,68940,36.42721586963086
molaige,tigh,4,285,6,7.333545091507734,6.333545091507734,4,281,2,68666,285,68668,6,68947,36.34386793405245
gcopóg,cúl,7,886,19,4.841590221339995,3.8415902213399953,7,879,12,68055,886,68067,19,68934,36.317021749317206
duinne,abhann,2,9,2,12.903400699838683,11.903400699838683,2,7,0,68944,9,68944,2,68951,36.257363251668934
dalla,abhann,2,9,2,12.903400699838683,11.903400699838683,2,7,0,68944,9,68944,2,68951,36.257363251668934
macmanus,curraigh,2,9,2,12.903400699838683,11.903400699838683,2,7,0,68944,9,68944,2,68951,36.257363251668934
bríos,droimne,2,9,2,12.903400699838683,11.903400699838683,2,7,0,68944,9,68944,2,68951,36.257363251668934
choirnigh,maoil,2,9,2,12.903400699838683,11.903400699838683,2,7,0,68944,9,68944,2,68951,36.257363251668934
stiabhnaigh,cillín,3,79,4,9.354507453825049,8.354507453825049,3,76,1,68873,79,68874,4,68949,36.249183431442574
tiarna,cillín,3,79,4,9.354507453825049,8.354507453825049,3,76,1,68873,79,68874,4,68949,36.249183431442574
dhúin,dhuibh,3,15,15,9.844507010785113,8.844507010785113,3,12,12,68926,15,68938,15,68938,36.23531034938609
fhaoláin,cill,11,2693,27,3.3828713032531517,2.3828713032531517,11,2682,16,66244,2693,66260,27,68926,36.15539053602317
aireamh,gleann,4,755,4,6.5129928670685535,5.5129928670685535,4,751,0,68198,755,68198,4,68949,36.13669867362986
scornaí,buaile,3,170,3,8.663934765143292,7.663934765143292,3,167,0,68783,170,68783,3,68950,36.08541657690104
chuaráin,cill,7,2693,9,4.315757107394615,3.3157571073946146,7,2686,2,66258,2693,66260,9,68944,36.04051018283042
aichidh,cill,7,2693,9,4.315757107394615,3.3157571073946146,7,2686,2,66258,2693,66260,9,68944,36.04051018283042
laoire,uí,6,2137,7,4.789562087284736,3.789562087284736,6,2131,1,66815,2137,66816,7,68946,36.025768413050386
bheoláin,uí,6,2137,7,4.789562087284736,3.789562087284736,6,2131,1,66815,2137,66816,7,68946,36.025768413050386
chustaim,teach,3,174,3,8.630382205432266,7.630382205432266,3,171,0,68779,174,68779,3,68950,35.944644024047676
mealóg,teach,3,174,3,8.630382205432266,7.630382205432266,3,171,0,68779,174,68779,3,68950,35.944644024047676
coimseáin,teach,3,174,3,8.630382205432266,7.630382205432266,3,171,0,68779,174,68779,3,68950,35.944644024047676
bán,tor,8,74,323,4.52848198095812,3.5284819809581203,8,66,315,68564,74,68879,323,68630,35.92393806710744
tsléibhe,baile,33,8348,90,1.5986518391499382,0.5986518391499382,33,8315,57,60548,8348,60605,90,68863,35.84237506303185
ghleanntáin,teampall,4,305,6,7.235697768109589,6.235697768109589,4,301,2,68646,305,68648,6,68947,35.79873738252799
gheata,buaile,4,170,9,7.494009763700981,6.494009763700981,4,166,5,68778,170,68783,9,68944,35.796485518431744
dháibhí,baile,10,8348,11,2.9086072923712245,1.9086072923712245,10,8338,1,60604,8348,60605,11,68942,35.79440905766958
phléimeannaigh,baile,10,8348,11,2.9086072923712245,1.9086072923712245,10,8338,1,60604,8348,60605,11,68942,35.79440905766958
mhoirtéalaigh,baile,10,8348,11,2.9086072923712245,1.9086072923712245,10,8338,1,60604,8348,60605,11,68942,35.79440905766958
bhairéadaigh,plota,2,2,10,12.751397606393633,11.751397606393633,2,0,8,68943,2,68951,10,68943,35.78402636396518
salaí,ceathrún,2,10,2,12.751397606393633,11.751397606393633,2,8,0,68943,10,68943,2,68951,35.78402636396518
caorthainn,droim,7,1146,16,4.718289294581694,3.7182892945816937,7,1139,9,67798,1146,67807,16,68937,35.772010909197306
gualanna,mín,3,180,3,8.58147260495132,7.581472604951321,3,177,0,68773,180,68773,3,68950,35.73949083745429
ime,carraig,7,819,21,4.81064355891883,3.81064355891883,7,812,14,68120,819,68134,21,68932,35.72079930732586
bhóthair,baile,25,8348,57,1.8570769917311425,0.8570769917311425,25,8323,32,60573,8348,60605,57,68896,35.71696476291523
rónáin,ráth,9,1086,35,4.029159297973979,3.0291592979739788,9,1077,26,67841,1086,67867,35,68918,35.70582452937943
mór,tard,11,29,2525,3.3727086522642007,2.3727086522642007,11,18,2514,66410,29,68924,2525,66428,35.64567277896573
choirnéil,cúirt,3,47,6,9.518736849603357,8.518736849603357,3,44,3,68903,47,68906,6,68947,35.627829051185934
fhaill,cuas,4,152,10,7.503470092950047,6.503470092950047,4,148,6,68795,152,68801,10,68943,35.609919423703275
breisleáin,inse,3,185,3,8.541944240764682,7.541944240764682,3,182,0,68768,185,68768,3,68950,35.57373064376811
easpaig,cúirt,5,47,85,6.431274008353018,5.431274008353018,5,42,80,68826,47,68906,85,68868,35.52729286579665
caoin,drom,10,342,141,3.837849928883666,2.837849928883666,10,332,131,68480,342,68611,141,68812,35.49027775538889
riabhach,bán,10,157,307,3.838538201906551,2.838538201906551,10,147,297,68499,157,68796,307,68646,35.46284886282033
rátha,uachtar,5,32,128,6.395253796168357,5.395253796168357,5,27,123,68798,32,68921,128,68825,35.44795571260752
snáthaide,cró,3,40,7,9.529005185057185,8.529005185057185,3,37,4,68909,40,68913,7,68946,35.388101810302764
leabhar,leic,3,40,7,9.529005185057185,8.529005185057185,3,37,4,68909,40,68913,7,68946,35.388101810302764
dearg,bhearn,3,4,91,9.150493561803454,8.150493561803454,3,1,88,68861,4,68949,91,68862,35.38567405509944
sionnaigh,ruball,2,2,11,12.613894082643696,11.613894082643696,2,0,9,68942,2,68951,11,68942,35.3610099474747
bán,gearrán,4,6,323,7.152972845865913,6.152972845865913,4,2,319,68628,6,68947,323,68630,35.33811349072816
chéirín,uí,8,2137,15,4.105063913012665,3.105063913012665,8,2129,7,66809,2137,66816,15,68938,35.32486649368221
neachtain,uí,8,2137,15,4.105063913012665,3.105063913012665,8,2129,7,66809,2137,66816,15,68938,35.32486649368221
fionnla,cara,2,5,3,13.166435105672477,12.166435105672477,2,3,1,68947,5,68948,3,68950,35.24296017564418
naoimh,croiche,2,5,3,13.166435105672477,12.166435105672477,2,3,1,68947,5,68948,3,68950,35.24296017564418
bhán,charraig,11,251,253,3.57822019127321,2.57822019127321,11,240,242,68460,251,68702,253,68700,35.22880418962687
mhaighne,tulach,3,94,4,9.103699350324515,8.103699350324515,3,91,1,68858,94,68859,4,68949,35.18792314561474
comáin,ros,5,371,13,6.159538701406461,5.159538701406461,5,366,8,68574,371,68582,13,68940,35.079036195038185
beola,tuaim,3,96,4,9.073325701280995,8.073325701280995,3,93,1,68856,96,68857,4,68949,35.059623081988704
fhionnlocha,tuaim,3,96,4,9.073325701280995,8.073325701280995,3,93,1,68856,96,68857,4,68949,35.059623081988704
ria,ard,5,527,10,6.03166654964378,5.03166654964378,5,522,5,68421,527,68426,10,68943,35.00008136728742
maith,mná,2,12,2,12.488363200559839,11.488363200559839,2,10,0,68941,12,68941,2,68951,34.97860582197096
réabán,fhorrach,2,12,2,12.488363200559839,11.488363200559839,2,10,0,68941,12,68941,2,68951,34.97860582197096
tarsna,drom,6,342,28,5.433080765058649,4.433080765058649,6,336,22,68589,342,68611,28,68925,34.9003110908991
gréin,cúl,4,886,4,6.282162812725977,5.282162812725977,4,882,0,68067,886,68067,4,68949,34.85356141370343
amra,cúl,4,886,4,6.282162812725977,5.282162812725977,4,882,0,68067,886,68067,4,68949,34.85356141370343
dhuibh,giolla,5,56,76,6.3399713606671675,5.3399713606671675,5,51,71,68826,56,68897,76,68877,34.84684916542952
sceach,cnoc,16,2293,76,2.662377548256616,1.6623775482566159,16,2277,60,66600,2293,66660,76,68877,34.8273035074231
caoin,inis,10,355,141,3.7840272293775192,2.7840272293775192,10,345,131,68467,355,68598,141,68812,34.78291411964247
bó,inis,9,355,104,4.07113577019017,3.0711357701901703,9,346,95,68503,355,68598,104,68849,34.782007955546945
bheithne,coill,4,896,4,6.265970779223391,5.265970779223391,4,892,0,68057,896,68057,4,68949,34.76357156158834
madra,coill,4,896,4,6.265970779223391,5.265970779223391,4,892,0,68057,896,68057,4,68949,34.76357156158834
mhurúin,uí,5,2137,5,5.011954508621184,4.011954508621184,5,2132,0,66816,2137,66816,5,68948,34.75156657041251
bhrídeáin,uí,5,2137,5,5.011954508621184,4.011954508621184,5,2132,0,66816,2137,66816,5,68948,34.75156657041251
chonnagáin,uí,5,2137,5,5.011954508621184,4.011954508621184,5,2132,0,66816,2137,66816,5,68948,34.75156657041251
bhruacháin,uí,5,2137,5,5.011954508621184,4.011954508621184,5,2132,0,66816,2137,66816,5,68948,34.75156657041251
dhónalláin,uí,5,2137,5,5.011954508621184,4.011954508621184,5,2132,0,66816,2137,66816,5,68948,34.75156657041251
fhoghlú,uí,5,2137,5,5.011954508621184,4.011954508621184,5,2132,0,66816,2137,66816,5,68948,34.75156657041251
dheargáin,uí,5,2137,5,5.011954508621184,4.011954508621184,5,2132,0,66816,2137,66816,5,68948,34.75156657041251
chuidithigh,uí,5,2137,5,5.011954508621184,4.011954508621184,5,2132,0,66816,2137,66816,5,68948,34.75156657041251
dhuibhir,uí,5,2137,5,5.011954508621184,4.011954508621184,5,2132,0,66816,2137,66816,5,68948,34.75156657041251
cheallacháin,uí,5,2137,5,5.011954508621184,4.011954508621184,5,2132,0,66816,2137,66816,5,68948,34.75156657041251
dheoráin,uí,5,2137,5,5.011954508621184,4.011954508621184,5,2132,0,66816,2137,66816,5,68948,34.75156657041251
mbradán,loch,6,1826,8,4.823817152017929,3.823817152017929,6,1820,2,67125,1826,67127,8,68945,34.7044289579094
briste,gníomh,2,4,4,13.073325701280996,12.073325701280996,2,2,2,68947,4,68949,4,68949,34.7018359735109
chasáin,doire,6,876,13,5.183061424259885,4.183061424259885,6,870,7,68070,876,68077,13,68940,34.663402513635326
uí,cuar,12,43,2121,3.181494541769498,2.181494541769498,12,31,2109,66801,43,68910,2121,66832,34.63130887946781
abhlaigh,mhachaire,2,13,2,12.372885983139902,11.372885983139902,2,11,0,68940,13,68940,2,68951,34.62967626457906
phapáin,crann,2,13,2,12.372885983139902,11.372885983139902,2,11,0,68940,13,68940,2,68951,34.62967626457906
chopair,bóithrín,2,13,2,12.372885983139902,11.372885983139902,2,11,0,68940,13,68940,2,68951,34.62967626457906
siúl,seisceann,2,13,2,12.372885983139902,11.372885983139902,2,11,0,68940,13,68940,2,68951,34.62967626457906
thíre,earra,2,2,13,12.372885983139902,11.372885983139902,2,0,11,68940,2,68951,13,68940,34.62967626457906
chonnaidh,ceapaigh,4,42,36,7.511083277059922,6.511083277059922,4,38,32,68879,42,68911,36,68917,34.540890756035765
choire,binn,5,125,36,6.259544510063958,5.259544510063958,5,120,31,68797,125,68828,36,68917,34.42727325059073
róistigh,baile,22,8348,47,1.9509535830808196,0.9509535830808196,22,8326,25,60580,8348,60605,47,68906,34.42620729838468
loiscthe,teampall,8,305,86,4.3943955141286475,3.3943955141286475,8,297,78,68570,305,68648,86,68867,34.38841907127877
sáile,cionn,4,109,15,7.39825078089555,6.39825078089555,4,105,11,68833,109,68844,15,68938,34.38312239155597
buí,tulaí,4,6,364,6.980568560361142,5.980568560361142,4,2,360,68587,6,68947,364,68589,34.37886809482904
eilpe,craobh,2,14,2,12.26597077922339,11.26597077922339,2,12,0,68939,14,68939,2,68951,34.308817922710624
laoise,mainistir,4,143,12,7.32849186378145,6.32849186378145,4,139,8,68802,143,68810,12,68941,34.29535036454101
ramhar,ré,5,75,60,6.259544510063958,5.259544510063958,5,70,55,68823,75,68878,60,68893,34.26901994374969
mhártain,craobh,3,14,22,9.39150166130725,8.39150166130725,3,11,19,68920,14,68939,22,68931,34.18759327491689
ailí,cathair,5,341,15,6.0747352715356655,5.0747352715356655,5,336,10,68602,341,68612,15,68938,34.16857640333271
bharra,cill,9,2693,18,3.6783271867793226,2.6783271867793226,9,2684,9,66251,2693,66260,18,68935,34.1602805716533
phádraig,teampall,9,305,125,4.024800985610971,3.0248009856109714,9,296,116,68532,305,68648,125,68828,34.14625953863214
úr,baile,17,8348,30,2.2266830617629805,1.2266830617629805,17,8331,13,60592,8348,60605,30,68923,34.113417977685145
droinne,cnoc,5,2293,5,4.9103050617002015,3.9103050617002015,5,2288,0,66660,2293,66660,5,68948,34.04618919829997
caollaí,mac,4,980,4,6.136687762278425,5.136687762278425,4,976,0,67973,980,67973,4,68949,34.0451393056333
cumhaill,mac,4,980,4,6.136687762278425,5.136687762278425,4,976,0,67973,980,67973,4,68949,34.0451393056333
nóis,mac,4,980,4,6.136687762278425,5.136687762278425,4,976,0,67973,980,67973,4,68949,34.0451393056333
fhlannchaidh,mac,4,980,4,6.136687762278425,5.136687762278425,4,976,0,67973,980,67973,4,68949,34.0451393056333
shéafraidh,mac,4,980,4,6.136687762278425,5.136687762278425,4,976,0,67973,980,67973,4,68949,34.0451393056333
thriúin,mac,4,980,4,6.136687762278425,5.136687762278425,4,976,0,67973,980,67973,4,68949,34.0451393056333
andáin,mac,4,980,4,6.136687762278425,5.136687762278425,4,976,0,67973,980,67973,4,68949,34.0451393056333
coitir,mac,4,980,4,6.136687762278425,5.136687762278425,4,976,0,67973,980,67973,4,68949,34.0451393056333
caithne,ard,4,527,5,6.709738454756418,5.709738454756418,4,523,1,68425,527,68426,5,68948,34.033248677721794
mór,órán,6,7,2525,4.548865607418027,3.548865607418027,6,1,2519,66427,7,68946,2525,66428,34.03276619883232
aird,mine,3,5,79,9.032579358937685,8.032579358937685,3,2,76,68872,5,68948,79,68874,34.01995367815033
aird,feá,3,5,79,9.032579358937685,8.032579358937685,3,2,76,68872,5,68948,79,68874,34.01995367815033
eine,áth,4,381,6,6.914716013066516,5.914716013066516,4,377,2,68570,381,68572,6,68947,34.01272012948435
mhéabha,phite,2,2,15,12.166435105672477,11.166435105672477,2,0,13,68938,2,68951,15,68938,34.01184081796904
superior,cholmáin,2,15,2,12.166435105672477,11.166435105672477,2,13,0,68938,15,68938,2,68951,34.01184081796904
uíbh,eoghain,2,15,2,12.166435105672477,11.166435105672477,2,13,0,68938,15,68938,2,68951,34.01184081796904
mhanaigh,raithean,2,2,15,12.166435105672477,11.166435105672477,2,0,13,68938,2,68951,15,68938,34.01184081796904
fhathaidh,uíbh,2,15,2,12.166435105672477,11.166435105672477,2,13,0,68938,15,68938,2,68951,34.01184081796904
inferior,cholmáin,2,15,2,12.166435105672477,11.166435105672477,2,13,0,68938,15,68938,2,68951,34.01184081796904
chnoc,sléibhte,3,7,50,9.207077090169822,8.207077090169822,3,4,47,68899,7,68946,50,68903,34.00326762362707
caoin,ros,10,371,141,3.7204270671487603,2.7204270671487603,10,361,131,68451,371,68582,141,68812,33.95002757617928
tulaí,loch,8,1826,18,4.068929649854461,3.0689296498544607,8,1818,10,67117,1826,67127,18,68935,33.93880695957333
coille,baile,59,8348,223,1.1278539655626962,0.12785396556269624,59,8289,164,60441,8348,60605,223,68730,33.92040025609991
lis,ceann,5,251,20,6.101782147330222,5.101782147330222,5,246,15,68687,251,68702,20,68933,33.87101607470325
stuac,barr,3,246,3,8.130811195941755,7.130811195941755,3,243,0,68707,246,68707,3,68950,33.85169761158157
craí,barr,3,246,3,8.130811195941755,7.130811195941755,3,243,0,68707,246,68707,3,68950,33.85169761158157
mianach,barr,3,246,3,8.130811195941755,7.130811195941755,3,243,0,68707,246,68707,3,68950,33.85169761158157
bán,geata,6,32,323,5.322897847308226,4.322897847308226,6,26,317,68604,32,68921,323,68630,33.82868106092005
bhoithe,garraí,4,308,7,6.999184238528489,5.999184238528489,4,304,3,68642,308,68645,7,68946,33.80638717258053
mhálartaigh,baile,8,8348,8,3.046110816121159,2.046110816121159,8,8340,0,60605,8348,60605,8,68945,33.78919073461131
achaidh,uachtar,4,32,52,7.372885983139903,6.372885983139903,4,28,48,68873,32,68921,52,68901,33.760877921198976
dhearga,acra,2,16,2,12.073325701280996,11.073325701280996,2,14,0,68937,16,68937,2,68951,33.73542967459795
ghréine,aosa,2,2,16,12.073325701280996,11.073325701280996,2,0,14,68937,2,68951,16,68937,33.73542967459795
dhubhbaile,charraig,3,251,3,8.101782147330223,7.101782147330223,3,248,0,68702,251,68702,3,68950,33.730234480473314
chluana,coill,7,896,22,4.613894082643697,3.6138940826436974,7,889,15,68042,896,68057,22,68931,33.727242340231186
riobaird,baile,12,8348,16,2.631073316842316,1.6310733168423162,12,8336,4,60601,8348,60605,16,68937,33.7251410275291
naofa,choill,4,258,8,7.062098445857741,6.062098445857741,4,254,4,68691,258,68695,8,68945,33.7070443608451
míle,dtrí,3,12,28,9.265970779223391,8.265970779223391,3,9,25,68916,12,68941,28,68925,33.697775107605
phúca,poll,7,394,46,4.73506684782521,3.73506684782521,7,387,39,68520,394,68559,46,68907,33.63673158166587
mach,coillte,3,65,6,9.05095788825254,8.05095788825254,3,62,3,68885,65,68888,6,68947,33.628902077791565
gconaolach,shruthán,2,7,3,12.681008278502235,11.681008278502235,2,5,1,68945,7,68946,3,68950,33.59736062160028
ríoga,dair,2,3,7,12.681008278502235,11.681008278502235,2,1,5,68945,3,68950,7,68946,33.597360621600274
hoirí,srón,2,17,2,11.985862860030656,10.985862860030656,2,15,0,68936,17,68936,2,68951,33.47691589220603
chuillinn,cill,7,2693,10,4.163754013949564,3.163754013949564,7,2686,3,66257,2693,66260,10,68943,33.43741304992278
beag,bhuaile,15,99,1558,2.7453801587482345,1.7453801587482345,15,84,1543,67311,99,68854,1558,67395,33.432595211200194
síge,pointe,3,126,4,8.681008278502235,7.681008278502235,3,123,1,68826,126,68827,4,68949,33.4061525544579
chaisleáin,radharc,4,11,179,7.130078305379442,6.130078305379442,4,7,175,68767,11,68942,179,68774,33.33516493544481
thíre,mac,6,980,13,5.021210544858488,4.021210544858488,6,974,7,67966,980,67973,13,68940,33.334189599707734
fionnlocha,cluain,5,1448,6,5.310445408363996,4.310445408363996,5,1443,1,67504,1448,67505,6,68947,33.284908376644346
boireann,cluain,5,1448,6,5.310445408363996,4.310445408363996,5,1443,1,67504,1448,67505,6,68947,33.284908376644346
cath,cluain,5,1448,6,5.310445408363996,4.310445408363996,5,1443,1,67504,1448,67505,6,68947,33.284908376644346
loiscthe,bhoth,4,21,86,7.254743523800137,6.254743523800137,4,17,82,68850,21,68932,86,68867,33.273563627988395
fhionnúrach,cill,6,2693,7,4.455934765442875,3.4559347654428754,6,2687,1,66259,2693,66260,7,68946,33.26396293665858
caoi,cill,6,2693,7,4.455934765442875,3.4559347654428754,6,2687,1,66259,2693,66260,7,68946,33.26396293665858
mochuma,cill,6,2693,7,4.455934765442875,3.4559347654428754,6,2687,1,66259,2693,66260,7,68946,33.26396293665858
ridire,riaráiste,2,2,18,11.903400699838683,10.903400699838683,2,0,16,68935,2,68951,18,68935,33.23411938446867
dúna,corras,2,2,18,11.903400699838683,10.903400699838683,2,0,16,68935,2,68951,18,68935,33.23411938446867
laighean,stua,2,2,18,11.903400699838683,10.903400699838683,2,0,16,68935,2,68951,18,68935,33.23411938446867
choinlín,glais,2,18,2,11.903400699838683,10.903400699838683,2,16,0,68935,18,68935,2,68951,33.23411938446867
tamhnach,maí,2,18,2,11.903400699838683,10.903400699838683,2,16,0,68935,18,68935,2,68951,33.23411938446867
moliain,ráth,4,1086,4,5.988517313476634,4.988517313476634,4,1082,0,67867,1086,67867,4,68949,33.22191017272613
ceannaigh,ráth,4,1086,4,5.988517313476634,4.988517313476634,4,1082,0,67867,1086,67867,4,68949,33.22191017272613
gcormaic,ráth,4,1086,4,5.988517313476634,4.988517313476634,4,1082,0,67867,1086,67867,4,68949,33.22191017272613
mobheóg,ráth,4,1086,4,5.988517313476634,4.988517313476634,4,1082,0,67867,1086,67867,4,68949,33.22191017272613
munna,tigh,5,285,19,5.992508173672668,4.992508173672668,5,280,14,68654,285,68668,19,68934,33.18804150272667
banbh,cluain,6,1448,10,4.836514220031583,3.8365142200315834,6,1442,4,67501,1448,67505,10,68943,33.09213902044928
chraithín,cúl,5,886,8,5.6040909076133385,4.6040909076133385,5,881,3,68064,886,68067,8,68945,33.06469215092995
eascrach,áth,5,381,15,5.914716013066516,4.914716013066516,5,376,10,68562,381,68572,15,68938,33.063302416374874
phrióra,coill,7,896,23,4.549763745223982,3.5497637452239816,7,889,16,68041,896,68057,23,68930,33.00767130882258
bainne,cis,2,2,19,11.82539818783741,10.82539818783741,2,0,17,68934,2,68951,19,68934,33.00523604665006
bréanainn,uamh,2,2,19,11.82539818783741,10.82539818783741,2,0,17,68934,2,68951,19,68934,33.00523604665006
abbott,tóchair,2,8,3,12.488363200559839,11.488363200559839,2,6,1,68944,8,68945,3,68950,32.97580155657587
bhearach,bhó,2,8,3,12.488363200559839,11.488363200559839,2,6,1,68944,8,68945,3,68950,32.97580155657587
bána,cúla,2,3,8,12.488363200559839,11.488363200559839,2,1,6,68944,3,68950,8,68945,32.97580155657586
fiachna,tigh,3,285,3,7.918507592228891,6.918507592228891,3,282,0,68668,285,68668,3,68950,32.96370708276383
dachoinne,tigh,3,285,3,7.918507592228891,6.918507592228891,3,282,0,68668,285,68668,3,68950,32.96370708276383
huamha,corr,6,503,23,5.160311656139611,4.160311656139611,6,497,17,68433,503,68450,23,68930,32.962055670099915
catháin,lios,4,1124,4,5.938899381060069,4.938899381060069,4,1120,0,67829,1124,67829,4,68949,32.946270637826984
ceannúir,lios,4,1124,4,5.938899381060069,4.938899381060069,4,1120,0,67829,1124,67829,4,68949,32.946270637826984
scarbhach,átha,4,437,6,6.71687373105924,5.71687373105924,4,433,2,68514,437,68516,6,68947,32.913500598554215
cillín,tigh,4,285,8,6.918507592228891,5.918507592228891,4,281,4,68664,285,68668,8,68945,32.90801899071394
choim,gleann,5,755,9,5.664995960513604,4.664995960513604,5,750,4,68194,755,68198,9,68944,32.899642816060265
íochtarach,rua,11,79,931,3.366339214182396,2.366339214182396,11,68,920,67954,79,68874,931,68022,32.89896017843344
lonáin,easpaig,3,22,17,9.111393742114515,8.111393742114515,3,19,14,68917,22,68931,17,68936,32.89350793362657
liag,dumha,4,33,56,7.221576659864938,6.221576659864938,4,29,52,68868,33,68920,56,68897,32.88695061948777
loingsigh,uí,6,2137,8,4.596917009342341,3.5969170093423406,6,2131,2,66814,2137,66816,8,68945,32.83282698433051
mhada,oileán,6,786,16,5.0399026997435445,4.0399026997435445,6,780,10,68157,786,68167,16,68937,32.79362291375423
snámh,droim,4,1146,4,5.91093437252409,4.91093437252409,4,1142,0,67807,1146,67807,4,68949,32.79092578959224
barrnocht,droim,4,1146,4,5.91093437252409,4.91093437252409,4,1142,0,67807,1146,67807,4,68949,32.79092578959224
aise,mullaigh,2,20,2,11.751397606393633,10.751397606393633,2,18,0,68933,20,68933,2,68951,32.788755899171
luain,má,3,20,19,9.088432593671204,8.088432593671204,3,17,16,68917,20,68933,19,68934,32.78063788166262
oilche,droim,5,1146,7,5.425507545353849,4.425507545353849,5,1141,2,67805,1146,67807,7,68946,32.68393456515247
bhuithe,mainistir,3,143,4,8.498416865223762,7.498416865223762,3,140,1,68809,143,68810,4,68949,32.63864981766825
fhearghamhna,uaigh,2,21,2,11.681008278502235,10.681008278502235,2,19,0,68932,21,68932,2,68951,32.58340238101445
dónaill,corrán,4,62,31,7.164933080507245,6.164933080507245,4,58,27,68864,62,68891,31,68922,32.57972844240799
buadáin,teampall,3,305,3,7.820660268830746,6.820660268830746,3,302,0,68648,305,68648,3,68950,32.554686590699205
mártan,teampall,3,305,3,7.820660268830746,6.820660268830746,3,302,0,68648,305,68648,3,68950,32.554686590699205
brianaid,teampall,3,305,3,7.820660268830746,6.820660268830746,3,302,0,68648,305,68648,3,68950,32.554686590699205
fhothram,teampall,3,305,3,7.820660268830746,6.820660268830746,3,302,0,68648,305,68648,3,68950,32.554686590699205
lúdagáin,teampall,3,305,3,7.820660268830746,6.820660268830746,3,302,0,68648,305,68648,3,68950,32.554686590699205
dóite,chúirt,3,13,31,9.003652173474183,8.003652173474183,3,10,28,68912,13,68940,31,68922,32.50601408263903
eibhlinne,sliabh,3,309,3,7.80186267337662,6.80186267337662,3,306,0,68644,309,68644,3,68950,32.47612509884947
tarsna,baile,16,8348,28,2.2387558940635555,1.2387558940635555,16,8332,12,60593,8348,60605,28,68925,32.44088149814563
héille,bearn,2,3,9,12.318438199117525,11.318438199117525,2,1,7,68943,3,68950,9,68944,32.43848129649102
mocheanóg,cill,5,2693,5,4.678327186779323,3.678327186779323,5,2688,0,66260,2693,66260,5,68948,32.43661949578714
tíle,cill,5,2693,5,4.678327186779323,3.678327186779323,5,2688,0,66260,2693,66260,5,68948,32.43661949578714
molúda,cill,5,2693,5,4.678327186779323,3.678327186779323,5,2688,0,66260,2693,66260,5,68948,32.43661949578714
mobhí,cill,5,2693,5,4.678327186779323,3.678327186779323,5,2688,0,66260,2693,66260,5,68948,32.43661949578714
liaile,cill,5,2693,5,4.678327186779323,3.678327186779323,5,2688,0,66260,2693,66260,5,68948,32.43661949578714
tormóir,cill,5,2693,5,4.678327186779323,3.678327186779323,5,2688,0,66260,2693,66260,5,68948,32.43661949578714
uisean,cill,5,2693,5,4.678327186779323,3.678327186779323,5,2688,0,66260,2693,66260,5,68948,32.43661949578714
reachtais,cill,5,2693,5,4.678327186779323,3.678327186779323,5,2688,0,66260,2693,66260,5,68948,32.43661949578714
osna,cill,5,2693,5,4.678327186779323,3.678327186779323,5,2688,0,66260,2693,66260,5,68948,32.43661949578714
mhíodáin,cill,5,2693,5,4.678327186779323,3.678327186779323,5,2688,0,66260,2693,66260,5,68948,32.43661949578714
fhaoile,cill,5,2693,5,4.678327186779323,3.678327186779323,5,2688,0,66260,2693,66260,5,68948,32.43661949578714
rí,fearann,9,388,109,3.875153535759253,2.875153535759253,9,379,100,68465,388,68565,109,68844,32.42589207632776
chláir,gráinseach,5,72,75,5.996510104230164,4.996510104230164,5,67,70,68811,72,68881,75,68878,32.39700705973187
siosta,tuath,2,22,2,11.613894082643696,10.613894082643696,2,20,0,68931,22,68931,2,68951,32.388086551471545
aosa,tuath,2,22,2,11.613894082643696,10.613894082643696,2,20,0,68931,22,68931,2,68951,32.388086551471545
luigheach,buiríos,2,22,2,11.613894082643696,10.613894082643696,2,20,0,68931,22,68931,2,68951,32.388086551471545
chanánach,tuath,2,22,2,11.613894082643696,10.613894082643696,2,20,0,68931,22,68931,2,68951,32.388086551471545
prochlaise,cluainte,2,22,2,11.613894082643696,10.613894082643696,2,20,0,68931,22,68931,2,68951,32.388086551471545
mhaighréide,teampall,4,305,8,6.820660268830746,5.820660268830746,4,301,4,68644,305,68648,8,68945,32.364053685720776
nua,tagard,4,6,470,6.611846253994838,5.611846253994838,4,2,466,68481,6,68947,470,68483,32.33044569471666
darach,garrán,7,223,87,4.636837227569566,3.6368372275695657,7,216,80,68650,223,68730,87,68866,32.29880852648716
tiobraid,achadh,4,477,6,6.590517744554327,5.590517744554327,4,473,2,68474,477,68476,6,68947,32.21208180482369
bán,féar,3,3,323,7.73793534658707,6.73793534658707,3,0,320,68630,3,68950,323,68630,32.208988332977555
báine,láire,2,2,23,11.54976374522398,10.54976374522398,2,0,21,68930,2,68951,23,68930,32.201872008724635
mheánach,ré,4,75,27,7.089619508621645,6.089619508621645,4,71,23,68855,75,68878,27,68926,32.201835317436405
mór,fiar,7,11,2525,4.119181332174782,3.119181332174782,7,4,2518,66424,11,68942,2525,66428,32.19633920272419
beithe,bealach,5,166,34,5.932751523571093,4.932751523571093,5,161,29,68758,166,68787,34,68919,32.18434505787687
darú,dún,4,667,5,6.369854655209047,5.369854655209047,4,663,1,68285,667,68286,5,68948,32.14622739703561
lúiche,dún,4,667,5,6.369854655209047,5.369854655209047,4,663,1,68285,667,68286,5,68948,32.14622739703561
léire,dún,4,667,5,6.369854655209047,5.369854655209047,4,663,1,68285,667,68286,5,68948,32.14622739703561
feart,dún,4,667,5,6.369854655209047,5.369854655209047,4,663,1,68285,667,68286,5,68948,32.14622739703561
slinn,dún,4,667,5,6.369854655209047,5.369854655209047,4,663,1,68285,667,68286,5,68948,32.14622739703561
iomáin,dún,4,667,5,6.369854655209047,5.369854655209047,4,663,1,68285,667,68286,5,68948,32.14622739703561
gó,áth,4,381,7,6.6923235917300685,5.6923235917300685,4,377,3,68569,381,68572,7,68946,32.101142707364026
fhearta,maigh,5,363,17,5.803965216922267,4.803965216922267,5,358,12,68578,363,68590,17,68936,32.06443815496998
áth,sruthán,6,186,62,5.164933080507244,4.164933080507244,6,180,56,68711,186,68767,62,68891,32.049085519763196
tóite,cnocán,3,332,3,7.698286269934069,6.698286269934069,3,329,0,68621,332,68621,3,68950,32.043332469865916
biolraí,cnocán,3,332,3,7.698286269934069,6.698286269934069,3,329,0,68621,332,68621,3,68950,32.043332469865916
uachtair,néan,3,6,85,8.663934765143292,7.663934765143292,3,3,82,68865,6,68947,85,68868,31.987568615416652
chríost,theampall,2,3,10,12.166435105672477,11.166435105672477,2,1,8,68942,3,68950,10,68943,31.96517341824902
dhún,caisleán,8,480,65,4.144067292644022,3.1440672926440216,8,472,57,68416,480,68473,65,68888,31.90348177646619
urlach,cathair,3,341,3,7.6596977722568225,6.6596977722568225,3,338,0,68612,341,68612,3,68950,31.882127665961978
urláir,srath,4,129,17,6.974635604607402,5.974635604607402,4,125,13,68811,129,68824,17,68936,31.873013095867822
laoinn,drom,3,342,3,7.655473186395096,6.655473186395096,3,339,0,68611,342,68611,3,68950,31.864480479923085
bholgáin,roisín,2,25,2,11.42946951150627,10.42946951150627,2,23,0,68928,25,68928,2,68951,31.85360624641956
tsnátha,gleanntán,2,25,2,11.42946951150627,10.42946951150627,2,23,0,68928,25,68928,2,68951,31.85360624641956
mór,fhaiche,10,27,2525,3.3382986214783688,2.3382986214783688,10,17,2515,66411,27,68926,2525,66428,31.851298891492974
bán,taobh,7,63,323,4.568010345144757,3.5680103451447573,7,56,316,68574,63,68890,323,68630,31.803367738341628
monaidh,carn,3,114,5,8.503470092950048,7.503470092950048,3,111,2,68837,114,68839,5,68948,31.78573834539978
mhuirisín,baile,9,8348,10,2.89410772267611,1.89410772267611,9,8339,1,60604,8348,60605,10,68943,31.76996477080671
cúl,ráth,10,1086,57,3.477555394199254,2.477555394199254,10,1076,47,67820,1086,67867,57,68896,31.646268436997893
eonáin,inis,3,355,3,7.601650486888951,6.601650486888951,3,352,0,68598,355,68598,3,68950,31.63966892031507
ceithleann,inis,3,355,3,7.601650486888951,6.601650486888951,3,352,0,68598,355,68598,3,68950,31.63966892031507
snag,inis,3,355,3,7.601650486888951,6.601650486888951,3,352,0,68598,355,68598,3,68950,31.63966892031507
snáite,inis,3,355,3,7.601650486888951,6.601650486888951,3,352,0,68598,355,68598,3,68950,31.63966892031507
díomáin,inis,3,355,3,7.601650486888951,6.601650486888951,3,352,0,68598,355,68598,3,68950,31.63966892031507
caillí,coiscéim,3,8,63,8.681008278502235,7.681008278502235,3,5,60,68885,8,68945,63,68890,31.557018019733654
sméar,fheadán,2,3,11,12.02893158192254,11.02893158192254,2,1,9,68941,3,68950,11,68942,31.542186011657343
chorr,cheathrú,5,300,21,5.774117682893716,4.774117682893716,5,295,16,68637,300,68653,21,68932,31.541917116758086
ghearr,cheathrú,5,300,21,5.774117682893716,4.774117682893716,5,295,16,68637,300,68653,21,68932,31.541917116758086
bollaí,fhaiche,2,27,2,11.318438199117526,10.318438199117526,2,25,0,68926,27,68926,2,68951,31.533264036270907
liath,choill,11,258,295,3.3169589202458343,2.3169589202458343,11,247,284,68411,258,68695,295,68658,31.51336742482755
gamhna,cluain,7,1448,17,4.293371895005055,3.2933718950050546,7,1441,10,67495,1448,67505,17,68936,31.50622887478955
broc,cluain,7,1448,17,4.293371895005055,3.2933718950050546,7,1441,10,67495,1448,67505,17,68936,31.50622887478955
saotha,maigh,3,363,3,7.569499963285244,6.569499963285244,3,360,0,68590,363,68590,3,68950,31.505396794630556
gcorbáin,maigh,3,363,3,7.569499963285244,6.569499963285244,3,360,0,68590,363,68590,3,68950,31.505396794630556
ghuala,maigh,3,363,3,7.569499963285244,6.569499963285244,3,360,0,68590,363,68590,3,68950,31.505396794630556
tuireadh,maigh,3,363,3,7.569499963285244,6.569499963285244,3,360,0,68590,363,68590,3,68950,31.505396794630556
gheis,ghleann,3,92,6,8.549763745223983,7.5497637452239825,3,89,3,68858,92,68861,6,68947,31.50511120938068
thiar,tarbh,6,13,1146,4.795457155104153,3.7954571551041534,6,7,1140,67800,13,68940,1146,67807,31.485318006613902
gloine,teach,3,174,4,8.215344706153424,7.215344706153424,3,171,1,68778,174,68779,4,68949,31.450929180070176
teampla,teach,3,174,4,8.215344706153424,7.215344706153424,3,171,1,68778,174,68779,4,68949,31.450929180070176
mór,bán,23,157,2525,2.0001992359198613,1.0001992359198613,23,134,2502,66294,157,68796,2525,66428,31.44410131998331
caocháin,cluain,6,1448,11,4.699010696281648,3.699010696281648,6,1442,5,67500,1448,67505,11,68942,31.436444751327485
éireann,folach,2,6,5,12.166435105672477,11.166435105672477,2,4,3,68944,6,68947,5,68948,31.42413623610095
maolchon,ard,4,527,6,6.446704048922624,5.446704048922624,4,523,2,68424,527,68426,6,68947,31.414331689145186
dumha,maigh,5,363,18,5.721503056730294,4.721503056730294,5,358,13,68577,363,68590,18,68935,31.401645852133456
ceallaigh,díseart,3,37,13,8.748395118232109,7.748395118232109,3,34,10,68906,37,68916,13,68940,31.39609962990035
hamaltún,bábhún,2,28,2,11.265970779223391,10.265970779223391,2,26,0,68925,28,68925,2,68951,31.382230964402932
shleasa,gréach,2,28,2,11.265970779223391,10.265970779223391,2,26,0,68925,28,68925,2,68951,31.382230964402932
thancaird,baile,12,8348,17,2.5436104755919766,1.5436104755919766,12,8336,5,60600,8348,60605,17,68936,31.38051597097746
séanáin,ros,3,371,3,7.538050324660192,6.538050324660192,3,368,0,68582,371,68582,3,68950,31.37406386441653
bairneach,ros,3,371,3,7.538050324660192,6.538050324660192,3,368,0,68582,371,68582,3,68950,31.37406386441653
aodha,ghiolla,4,16,148,6.8638723356520455,5.8638723356520455,4,12,144,68793,16,68937,148,68805,31.316064496977774
phiarais,fearann,6,388,33,5.01398124045657,4.01398124045657,6,382,27,68538,388,68565,33,68920,31.261726508851858
dola,cor,2,8,4,12.073325701280996,11.073325701280996,2,6,2,68943,8,68945,4,68949,31.249883169880526
tsearraigh,máthair,2,4,8,12.073325701280996,11.073325701280996,2,2,6,68943,4,68949,8,68945,31.249883169880526
dhaoile,tuaim,3,96,6,8.488363200559839,7.488363200559839,3,93,3,68854,96,68857,6,68947,31.245937084682232
ruaille,eas,2,29,2,11.215344706153424,10.215344706153424,2,27,0,68924,29,68924,2,68951,31.236696182118024
danainne,eas,2,29,2,11.215344706153424,10.215344706153424,2,27,0,68924,29,68924,2,68951,31.236696182118024
cál,áth,3,381,3,7.499678513787673,6.499678513787673,3,378,0,68572,381,68572,3,68950,31.213839868662546
méadal,áth,3,381,3,7.499678513787673,6.499678513787673,3,378,0,68572,381,68572,3,68950,31.213839868662546
bhaoithín,crois,3,126,5,8.359080183614873,7.359080183614873,3,123,2,68825,126,68827,5,68948,31.17828810793368
íochtaracha,tinní,2,3,12,11.903400699838683,10.903400699838683,2,1,10,68940,3,68950,12,68941,31.15981089645856
uachtaracha,hoirthir,2,3,12,11.903400699838683,10.903400699838683,2,1,10,68940,3,68950,12,68941,31.15981089645856
seymour,fearta,2,12,3,11.903400699838683,10.903400699838683,2,10,1,68940,12,68941,3,68950,31.159810896458556
bhfaoileann,rinn,4,236,11,6.731251033281856,5.731251033281856,4,232,7,68710,236,68717,11,68942,31.113329658519444
chantaire,fearann,3,388,3,7.473412859093867,6.473412859093867,3,385,0,68565,388,68565,3,68950,31.104175680734105
mháille,uí,7,2137,13,4.118869712537696,3.1188697125376956,7,2130,6,66810,2137,66816,13,68940,31.09031494864419
choinn,ghráinseach,4,72,32,6.9034006998386825,5.9034006998386825,4,68,28,68853,72,68881,32,68921,31.084315243324326
dubh,ráithín,11,104,763,3.2567783549426697,2.2567783549426697,11,93,752,68097,104,68849,763,68190,31.069150598771525
mhóinín,baile,16,8348,29,2.1881298209935873,1.1881298209935873,16,8332,13,60592,8348,60605,29,68924,31.049780787007343
eo,mhaigh,3,25,20,8.692503917340064,7.692503917340064,3,22,17,68911,25,68928,20,68933,31.011516528900987
chaitlín,cora,3,100,6,8.42946951150627,7.429469511506269,3,97,3,68850,100,68853,6,68947,30.997525318187805
noileán,loch,5,1826,6,4.975820245462979,3.9758202454629794,5,1821,1,67126,1826,67127,6,68947,30.973112762843616
chlochar,loch,5,1826,6,4.975820245462979,3.9758202454629794,5,1821,1,67126,1826,67127,6,68947,30.973112762843616
cholpa,maigh,4,363,8,6.569499963285243,5.569499963285243,4,359,4,68586,363,68590,8,68945,30.969637468770845
álainn,tulaigh,5,318,21,5.690053418105241,4.690053418105241,5,313,16,68619,318,68635,21,68932,30.962851597449195
chlutair,talamh,2,31,2,11.11912939089412,10.11912939089412,2,29,0,68922,31,68922,2,68951,30.960615018240617
reachrann,port,3,189,4,8.096045777781079,7.096045777781079,3,186,1,68763,189,68764,4,68949,30.951064141975692
bruíon,bóthar,4,155,16,6.797201296006757,5.797201296006757,4,151,12,68786,155,68798,16,68937,30.94383374659393
ioraird,cluain,4,1448,4,5.573479814197789,4.573479814197789,4,1444,0,67505,1448,67505,4,68949,30.916762418895825
sosta,cluain,4,1448,4,5.573479814197789,4.573479814197789,4,1444,0,67505,1448,67505,4,68949,30.916762418895825
pruachais,cluain,4,1448,4,5.573479814197789,4.573479814197789,4,1444,0,67505,1448,67505,4,68949,30.916762418895825
treá,cluain,4,1448,4,5.573479814197789,4.573479814197789,4,1444,0,67505,1448,67505,4,68949,30.916762418895825
domhan,sraith,3,32,16,8.65828820200215,7.658288202002151,3,29,13,68908,32,68921,16,68937,30.911468893456757
nócam,sraith,2,32,2,11.073325701280995,10.073325701280995,2,30,0,68921,32,68921,2,68951,30.829408677653028
wallace,chrois,2,32,2,11.073325701280995,10.073325701280995,2,30,0,68921,32,68921,2,68951,30.829408677653028
loimpre,creig,2,32,2,11.073325701280995,10.073325701280995,2,30,0,68921,32,68921,2,68951,30.829408677653028
bháda,creig,2,32,2,11.073325701280995,10.073325701280995,2,30,0,68921,32,68921,2,68951,30.829408677653028
nuadáin,sraith,2,32,2,11.073325701280995,10.073325701280995,2,30,0,68921,32,68921,2,68951,30.829408677653028
liatháin,deochain,2,2,32,11.073325701280995,10.073325701280995,2,0,30,68921,2,68951,32,68921,30.829408677653028
dhraighnín,imleach,2,32,2,11.073325701280995,10.073325701280995,2,30,0,68921,32,68921,2,68951,30.829408677653028
tuaithe,muiriúch,2,3,13,11.787923482418748,10.787923482418748,2,1,11,68939,3,68950,13,68940,30.810910349808218
éanna,feart,2,3,13,11.787923482418748,10.787923482418748,2,1,11,68939,3,68950,13,68940,30.810910349808218
dheá,dhomhnach,2,3,13,11.787923482418748,10.787923482418748,2,1,11,68939,3,68950,13,68940,30.810910349808218
domhnaigh,cros,3,11,49,8.584146739249645,7.584146739249645,3,8,46,68896,11,68942,49,68904,30.803292070035056
cora,barr,7,246,88,4.478734499362061,3.4787344993620612,7,239,81,68626,246,68707,88,68865,30.797379573951023
thoir,peambróg,5,8,1115,5.27242580136069,4.27242580136069,5,3,1110,67835,8,68945,1115,67838,30.780170471756264
mhín,loch,14,1826,81,2.706359570469752,1.7063595704697518,14,1812,67,67060,1826,67127,81,68872,30.773693291640765
uisce,mhada,3,5,135,8.259544510063957,7.259544510063957,3,2,132,68816,5,68948,135,68818,30.760017714865207
eolaing,cam,2,9,4,11.903400699838683,10.903400699838683,2,7,2,68942,9,68944,4,68949,30.71259191929076
beara,ghaoth,2,4,9,11.903400699838683,10.903400699838683,2,2,7,68942,4,68949,9,68944,30.71259191929076
gort,lios,5,1124,8,5.260827475947432,4.260827475947432,5,1119,3,67826,1124,67829,8,68945,30.70039302245935
dúgáin,lios,5,1124,8,5.260827475947432,4.260827475947432,5,1119,3,67826,1124,67829,8,68945,30.70039302245935
chill,diméin,6,123,104,5.015333978521818,4.015333978521818,6,117,98,68732,123,68830,104,68849,30.69954717959861
leath,árann,2,5,7,11.94404268433603,10.94404268433603,2,3,5,68943,5,68948,7,68946,30.686619041349527
pádraig,ard,7,527,43,4.412756716999286,3.4127567169992856,7,520,36,68390,527,68426,43,68910,30.666531167202045
choirce,gort,7,923,26,4.330054067551733,3.3300540675517327,7,916,19,68011,923,68030,26,68927,30.660944453859905
odhráin,cill,10,2693,27,3.245367779503217,2.245367779503217,10,2683,17,66243,2693,66260,27,68926,30.646634666380656
bhodhra,achaidh,2,34,2,10.985862860030656,9.985862860030656,2,32,0,68919,34,68919,2,68951,30.579245662393415
ghae,achaidh,2,34,2,10.985862860030656,9.985862860030656,2,32,0,68919,34,68919,2,68951,30.579245662393415
thairbh,droim,5,1146,8,5.232862467411453,4.232862467411453,5,1141,3,67804,1146,67807,8,68945,30.508072540826387
siúire,carraig,4,819,5,6.073677964752624,5.073677964752624,4,815,1,68133,819,68134,5,68948,30.503863752353617
clochair,coillte,3,65,9,8.465995387531384,7.465995387531384,3,62,6,68882,65,68888,9,68944,30.494811208725256
ghlaisín,uí,6,2137,9,4.426992007900028,3.4269920079000276,6,2131,3,66813,2137,66816,9,68944,30.435727623278687
áth,glaise,4,40,62,6.797201296006757,5.797201296006757,4,36,58,68855,40,68913,62,68891,30.429906521133724
lisín,cnoc,8,2293,18,3.7403800602578885,2.7403800602578885,8,2285,10,66650,2293,66660,18,68935,30.427554306858962
gcormacáin,mainistir,3,143,5,8.176488770336398,7.176488770336398,3,140,2,68808,143,68810,5,68948,30.41127943510118
coill,bóthar,5,155,43,5.692864636192022,4.692864636192022,5,150,38,68760,155,68798,43,68910,30.393528436589087
caorthainn,bealach,4,166,16,6.698286269934069,5.698286269934069,4,162,12,68775,166,68787,16,68937,30.39221411680843
hó,átha,3,437,3,7.301836231780397,6.301836231780397,3,434,0,68516,437,68516,3,68950,30.38799491240669
póirín,átha,3,437,3,7.301836231780397,6.301836231780397,3,434,0,68516,437,68516,3,68950,30.38799491240669
ragad,átha,3,437,3,7.301836231780397,6.301836231780397,3,434,0,68516,437,68516,3,68950,30.38799491240669
ghéag,átha,3,437,3,7.301836231780397,6.301836231780397,3,434,0,68516,437,68516,3,68950,30.38799491240669
phort,diméin,4,123,21,6.738493773162995,5.738493773162995,4,119,17,68813,123,68830,21,68932,30.3716562308707
calaidh,cluain,5,1448,7,5.088052987027548,4.088052987027548,5,1443,2,67503,1448,67505,7,68946,30.358171429134327
siabhra,cluain,5,1448,7,5.088052987027548,4.088052987027548,5,1443,2,67503,1448,67505,7,68946,30.358171429134327
léith,chabha,2,2,36,10.903400699838683,9.903400699838683,2,0,34,68917,2,68951,36,68917,30.343815662172208
beag,mhorn,4,4,1558,5.467846183219326,4.467846183219326,4,0,1554,67395,4,68949,1558,67395,30.33022365484491
chonalláin,muine,3,145,5,8.156451017099855,7.1564510170998545,3,142,2,68806,145,68808,5,68948,30.327180681186633
neo,muine,3,145,5,8.156451017099855,7.1564510170998545,3,142,2,68806,145,68808,5,68948,30.327180681186633
iarainn,chon,3,11,53,8.470936128801654,7.470936128801654,3,8,50,68892,11,68942,53,68900,30.318959423573013
amhlaidh,mac,5,980,9,5.288690855723474,4.288690855723474,5,975,4,67969,980,67973,9,68944,30.31010051754392
gofraidh,mac,5,980,9,5.288690855723474,4.288690855723474,5,975,4,67969,980,67973,9,68944,30.31010051754392
bandan,droichead,3,444,3,7.278909834930889,6.278909834930889,3,441,0,68509,444,68509,3,68950,30.292320531103698
baile,plotaí,3,3,445,7.275664175427235,6.275664175427235,3,0,442,68508,3,68950,445,68508,30.27877645553251
bháin,cholmáin,3,15,38,8.503470092950048,7.503470092950048,3,12,35,68903,15,68938,38,68915,30.26488218073157
ing,dún,5,667,12,5.428748344262616,4.428748344262616,5,662,7,68279,667,68286,12,68941,30.255554278306448
chríoch,díseart,2,37,2,10.863872335652045,9.863872335652045,2,35,0,68916,37,68916,2,68951,30.231102325701006
gailine,díseart,2,37,2,10.863872335652045,9.863872335652045,2,35,0,68916,37,68916,2,68951,30.231102325701006
donnabháin,daingean,2,37,2,10.863872335652045,9.863872335652045,2,35,0,68916,37,68916,2,68951,30.231102325701006
raoi,con,2,15,3,11.581472604951319,10.581472604951319,2,13,1,68937,15,68938,3,68950,30.193132925898766
mhacha,eamhain,2,3,15,11.581472604951319,10.581472604951319,2,1,13,68937,3,68950,15,68938,30.193132925898766
fhailí,uíbh,2,15,3,11.581472604951319,10.581472604951319,2,13,1,68937,15,68938,3,68950,30.193132925898766
bhleathach,ceathrú,3,452,3,7.253146738865807,6.253146738865807,3,449,0,68501,452,68501,3,68950,30.184814451008513
uirbeach,theas,3,7,94,8.29634442826691,7.296344428266909,3,4,91,68855,7,68946,94,68859,30.133815136204074
urláir,achaidh,3,34,17,8.483362519501473,7.483362519501473,3,31,14,68905,34,68919,17,68936,30.130261036428237
mosóg,maol,2,38,2,10.82539818783741,9.82539818783741,2,36,0,68915,38,68915,2,68951,30.121478986750684
dortáin,maol,2,38,2,10.82539818783741,9.82539818783741,2,36,0,68915,38,68915,2,68951,30.121478986750684
bhán,chora,6,54,253,4.920407125144372,3.920407125144372,6,48,247,68652,54,68899,253,68700,30.107187293617436
hanraí,baile,11,8348,15,2.5986518391499382,1.5986518391499382,11,8337,4,60601,8348,60605,15,68938,30.097296845630915
mhálanna,bá,3,80,8,8.336360107114789,7.336360107114789,3,77,5,68868,80,68873,8,68945,30.09488759231679
céile,cill,6,2693,8,4.263289687500479,3.263289687500479,6,2687,2,66258,2693,66260,8,68945,30.08773423658014
liaine,cill,6,2693,8,4.263289687500479,3.263289687500479,6,2687,2,66258,2693,66260,8,68945,30.08773423658014
mocheallóg,cill,6,2693,8,4.263289687500479,3.263289687500479,6,2687,2,66258,2693,66260,8,68945,30.08773423658014
fhionn,cúl,7,886,28,4.282162812725976,3.282162812725976,7,879,21,68046,886,68067,28,68925,30.065448175107758
mhálanna,úig,2,5,8,11.751397606393633,10.751397606393633,2,3,6,68942,5,68948,8,68945,30.065117994818046
eala,lainn,2,5,8,11.751397606393633,10.751397606393633,2,3,6,68942,5,68948,8,68945,30.065117994818046
ryan,tóchair,2,8,5,11.751397606393633,10.751397606393633,2,6,3,68942,8,68945,5,68948,30.065117994818042
chonnacht,muintir,2,8,5,11.751397606393633,10.751397606393633,2,6,3,68942,8,68945,5,68948,30.065117994818042
tiníleach,clós,2,8,5,11.751397606393633,10.751397606393633,2,6,3,68942,8,68945,5,68948,30.065117994818042
cathail,ros,5,371,20,5.538050324660191,4.538050324660191,5,366,15,68567,371,68582,20,68933,29.98339720412192
maí,dara,3,15,40,8.42946951150627,7.429469511506269,3,12,37,68901,15,68938,40,68913,29.94533180319539
bhuí,dáith,3,4,224,7.850933279944546,6.850933279944546,3,1,221,68728,4,68949,224,68729,29.92517429408288
mhuaidhe,mór,3,224,4,7.850933279944546,6.850933279944546,3,221,1,68728,224,68729,4,68949,29.925174294082876
córach,rú,2,16,3,11.488363200559839,10.488363200559839,2,14,1,68936,16,68937,3,68950,29.916750794517224
éime,leic,2,40,2,10.751397606393633,9.751397606393633,2,38,0,68913,40,68913,2,68951,29.910855367209127
maí,oirthear,2,2,40,10.751397606393633,9.751397606393633,2,0,38,68913,2,68951,40,68913,29.910855367209127
urláir,ceathrú,5,452,17,5.4876119925028295,4.4876119925028295,5,447,12,68489,452,68501,17,68936,29.889135099986913
chaorthainn,corr,6,503,29,4.8258926170690515,3.8258926170690515,6,497,23,68427,503,68450,29,68924,29.881951481347386
clár,corr,4,503,7,6.2915561894178635,5.2915561894178635,4,499,3,68447,503,68450,7,68946,29.87925231019422
roisín,loch,9,1826,30,3.5018890571305668,2.5018890571305668,9,1817,21,67106,1826,67127,30,68923,29.876670359952136
choll,cúl,4,886,5,5.960234717838614,4.960234717838614,4,882,1,68066,886,68067,5,68948,29.875286539570872
mheasa,achadh,3,477,3,7.175480245275483,6.175480245275483,3,474,0,68476,477,68476,3,68950,29.860760486256392
gallan,achadh,3,477,3,7.175480245275483,6.175480245275483,3,474,0,68476,477,68476,3,68950,29.860760486256392
fhíonach,achadh,3,477,3,7.175480245275483,6.175480245275483,3,474,0,68476,477,68476,3,68950,29.860760486256392
deo,achadh,3,477,3,7.175480245275483,6.175480245275483,3,474,0,68476,477,68476,3,68950,29.860760486256392
mhacha,ard,5,527,15,5.446704048922625,4.446704048922625,5,522,10,68416,527,68426,15,68938,29.843605508187288
cham,cúl,5,886,10,5.282162812725977,4.282162812725977,5,881,5,68062,886,68067,10,68943,29.838203686354635
fobhair,cúl,5,886,10,5.282162812725977,4.282162812725977,5,881,5,68062,886,68067,10,68943,29.838203686354635
chab,béal,3,479,3,7.169443855544816,6.169443855544816,3,476,0,68474,479,68474,3,68950,29.835576735456527
ghriaire,caisleán,3,480,3,7.166435105672477,6.166435105672477,3,477,0,68473,480,68473,3,68950,29.823024388419796
thuaidh,gharbh,6,18,876,4.713576140958665,3.713576140958665,6,12,870,68065,18,68935,876,68077,29.820724402822034
mór,cluanach,9,23,2525,3.417621074139775,2.417621074139775,9,14,2516,66414,23,68930,2525,66428,29.8122028542187
tríonóide,paróiste,3,84,8,8.265970779223391,7.265970779223391,3,81,5,68864,84,68869,8,68945,29.79723584299027
dubh,choill,16,258,763,2.4865591990232097,1.4865591990232097,16,242,747,67948,258,68695,763,68190,29.78380834243533
ríoga,chanáil,2,6,7,11.681008278502235,10.681008278502235,2,4,5,68942,6,68947,7,68946,29.778710735096347
chubhair,sceilp,2,7,6,11.681008278502235,10.681008278502235,2,5,4,68942,7,68946,6,68947,29.778710735096343
chláir,coill,10,896,75,3.359080183614872,2.359080183614872,10,886,65,67992,896,68057,75,68878,29.756485452743895
baile,bá,8,80,445,3.9537360805398722,2.9537360805398722,8,72,437,68436,80,68873,445,68508,29.736296099893885
meánach,trian,4,55,49,6.677256143641126,5.677256143641126,4,51,45,68853,55,68898,49,68904,29.72698233158526
garbháin,áth,5,381,20,5.499678513787672,4.499678513787672,5,376,15,68557,381,68572,20,68933,29.720014714760246
maoláin,ráth,7,1086,24,4.210909734813081,3.2109097348130806,7,1079,17,67850,1086,67867,24,68929,29.719224556938848
rónáin,cill,11,2693,35,3.0084757884716535,2.0084757884716535,11,2682,24,66236,2693,66260,35,68918,29.71501646680664
riain,uí,7,2137,14,4.011954508621184,3.0119545086211836,7,2130,7,66809,2137,66816,14,68939,29.68978951423061
theas,gharbh,6,18,888,4.693947334209732,3.6939473342097324,6,12,882,68053,18,68935,888,68065,29.661129946235697
shíoda,leaba,3,59,11,8.316213534003012,7.316213534003012,3,56,8,68886,59,68894,11,68942,29.658966163956535
ghorm,bhinn,3,66,10,8.291965987756335,7.291965987756335,3,63,7,68880,66,68887,10,68943,29.64301373924465
leamháin,ceapaigh,3,42,15,8.359080183614873,7.359080183614873,3,39,12,68899,42,68911,15,68938,29.64201966010568
chnoc,mainistir,5,143,50,5.591526269615243,4.591526269615243,5,138,45,68765,143,68810,50,68903,29.63197205076613
cheathrú,abhainn,4,519,7,6.246380050865509,5.246380050865509,4,515,3,68431,519,68434,7,68946,29.629159506235574
coill,cladhach,2,2,43,10.647060946578897,9.647060946578897,2,0,41,68910,2,68951,43,68910,29.61436307722907
múscán,alt,2,43,2,10.647060946578897,9.647060946578897,2,41,0,68910,43,68910,2,68951,29.61436307722907
pholaird,baile,7,8348,7,3.046110816121159,2.046110816121159,7,8341,0,60605,8348,60605,7,68946,29.56480439181053
bhailisigh,baile,7,8348,7,3.046110816121159,2.046110816121159,7,8341,0,60605,8348,60605,7,68946,29.56480439181053
shláine,baile,7,8348,7,3.046110816121159,2.046110816121159,7,8341,0,60605,8348,60605,7,68946,29.56480439181053
dhromainne,corr,3,503,3,7.098911111475468,6.098911111475468,3,500,0,68450,503,68450,3,68950,29.54133912865574
gaoth,corr,10,503,132,3.376445087004377,2.376445087004377,10,493,122,68328,503,68450,132,68821,29.53624993090946
laoghaire,dún,4,667,6,6.106820249375254,5.106820249375254,4,663,2,68284,667,68286,6,68947,29.531406702047065
chaorach,cró,3,40,16,8.336360107114789,7.336360107114789,3,37,13,68900,40,68913,16,68937,29.515996147914635
mhainchín,cill,7,2693,12,3.9007196081157707,2.9007196081157707,7,2686,5,66255,2693,66260,12,68941,29.51301888562707
gad,átha,4,437,8,6.301836231780396,5.301836231780396,4,433,4,68512,437,68516,8,68945,29.486516054018537
laoill,srath,3,129,6,8.06209844585774,7.062098445857741,3,126,3,68821,129,68824,6,68947,29.45160062303539
dearg,fhaill,4,31,91,6.6113347506954225,5.6113347506954225,4,27,87,68835,31,68922,91,68862,29.447326229260028
gcaol,dtrí,2,12,4,11.488363200559839,10.488363200559839,2,10,2,68939,12,68941,4,68949,29.434008550178827
uasal,mná,2,12,4,11.488363200559839,10.488363200559839,2,10,2,68939,12,68941,4,68949,29.434008550178827
chiaráin,saighir,2,2,45,10.58147260495132,9.58147260495132,2,0,43,68908,2,68951,45,68908,29.428249427441862
chadhain,uí,5,2137,6,4.74892010278739,3.74892010278739,5,2132,1,66815,2137,66816,6,68947,29.407652575768722
éilí,uí,5,2137,6,4.74892010278739,3.74892010278739,5,2132,1,66815,2137,66816,6,68947,29.407652575768722
mhatháin,uí,5,2137,6,4.74892010278739,3.74892010278739,5,2132,1,66815,2137,66816,6,68947,29.407652575768722
bhruadair,uí,5,2137,6,4.74892010278739,3.74892010278739,5,2132,1,66815,2137,66816,6,68947,29.407652575768722
argáin,uí,5,2137,6,4.74892010278739,3.74892010278739,5,2132,1,66815,2137,66816,6,68947,29.407652575768722
fhlaitheartaigh,uí,5,2137,6,4.74892010278739,3.74892010278739,5,2132,1,66815,2137,66816,6,68947,29.407652575768722
ghort,coill,7,896,29,4.215344706153423,3.215344706153423,7,889,22,68035,896,68057,29,68924,29.37605514951608
conaire,achadh,5,477,17,5.409945498912506,4.409945498912506,5,472,12,68464,477,68476,17,68936,29.35663353157763
tseiscinne,abhainn,3,519,3,7.053734972923113,6.053734972923113,3,516,0,68434,519,68434,3,68950,29.35290307758214
ára,aill,2,46,2,10.549763745223983,9.549763745223983,2,44,0,68907,46,68907,2,68951,29.338342864935473
dhuilliúir,fiodh,2,46,2,10.549763745223983,9.549763745223983,2,44,0,68907,46,68907,2,68951,29.338342864935473
ailí,droim,6,1146,15,4.589006277636728,3.589006277636728,6,1140,9,67798,1146,67807,15,68938,29.306494012975918
ros,gob,5,173,43,5.534360813829535,4.534360813829535,5,168,38,68742,173,68780,43,68910,29.297624231478977
rátha,cnoc,19,2293,128,2.1582325751437867,1.1582325751437867,19,2274,109,66551,2293,66660,128,68825,29.28942096884157
bhficheallaigh,ard,3,527,3,7.031666549643781,6.031666549643781,3,524,0,68426,527,68426,3,68950,29.260858832658066
cnoic,ceann,3,251,4,7.686744648051379,6.686744648051379,3,248,1,68701,251,68702,4,68949,29.2387599625958
cháinín,bheitheach,2,19,3,11.240435687116253,10.240435687116253,2,17,1,68933,19,68934,3,68950,29.18664420509466
luacharois,gaoth,2,19,3,11.240435687116253,10.240435687116253,2,17,1,68933,19,68934,3,68950,29.18664420509466
croiche,cnoc,10,2293,33,3.1878390372291103,2.1878390372291103,10,2283,23,66637,2293,66660,33,68920,29.177756114994892
binn,thíre,2,2,48,10.488363200559839,9.488363200559839,2,0,46,68905,2,68951,48,68905,29.164374986966248
ghiolla,mainistir,4,143,21,6.521136941723845,5.521136941723845,4,139,17,68793,143,68810,21,68932,29.157687517186147
fionn,bán,5,157,48,5.515670546555574,4.515670546555574,5,152,43,68753,157,68796,48,68905,29.12208955416762
bige,cille,3,28,24,8.265970779223391,7.265970779223391,3,25,21,68904,28,68925,24,68929,29.117556268283774
creige,baile,14,8348,24,2.2685032374576073,1.2685032374576073,14,8334,10,60595,8348,60605,24,68929,29.115752451521786
gaibhle,fhiodh,2,4,13,11.372885983139902,10.372885983139902,2,2,11,68938,4,68949,13,68940,29.08513701467729
caise,mullach,3,258,4,7.647060946578898,6.647060946578898,3,255,1,68694,258,68695,4,68949,29.072943310641275
eileagóid,mac,4,980,5,5.814759667391061,4.814759667391061,4,976,1,67972,980,67973,5,68948,29.069628345229596
lom,cuar,3,43,16,8.232023447300053,7.232023447300053,3,40,13,68897,43,68910,16,68937,29.066705314147537
neathach,loch,4,1826,4,5.238854651296773,4.238854651296773,4,1822,0,67127,1826,67127,4,68949,29.05891532791177
tana,loch,4,1826,4,5.238854651296773,4.238854651296773,4,1822,0,67127,1826,67127,4,68949,29.05891532791177
moling,muine,4,145,21,6.5010991884873,5.5010991884873,4,141,17,68791,145,68808,21,68932,29.04599051077638
bhulbhaigh,burgáiste,2,7,7,11.458615857165787,10.458615857165787,2,5,5,68941,7,68946,7,68946,29.041251559682543
fhobhair,tuaim,3,96,8,8.073325701280995,7.073325701280995,3,93,5,68852,96,68857,8,68945,28.984090610038173
réidh,conach,2,3,20,11.166435105672475,10.166435105672475,2,1,18,68932,3,68950,20,68933,28.970193071289245
bocht,baile,10,8348,13,2.6675991928674296,1.6675991928674296,10,8338,3,60602,8348,60605,13,68940,28.966722175490204
tóna,baile,10,8348,13,2.6675991928674296,1.6675991928674296,10,8338,3,60602,8348,60605,13,68940,28.966722175490204
coille,fearann,11,388,223,3.1319445778108594,2.1319445778108594,11,377,212,68353,388,68565,223,68730,28.953149046009006
liath,scairt,5,27,295,5.435795149755685,4.435795149755685,5,22,290,68636,27,68926,295,68658,28.937459702921
dubha,pollacha,2,2,51,10.4009003593095,9.4009003593095,2,0,49,68902,2,68951,51,68902,28.916838234089678
dubha,gualainn,2,2,51,10.4009003593095,9.4009003593095,2,0,49,68902,2,68951,51,68902,28.916838234089678
dubha,caoráin,2,2,51,10.4009003593095,9.4009003593095,2,0,49,68902,2,68951,51,68902,28.916838234089678
dubha,gcailleacha,2,2,51,10.4009003593095,9.4009003593095,2,0,49,68902,2,68951,51,68902,28.916838234089678
finne,cloiche,3,18,39,8.20296098169759,7.20296098169759,3,15,36,68899,18,68935,39,68914,28.89797279808187
beag,ghráinseach,12,72,1558,2.882883682498169,1.8828836824981692,12,60,1546,67335,72,68881,1558,67395,28.89312058274441
mháid,moing,2,52,2,10.372885983139902,9.372885983139902,2,50,0,68901,52,68901,2,68951,28.837617367476415
longfoirt,srath,4,129,24,6.477135945136585,5.477135945136585,4,125,20,68804,129,68824,24,68929,28.82170078534886
mhám,sruthán,3,186,5,7.797201296006757,6.797201296006757,3,183,2,68765,186,68767,5,68948,28.821635131882076
bhfeannóg,mullach,4,258,13,6.361658727716648,5.361658727716648,4,254,9,68686,258,68695,13,68940,28.786023567819484
bhrocháin,bhoth,2,21,3,11.096045777781077,10.096045777781077,2,19,1,68931,21,68932,3,68950,28.76486856724269
feirste,rann,2,4,14,11.265970779223391,10.265970779223391,2,2,12,68937,4,68949,14,68939,28.764336695510636
bhréige,fhir,2,14,4,11.265970779223391,10.265970779223391,2,12,2,68937,14,68939,4,68949,28.764336695510636
seanbhó,droim,5,1146,9,5.06293746596914,4.06293746596914,5,1141,4,67803,1146,67807,9,68944,28.761152006745387
fearna,tuaim,4,96,32,6.488363200559839,5.488363200559839,4,92,28,68829,96,68857,32,68921,28.74495317298394
meá,muine,3,145,6,7.893416611266061,6.893416611266061,3,142,3,68805,145,68808,6,68947,28.743654508190186
namhad,port,3,189,5,7.774117682893716,6.774117682893716,3,186,2,68762,189,68764,5,68948,28.725031250635283
aille,dumha,3,33,22,8.1544624640064,7.1544624640064,3,30,19,68901,33,68920,22,68931,28.640322259772937
dúin,both,5,67,117,5.4587998861271805,4.4587998861271805,5,62,112,68774,67,68886,117,68836,28.6384013516776
glasa,corra,2,11,5,11.291965987756335,10.291965987756335,2,9,3,68939,11,68942,5,68948,28.631676510494692
ros,gráinseach,4,72,43,6.477135945136585,5.477135945136585,4,68,39,68842,72,68881,43,68910,28.60427736147441
otraigh,móin,3,279,4,7.534166890172963,6.534166890172963,3,276,1,68673,279,68674,4,68949,28.601396215091377
gcaorach,ré,5,75,105,5.452189588006354,4.452189588006354,5,70,100,68778,75,68878,105,68848,28.577603253387913
bhróin,easpaig,2,22,3,11.02893158192254,10.02893158192254,2,20,1,68930,22,68931,3,68950,28.569581752215566
cilleadh,cluainte,2,22,3,11.02893158192254,10.02893158192254,2,20,1,68930,22,68931,3,68950,28.569581752215566
lámh,láithreach,2,22,3,11.02893158192254,10.02893158192254,2,20,1,68930,22,68931,3,68950,28.569581752215566
uimh,garbhán,2,3,22,11.02893158192254,10.02893158192254,2,1,20,68930,3,68950,22,68931,28.569581752215566
lúbáin,tuath,2,22,3,11.02893158192254,10.02893158192254,2,20,1,68930,22,68931,3,68950,28.569581752215566
feirste,bhéal,3,54,14,8.096045777781079,7.096045777781079,3,51,11,68888,54,68899,14,68939,28.550933821701122
mhuimhneach,abha,2,56,2,10.265970779223391,9.265970779223391,2,54,0,68897,56,68897,2,68951,28.53555122373792
ghéir,giolla,2,56,2,10.265970779223391,9.265970779223391,2,54,0,68897,56,68897,2,68951,28.53555122373792
shéamais,baile,16,8348,31,2.0919145057342843,1.0919145057342843,16,8332,15,60590,8348,60605,31,68922,28.51392927622381
chanáin,uí,6,2137,10,4.274988914454977,3.274988914454977,6,2131,4,66812,2137,66816,10,68943,28.495543592011792
shannon,páirc,3,599,3,6.84691350849221,5.84691350849221,3,596,0,68354,599,68354,3,68950,28.49043242639084
fhionnuisce,páirc,3,599,3,6.84691350849221,5.84691350849221,3,596,0,68354,599,68354,3,68950,28.49043242639084
chuilinn,cnoc,17,2293,106,2.2698474483873414,1.2698474483873414,17,2276,89,66571,2293,66660,106,68847,28.480779479883157
riala,tigh,3,285,4,7.503470092950047,6.503470092950047,3,282,1,68667,285,68668,4,68949,28.473222599034838
mhéabha,boith,2,4,15,11.166435105672475,10.166435105672475,2,2,13,68936,4,68949,15,68938,28.467417614343415
mhaol,ráth,7,1086,26,4.095432517393145,3.095432517393145,7,1079,19,67848,1086,67867,26,68927,28.46732728197044
munna,teach,4,174,19,6.382454691988681,5.382454691988681,4,170,15,68764,174,68779,19,68934,28.466682393489243
mór,currach,32,298,2525,1.5520895082923136,0.5520895082923136,32,266,2493,66162,298,68655,2525,66428,28.45032679385666
dhún,diméin,5,123,65,5.430371477800663,4.430371477800663,5,118,60,68770,123,68830,65,68888,28.446680473521937
gcaorach,scairbh,3,8,105,7.9440426843360274,6.9440426843360274,3,5,102,68843,8,68945,105,68848,28.439525211809965
churraoin,uí,7,2137,15,3.912418835070269,2.912418835070269,7,2130,8,66808,2137,66816,15,68938,28.432980260179747
tsíle,cábán,2,7,8,11.265970779223391,10.265970779223391,2,5,6,68940,7,68946,8,68945,28.419808533361437
bháire,mhuintir,2,8,7,11.265970779223391,10.265970779223391,2,6,5,68940,8,68945,7,68946,28.419808533361437
bréige,mhacha,2,7,8,11.265970779223391,10.265970779223391,2,5,6,68940,7,68946,8,68945,28.419808533361437
crí,sruthán,4,186,18,6.3642418887306516,5.3642418887306516,4,182,14,68753,186,68767,18,68935,28.414474343576124
eachaí,léim,2,58,2,10.215344706153424,9.215344706153424,2,56,0,68895,58,68895,2,68951,28.3926636960863
ngaltán,cé,2,58,2,10.215344706153424,9.215344706153424,2,56,0,68895,58,68895,2,68951,28.3926636960863
samhradh,cnoc,8,2293,20,3.5883769668128385,2.5883769668128385,8,2285,12,66648,2293,66660,20,68933,28.372542313361755
clóidí,bun,3,291,4,7.473412859093867,6.473412859093867,3,288,1,68661,291,68662,4,68949,28.347737170373897
tseanáin,giolla,3,56,14,8.043578357886943,7.043578357886943,3,53,11,68886,56,68897,14,68939,28.32718846316923
mór,bhinn,14,66,2525,2.534218831453626,1.534218831453626,14,52,2511,66376,66,68887,2525,66428,28.32484147792992
geal,crannaigh,2,2,59,10.190682651919154,9.190682651919154,2,0,57,68894,2,68951,59,68894,28.323089709398637
ceann,loch,14,1826,89,2.570476142387979,1.570476142387979,14,1812,75,67052,1826,67127,89,68864,28.31820517252113
comair,domhnach,3,82,10,7.978808102496705,6.978808102496705,3,79,7,68864,82,68871,10,68943,28.316520544876234
ghabha,ceann,4,251,14,6.294427225272618,5.294427225272618,4,247,10,68692,251,68702,14,68939,28.30990647413598
liath,chora,6,54,295,4.698829555589479,3.6988295555894792,6,48,289,68610,54,68899,295,68658,28.302324212994254
ghabhann,baile,23,8348,58,1.7116917770506004,0.7116917770506004,23,8325,35,60570,8348,60605,58,68895,28.288435727339227
fhionn,mhóin,4,117,28,6.395606059639986,5.395606059639986,4,113,24,68812,117,68836,28,68925,28.28238864352072
rátha,maighean,3,7,128,7.850933279944546,6.850933279944546,3,4,125,68821,7,68946,128,68825,28.259441970290865
chofaigh,ráth,4,1086,5,5.666589218589271,4.666589218589271,4,1082,1,67866,1086,67867,5,68948,28.24952055513956
claon,ráth,4,1086,5,5.666589218589271,4.666589218589271,4,1082,1,67866,1086,67867,5,68948,28.24952055513956
pheadair,teampall,5,305,28,5.335233441660504,4.335233441660504,5,300,23,68625,305,68648,28,68925,28.21502397776125
bige,habhna,2,3,24,10.903400699838683,9.903400699838683,2,1,22,68928,3,68950,24,68929,28.205500879204152
feichín,tobar,4,514,8,6.067701152087117,5.067701152087117,4,510,4,68435,514,68439,8,68945,28.19167538145074
bréagach,fear,2,16,4,11.073325701280995,10.073325701280995,2,14,2,68935,16,68937,4,68949,28.191064495388634
roinn,bhardais,2,4,16,11.073325701280995,10.073325701280995,2,2,14,68935,4,68949,16,68937,28.191064495388634
tsoipín,chluain,2,62,2,10.11912939089412,9.11912939089412,2,60,0,68891,62,68891,2,68951,28.12134727819718
mór,aird,12,48,2525,2.7712580287544752,1.7712580287544752,12,36,2513,66392,48,68905,2525,66428,28.11752016635458
dhuibh,cheapaigh,3,11,76,7.950929069921269,6.950929069921269,3,8,73,68869,11,68942,76,68877,28.108554677322545
léith,buiríos,3,22,36,8.028931581922542,7.028931581922542,3,19,33,68898,22,68931,36,68917,28.095768260524373
cloiche,baile,37,8348,123,1.3130496764108697,0.31304967641086967,37,8311,86,60519,8348,60605,123,68830,28.065134435879898
eiléan,sin,2,63,2,10.096045777781079,9.096045777781079,2,61,0,68890,63,68890,2,68951,28.056299460947812
werburgh,sin,2,63,2,10.096045777781079,9.096045777781079,2,61,0,68890,63,68890,2,68951,28.056299460947812
audoen,sin,2,63,2,10.096045777781079,9.096045777781079,2,61,0,68890,63,68890,2,68951,28.056299460947812
scaoilte,taobh,2,63,2,10.096045777781079,9.096045777781079,2,61,0,68890,63,68890,2,68951,28.056299460947812
neas,taobh,2,63,2,10.096045777781079,9.096045777781079,2,61,0,68890,63,68890,2,68951,28.056299460947812
phréacháin,caol,3,32,25,8.014432012227426,7.0144320122274255,3,29,22,68899,32,68921,25,68928,28.01527563423703
rinn,pointe,4,126,27,6.341158275617611,5.341158275617611,4,122,23,68804,126,68827,27,68926,27.996682701811316
cloiche,gort,12,923,123,2.8655868590171365,1.8655868590171365,12,911,111,67919,923,68030,123,68830,27.991448121311095
cloigne,sliabh,3,309,4,7.386825174097776,6.386825174097776,3,306,1,68643,309,68644,4,68949,27.98633975795663
seáin,tí,3,134,7,7.784844089486774,6.784844089486774,3,131,4,68815,134,68819,7,68946,27.982084971656434
gioba,lios,4,1124,5,5.616971286172706,4.616971286172706,4,1120,1,67828,1124,67829,5,68948,27.97500117944543
póil,lios,4,1124,5,5.616971286172706,4.616971286172706,4,1120,1,67828,1124,67829,5,68948,27.97500117944543
inbhir,ros,5,371,24,5.275015918826398,4.275015918826398,5,366,19,68563,371,68582,24,68929,27.95586989533451
cam,bun,5,291,30,5.303487857651555,4.303487857651555,5,286,25,68637,291,68662,30,68923,27.93881490857129
gob,steach,2,17,4,10.985862860030656,9.985862860030656,2,15,2,68934,17,68936,4,68949,27.93260873825492
alla,mhadra,2,17,4,10.985862860030656,9.985862860030656,2,15,2,68934,17,68936,4,68949,27.93260873825492
craobhacha,coillte,2,65,2,10.05095788825254,9.05095788825254,2,63,0,68888,65,68888,2,68951,27.929293996038243
téithín,caiseal,2,65,2,10.05095788825254,9.05095788825254,2,63,0,68888,65,68888,2,68951,27.929293996038243
fhearghais,carraig,4,819,6,5.810643558918829,4.810643558918829,4,815,2,68132,819,68134,6,68947,27.893499981705506
éidigh,carraig,4,819,6,5.810643558918829,4.810643558918829,4,815,2,68132,819,68134,6,68947,27.893499981705506
séamas,shan,2,7,9,11.096045777781077,10.096045777781077,2,5,7,68939,7,68946,9,68944,27.882604313695136
gcuanach,cuilleann,2,7,9,11.096045777781077,10.096045777781077,2,5,7,68939,7,68946,9,68944,27.882604313695136
sneachta,shliabh,2,7,9,11.096045777781077,10.096045777781077,2,5,7,68939,7,68946,9,68944,27.882604313695136
churraigh,baile,32,8348,99,1.4167541960415502,0.4167541960415502,32,8316,67,60538,8348,60605,99,68854,27.879082089055224
laighnigh,baile,11,8348,16,2.505542434758457,1.505542434758457,11,8337,5,60600,8348,60605,16,68937,27.877782308705093
bhorb,bhinn,2,66,2,10.02893158192254,9.02893158192254,2,64,0,68887,66,68887,2,68951,27.867272279688237
gceall,machaire,3,137,7,7.752901196984021,6.752901196984021,3,134,4,68812,137,68816,7,68946,27.84809414839944
laoghairean,dún,3,667,3,6.691782750096409,5.691782750096409,3,664,0,68286,667,68286,3,68950,27.843725080064775
firchirt,dún,3,667,3,6.691782750096409,5.691782750096409,3,664,0,68286,667,68286,3,68950,27.843725080064775
cairin,dún,3,667,3,6.691782750096409,5.691782750096409,3,664,0,68286,667,68286,3,68950,27.843725080064775
bróithe,dún,3,667,3,6.691782750096409,5.691782750096409,3,664,0,68286,667,68286,3,68950,27.843725080064775
borr,dún,3,667,3,6.691782750096409,5.691782750096409,3,664,0,68286,667,68286,3,68950,27.843725080064775
fionnachaidh,dún,3,667,3,6.691782750096409,5.691782750096409,3,664,0,68286,667,68286,3,68950,27.843725080064775
samhnaí,dún,3,667,3,6.691782750096409,5.691782750096409,3,664,0,68286,667,68286,3,68950,27.843725080064775
gconmhaoile,dún,3,667,3,6.691782750096409,5.691782750096409,3,664,0,68286,667,68286,3,68950,27.843725080064775
chaomháin,cill,9,2693,24,3.263289687500479,2.263289687500479,9,2684,15,66245,2693,66260,24,68929,27.835126468803324
raithne,droim,4,1146,5,5.589006277636727,4.589006277636727,4,1142,1,67806,1146,67807,5,68948,27.82030513130772
manaigh,droim,4,1146,5,5.589006277636727,4.589006277636727,4,1142,1,67806,1146,67807,5,68948,27.82030513130772
faonáin,both,2,67,2,10.007236510823223,9.007236510823223,2,65,0,68886,67,68886,2,68951,27.806197645182237
rócháin,uí,4,2137,4,5.011954508621184,4.011954508621184,4,2133,0,66816,2137,66816,4,68949,27.799436854672926
bhranagáin,uí,4,2137,4,5.011954508621184,4.011954508621184,4,2133,0,66816,2137,66816,4,68949,27.799436854672926
cheog,uí,4,2137,4,5.011954508621184,4.011954508621184,4,2133,0,66816,2137,66816,4,68949,27.799436854672926
chathaláin,uí,4,2137,4,5.011954508621184,4.011954508621184,4,2133,0,66816,2137,66816,4,68949,27.799436854672926
ruanaí,uí,4,2137,4,5.011954508621184,4.011954508621184,4,2133,0,66816,2137,66816,4,68949,27.799436854672926
bhuacháin,uí,4,2137,4,5.011954508621184,4.011954508621184,4,2133,0,66816,2137,66816,4,68949,27.799436854672926
laigheanáin,uí,4,2137,4,5.011954508621184,4.011954508621184,4,2133,0,66816,2137,66816,4,68949,27.799436854672926
chléireacháin,uí,4,2137,4,5.011954508621184,4.011954508621184,4,2133,0,66816,2137,66816,4,68949,27.799436854672926
dhúllaing,uí,4,2137,4,5.011954508621184,4.011954508621184,4,2133,0,66816,2137,66816,4,68949,27.799436854672926
anracháin,uí,4,2137,4,5.011954508621184,4.011954508621184,4,2133,0,66816,2137,66816,4,68949,27.799436854672926
scoillín,uí,4,2137,4,5.011954508621184,4.011954508621184,4,2133,0,66816,2137,66816,4,68949,27.799436854672926
chonnmhaí,uí,4,2137,4,5.011954508621184,4.011954508621184,4,2133,0,66816,2137,66816,4,68949,27.799436854672926
mhacaí,uí,4,2137,4,5.011954508621184,4.011954508621184,4,2133,0,66816,2137,66816,4,68949,27.799436854672926
mheirgin,uí,4,2137,4,5.011954508621184,4.011954508621184,4,2133,0,66816,2137,66816,4,68949,27.799436854672926
mhitigh,uí,4,2137,4,5.011954508621184,4.011954508621184,4,2133,0,66816,2137,66816,4,68949,27.799436854672926
chiaragáin,uí,4,2137,4,5.011954508621184,4.011954508621184,4,2133,0,66816,2137,66816,4,68949,27.799436854672926
loimín,uí,4,2137,4,5.011954508621184,4.011954508621184,4,2133,0,66816,2137,66816,4,68949,27.799436854672926
mhaolomhnaigh,uí,4,2137,4,5.011954508621184,4.011954508621184,4,2133,0,66816,2137,66816,4,68949,27.799436854672926
sháile,muiceanach,2,8,8,11.073325701280995,10.073325701280995,2,6,6,68939,8,68945,8,68945,27.79839451775395
artúir,baile,8,8348,9,2.8761858146788475,1.8761858146788475,8,8340,1,60604,8348,60605,9,68944,27.76807838017062
haicéid,baile,8,8348,9,2.8761858146788475,1.8761858146788475,8,8340,1,60604,8348,60605,9,68944,27.76807838017062
anstair,gráig,2,68,2,9.985862860030656,8.985862860030656,2,66,0,68885,68,68885,2,68951,27.746041600676964
uachtarach,rua,10,79,948,3.202729799092995,2.202729799092995,10,69,938,67936,79,68874,948,68005,27.717958045441986
lasrach,cill,6,2693,9,4.093364686058167,3.093364686058167,6,2687,3,66257,2693,66260,9,68944,27.707347855399668
longfoirt,áth,5,381,24,5.236644107953879,4.236644107953879,5,376,19,68553,381,68572,24,68929,27.69365426711412
bhriotáin,tiobraid,2,18,4,10.903400699838683,9.903400699838683,2,16,2,68933,18,68935,4,68949,27.689870256617723
medop,halla,2,69,2,9.964801244502826,8.964801244502826,2,67,0,68884,69,68884,2,68951,27.686776921107388
shalach,doire,6,876,21,4.491183719622217,3.4911837196222173,6,870,15,68062,876,68077,21,68932,27.68411881364942
riocaird,baile,14,8348,25,2.2096095484040394,1.2096095484040394,14,8334,11,60594,8348,60605,25,68928,27.678270417657668
bheagáin,uí,8,2137,22,3.5525228899838868,2.5525228899838868,8,2129,14,66802,2137,66816,22,68931,27.650566844506756
aifir,clochán,2,70,2,9.944042684336027,8.944042684336027,2,68,0,68883,70,68883,2,68951,27.628377574180387
guairne,dún,4,667,7,5.884427828038805,4.884427828038805,4,663,3,68283,667,68286,7,68946,27.628188626574975
sheireapúin,mainistir,3,143,7,7.691061943166157,6.691061943166157,3,140,4,68806,143,68810,7,68946,27.58881307762593
droichid,chuillinn,2,2,71,9.923578581776313,8.923578581776313,2,0,69,68882,2,68951,71,68882,27.570818651695554
bun,gobán,2,2,71,9.923578581776313,8.923578581776313,2,0,69,68882,2,68951,71,68882,27.570818651695554
droichid,leithghlinn,2,2,71,9.923578581776313,8.923578581776313,2,0,69,68882,2,68951,71,68882,27.570818651695554
luáin,dún,5,667,15,5.106820249375254,4.106820249375254,5,662,10,68276,667,68286,15,68938,27.518661763654748
chuffe,gráinseach,2,72,2,9.903400699838683,8.903400699838683,2,70,0,68881,72,68881,2,68951,27.514076305739223
cille,thír,3,7,145,7.671024189929612,6.671024189929612,3,4,142,68804,7,68946,145,68808,27.50483059261838
mór,tuar,16,89,2525,2.2955245977880776,1.2955245977880776,16,73,2509,66355,89,68864,2525,66428,27.496204054360096
bríde,cille,3,28,31,7.896736969557672,6.896736969557672,3,25,28,68897,28,68925,31,68922,27.495522499961783
beag,cheathrú,24,300,1558,1.8239899934446007,0.8239899934446007,24,276,1534,67119,300,68653,1558,67395,27.471326068360327
riabhaigh,giolla,3,56,16,7.850933279944546,6.850933279944546,3,53,13,68884,56,68897,16,68937,27.43601828288305
díleann,eas,2,29,3,10.630382205432268,9.630382205432268,2,27,1,68923,29,68924,3,68950,27.41839449629635
gcrannchur,ghort,2,29,3,10.630382205432268,9.630382205432268,2,27,1,68923,29,68924,3,68950,27.41839449629635
samháin,cathair,3,341,4,7.2446602729779785,6.2446602729779785,3,338,1,68611,341,68612,4,68949,27.393274895852528
duibhir,drom,3,342,4,7.2404356871162525,6.2404356871162525,3,339,1,68610,342,68611,4,68949,27.375656859653905
conáin,drom,3,342,4,7.2404356871162525,6.2404356871162525,3,339,1,68610,342,68611,4,68949,27.375656859653905
mbróinte,carraigín,2,75,2,9.844507010785113,8.844507010785113,2,73,0,68878,75,68878,2,68951,27.348524934360583
fhearnóige,ré,2,75,2,9.844507010785113,8.844507010785113,2,73,0,68878,75,68878,2,68951,27.348524934360583
torc,cionn,3,109,9,7.720178875782913,6.720178875782913,3,106,6,68838,109,68844,9,68944,27.34340957324752
doire,mín,7,180,154,4.122040986314023,3.1220409863140226,7,173,147,68626,180,68773,154,68799,27.338185659079564
fearna,gréach,3,28,32,7.850933279944546,6.850933279944546,3,25,29,68896,28,68925,32,68921,27.296062562884696
cairn,áth,4,381,11,6.040246895150376,5.040246895150376,4,377,7,68565,381,68572,11,68942,27.28512283893665
bhánfhaiche,pholl,2,30,3,10.58147260495132,9.58147260495132,2,28,1,68922,30,68923,3,68950,27.27800055924822
ghleannáin,fada,2,30,3,10.58147260495132,9.58147260495132,2,28,1,68922,30,68923,3,68950,27.27800055924822
ndubháin,cúl,4,886,6,5.69720031200482,4.69720031200482,4,882,2,68065,886,68067,6,68947,27.266890492551134
leáin,mhuintir,2,8,9,10.903400699838683,9.903400699838683,2,6,7,68938,8,68945,9,68944,27.261219309237354
bhéarra,chaisleáin,2,20,4,10.751397606393633,9.751397606393633,2,18,2,68931,20,68933,4,68949,27.244622826015704
sceardáin,sruthán,3,186,6,7.534166890172963,6.534166890172963,3,183,3,68764,186,68767,6,68947,27.23930107930225
rafann,cnoc,4,2293,4,4.9103050617002015,3.9103050617002015,4,2289,0,66660,2293,66660,4,68949,27.235262646428673
stualaire,cnoc,4,2293,4,4.9103050617002015,3.9103050617002015,4,2289,0,66660,2293,66660,4,68949,27.235262646428673
dearg,leac,5,99,91,5.258102535890051,4.258102535890051,5,94,86,68768,99,68854,91,68862,27.21761610345993
tobair,baile,35,8348,115,1.3299037821217508,0.32990378212175075,35,8313,80,60525,8348,60605,115,68838,27.170780985326857
omna,port,3,189,6,7.511083277059922,6.511083277059922,3,186,3,68761,189,68764,6,68947,27.14278445428704
bríde,cnoca,2,3,31,10.534166890172964,9.534166890172964,2,1,29,68921,3,68950,31,68922,27.142371368596567
mhuain,coillidh,2,79,2,9.769544953103892,8.769544953103892,2,77,0,68874,79,68874,2,68951,27.137937832821304
masnaí,coillidh,2,79,2,9.769544953103892,8.769544953103892,2,77,0,68874,79,68874,2,68951,27.137937832821304
chorráin,gob,5,173,53,5.232705113968433,4.232705113968433,5,168,48,68732,173,68780,53,68900,27.137462584052585
ngabhlán,barr,3,246,5,7.393845601775548,6.393845601775548,3,243,2,68705,246,68707,5,68948,27.135703218343835
bhfeadán,barr,3,246,5,7.393845601775548,6.393845601775548,3,243,2,68705,246,68707,5,68948,27.135703218343835
bó,droim,12,1146,104,2.795457155104154,1.7954571551041538,12,1134,92,67715,1146,67807,104,68849,27.122908808692422
tartan,cill,5,2693,6,4.41529278094553,3.4152927809455296,5,2688,1,66259,2693,66260,6,68947,27.10941797860949
pháin,cill,5,2693,6,4.41529278094553,3.4152927809455296,5,2688,1,66259,2693,66260,6,68947,27.10941797860949
chluaine,cill,5,2693,6,4.41529278094553,3.4152927809455296,5,2688,1,66259,2693,66260,6,68947,27.10941797860949
aidhleach,cill,5,2693,6,4.41529278094553,3.4152927809455296,5,2688,1,66259,2693,66260,6,68947,27.10941797860949
glas,log,8,133,314,3.723422516888178,2.723422516888178,8,125,306,68514,133,68820,314,68639,27.10293751080082
arma,gleann,3,755,3,6.5129928670685535,5.5129928670685535,3,752,0,68198,755,68198,3,68950,27.098581681334686
fhaidhle,gleann,3,755,3,6.5129928670685535,5.5129928670685535,3,752,0,68198,755,68198,3,68950,27.098581681334686
stáil,gleann,3,755,3,6.5129928670685535,5.5129928670685535,3,752,0,68198,755,68198,3,68950,27.098581681334686
cap,gleann,3,755,3,6.5129928670685535,5.5129928670685535,3,752,0,68198,755,68198,3,68950,27.098581681334686
neidíneach,bá,2,80,2,9.751397606393633,8.751397606393633,2,78,0,68873,80,68873,2,68951,27.08697897289897
scríne,ré,3,75,13,7.729029793365179,6.729029793365179,3,72,10,68868,75,68878,13,68940,27.039245359681853
dubh,teasán,3,3,763,6.497786454446465,5.497786454446465,3,0,760,68190,3,68950,763,68190,27.03521467289429
dubh,sceardán,3,3,763,6.497786454446465,5.497786454446465,3,0,760,68190,3,68950,763,68190,27.03521467289429
géine,maigh,3,363,4,7.1544624640064,6.1544624640064,3,360,1,68589,363,68590,4,68949,27.017185419268188
choscáin,maigh,3,363,4,7.1544624640064,6.1544624640064,3,360,1,68589,363,68590,4,68949,27.017185419268188
gcorr,chaiseal,2,3,32,10.488363200559839,9.488363200559839,2,1,30,68920,3,68950,32,68921,27.01119404673763
roinn,tríú,2,5,16,10.751397606393633,9.751397606393633,2,3,14,68934,5,68948,16,68937,27.006531411234285
barr,loch,8,1826,26,3.5384149331556807,2.5384149331556807,8,1818,18,67109,1826,67127,26,68927,27.000503505459797
fháil,crochta,2,13,6,10.787923482418748,9.787923482418748,2,11,4,68936,13,68940,6,68947,26.99278265263851
cairnigh,domhnach,2,82,2,9.715773696662911,8.715773696662911,2,80,0,68871,82,68871,2,68951,26.986968553627857
cearna,domhnach,2,82,2,9.715773696662911,8.715773696662911,2,80,0,68871,82,68871,2,68951,26.986968553627857
leath,íochtarach,2,11,7,10.806539160586093,9.806539160586093,2,9,5,68937,11,68942,7,68946,26.986541114688624
lao,cluain,11,1448,69,2.924386976056917,1.9243869760569172,11,1437,58,67447,1448,67505,69,68884,26.976180594809936
inis,carraigeacha,3,38,25,7.766504498783841,6.766504498783841,3,35,22,68893,38,68915,25,68928,26.94086269012142
buaile,cnoc,12,2293,55,2.7139078488966977,1.7139078488966977,12,2281,43,66617,2293,66660,55,68898,26.935152519429035
bhfiann,tobar,4,514,9,5.8977761506448045,4.8977761506448045,4,510,5,68434,514,68439,9,68944,26.931571391006145
mhachaire,trá,4,211,19,6.104298999130225,5.104298999130225,4,207,15,68727,211,68742,19,68934,26.924050758540247
iarthach,toileán,5,220,43,5.1876293279415995,4.1876293279415995,5,215,38,68695,220,68733,43,68910,26.914816363393506
mhainchín,paróiste,3,84,12,7.681008278502235,6.681008278502235,3,81,9,68860,84,68869,12,68941,26.89560877718207
toibín,dromainn,2,84,2,9.681008278502233,8.681008278502233,2,82,0,68869,84,68869,2,68951,26.88939790280573
gcléirchín,dromainn,2,84,2,9.681008278502233,8.681008278502233,2,82,0,68869,84,68869,2,68951,26.88939790280573
chorca,ros,3,371,4,7.123012825381347,6.123012825381347,3,368,1,68581,371,68582,4,68949,26.886085774492972
chaitríona,moin,2,33,3,10.443969081201386,9.443969081201386,2,31,1,68919,33,68920,3,68950,26.884185566649542
fhearaíl,uí,6,2137,11,4.137485390705042,3.1374853907050424,6,2131,5,66811,2137,66816,11,68942,26.860368890565233
giob,oileán,3,786,3,6.4549401990223885,5.4549401990223885,3,783,0,68167,786,68167,3,68950,26.856676049688073
stile,oileán,3,786,3,6.4549401990223885,5.4549401990223885,3,783,0,68167,786,68167,3,68950,26.856676049688073
uimh,chainnigh,2,4,22,10.613894082643698,9.613894082643698,2,2,20,68929,4,68949,22,68931,26.844069536410803
láimhe,láithreach,2,22,4,10.613894082643698,9.613894082643698,2,20,2,68929,22,68931,4,68949,26.844069536410803
scalaigh,bearna,2,86,2,9.647060946578897,8.647060946578897,2,84,0,68867,86,68867,2,68951,26.794150807218813
chruitín,achaidh,2,34,3,10.4009003593095,9.4009003593095,2,32,1,68918,34,68919,3,68950,26.761089070215213
craoibhe,corr,7,503,59,4.02362298417123,3.0236229841712303,7,496,52,68398,503,68450,59,68894,26.759261724575175
finne,cora,4,100,39,6.144067292644022,5.144067292644022,4,96,35,68818,100,68853,39,68914,26.754493485595354
gcoiníní,oileán,5,786,14,4.9695133718521465,3.9695133718521465,5,781,9,68158,786,68167,14,68939,26.729633814399815
liatha,tamhnaí,2,9,9,10.73347569839637,9.73347569839637,2,7,7,68937,9,68944,9,68944,26.724073112306517
aichidh,cluana,2,9,9,10.73347569839637,9.73347569839637,2,7,7,68937,9,68944,9,68944,26.724073112306517
iolair,cnoc,11,2293,46,2.8461747242804853,1.8461747242804853,11,2282,35,66625,2293,66660,46,68907,26.679404586809255
caoin,thobar,3,8,141,7.518736849603358,6.518736849603358,3,5,138,68807,8,68945,141,68812,26.653703319240726
luachair,ard,7,527,57,4.006131457536642,3.0061314575366422,7,520,50,68376,527,68426,57,68896,26.62294651429977
nuan,díseart,3,37,27,7.693947334209732,6.693947334209732,3,34,24,68892,37,68916,27,68926,26.618288075202113
seoin,fearann,3,388,4,7.058375359815024,6.058375359815024,3,385,1,68564,388,68565,4,68949,26.6166934128034
tsléibhe,chárthaigh,2,2,90,9.58147260495132,8.58147260495132,2,0,88,68863,2,68951,90,68863,26.61020224586312
íseal,bhoth,3,21,48,7.681008278502235,6.681008278502235,3,18,45,68887,21,68932,48,68905,26.60989951706761
bhruinnteora,carraig,3,819,3,6.395606059639986,5.395606059639986,3,816,0,68134,819,68134,3,68950,26.609449776898057
cheannann,carraig,3,819,3,6.395606059639986,5.395606059639986,3,816,0,68134,819,68134,3,68950,26.609449776898057
carrach,toileán,4,220,19,6.0440384743127495,5.0440384743127495,4,216,15,68718,220,68733,19,68934,26.59068281365036
eascrach,cluain,6,1448,15,4.251551719310427,3.2515517193104273,6,1442,9,67496,1448,67505,15,68938,26.5734067338174
trasna,baile,21,8348,52,1.7379885207588277,0.7379885207588277,21,8327,31,60574,8348,60605,52,68901,26.557197752013742
bhoth,ráth,6,1086,19,4.325552300754204,3.325552300754204,6,1080,13,67854,1086,67867,19,68934,26.555422539233334
méith,mbreac,2,36,3,10.318438199117526,9.318438199117526,2,34,1,68916,36,68917,3,68950,26.525717110417656
bpéist,poll,3,394,4,7.036236382545775,6.036236382545775,3,391,1,68558,394,68559,4,68949,26.52443996599512
tulaí,uachtair,2,5,18,10.58147260495132,9.58147260495132,2,3,16,68932,5,68948,18,68935,26.505395199375908
bheacháin,uí,5,2137,7,4.526527681450942,3.5265276814509416,5,2132,2,66814,2137,66816,7,68946,26.50143427929968
fhlaithimh,uí,5,2137,7,4.526527681450942,3.5265276814509416,5,2132,2,66814,2137,66816,7,68946,26.50143427929968
bhuadáin,uí,5,2137,7,4.526527681450942,3.5265276814509416,5,2132,2,66814,2137,66816,7,68946,26.50143427929968
bhreasail,uí,5,2137,7,4.526527681450942,3.5265276814509416,5,2132,2,66814,2137,66816,7,68946,26.50143427929968
mhág,mac,4,980,6,5.551725261557268,4.551725261557268,4,976,2,67971,980,67973,6,68947,26.463996252554285
giobúin,mac,4,980,6,5.551725261557268,4.551725261557268,4,976,2,67971,980,67973,6,68947,26.463996252554285
torc,cluain,5,1448,9,4.7254829076428395,3.7254829076428395,5,1443,4,67501,1448,67505,9,68944,26.453244723487625
bog,achadh,4,477,10,5.85355215038812,4.85355215038812,4,473,6,68470,477,68476,10,68943,26.445091945917422
tanaí,áth,4,381,12,5.914716013066516,4.914716013066516,4,377,8,68564,381,68572,12,68941,26.440348647357723
shrutháin,tulach,2,94,2,9.518736849603357,8.518736849603357,2,92,0,68859,94,68859,2,68951,26.43434266741011
chonóg,tulach,2,94,2,9.518736849603357,8.518736849603357,2,92,0,68859,94,68859,2,68951,26.43434266741011
dhúghlaise,tulach,2,94,2,9.518736849603357,8.518736849603357,2,92,0,68859,94,68859,2,68951,26.43434266741011
bhraice,tulach,2,94,2,9.518736849603357,8.518736849603357,2,92,0,68859,94,68859,2,68951,26.43434266741011
bhfeilme,tulach,2,94,2,9.518736849603357,8.518736849603357,2,92,0,68859,94,68859,2,68951,26.43434266741011
eoin,toghroinn,3,16,66,7.613894082643697,6.613894082643697,3,13,63,68874,16,68937,66,68887,26.42878876578959
dearg,mhullach,3,12,91,7.565531061082299,6.565531061082299,3,9,88,68853,12,68941,91,68862,26.40874686107052
bhriain,buaile,5,170,58,5.127881864903084,4.127881864903084,5,165,53,68730,170,68783,58,68895,26.389983101276727
chaoich,clann,2,15,6,10.58147260495132,9.58147260495132,2,13,4,68934,15,68938,6,68947,26.37517930198251
sméar,críoch,2,8,11,10.613894082643698,9.613894082643698,2,6,9,68936,8,68945,11,68942,26.36521413380776
dheise,tuaim,2,96,2,9.488363200559839,8.488363200559839,2,94,0,68857,96,68857,2,68951,26.34922986208405
catraí,tuaim,2,96,2,9.488363200559839,8.488363200559839,2,94,0,68857,96,68857,2,68951,26.34922986208405
sciobóil,cnoc,7,2293,16,3.7176599837578057,2.7176599837578057,7,2286,9,66651,2293,66660,16,68937,26.34749699846212
tuí,oileán,4,786,7,5.647585276964784,4.647585276964784,4,782,3,68164,786,68167,7,68946,26.32167478029845
sheáin,mac,11,980,103,2.909618853732503,1.909618853732503,11,969,92,67881,980,67973,103,68850,26.31688615095892
chaoil,mongán,2,4,25,10.42946951150627,9.42946951150627,2,2,23,68926,4,68949,25,68928,26.309763324786772
obhair,mhaigh,2,25,4,10.42946951150627,9.42946951150627,2,23,2,68926,25,68928,4,68949,26.30976332478677
bhealtaine,tamhnaigh,2,97,2,9.473412859093868,8.473412859093868,2,95,0,68856,97,68856,2,68951,26.307343131594585
glórach,táth,2,38,3,10.240435687116253,9.240435687116253,2,36,1,68914,38,68915,3,68950,26.303438477075968
charraig,pointe,4,126,33,6.0516516584226245,5.0516516584226245,4,122,29,68798,126,68827,33,68920,26.294058532425858
chuanna,sáile,2,5,19,10.503470092950048,9.503470092950048,2,3,17,68931,5,68948,19,68934,26.276598902610026
eanaigh,meacnach,2,2,98,9.458615857165787,8.458615857165787,2,0,96,68855,2,68951,98,68855,26.26589049954077
motháin,tigh,3,285,5,7.181541998062685,6.181541998062685,3,282,2,68666,285,68668,5,68948,26.249983878248536
beannáin,tigh,3,285,5,7.181541998062685,6.181541998062685,3,282,2,68666,285,68668,5,68948,26.249983878248536
gciotach,doire,3,876,3,6.298538641679821,5.298538641679821,3,873,0,68077,876,68077,3,68950,26.205041002190985
fhoibhleáin,doire,3,876,3,6.298538641679821,5.298538641679821,3,873,0,68077,876,68077,3,68950,26.205041002190985
leas,gort,7,923,35,3.901210768747858,2.901210768747858,7,916,28,68002,923,68030,35,68918,26.163200618349553
mbroc,mín,4,180,24,5.996510104230164,4.996510104230164,4,176,20,68753,180,68773,24,68929,26.150422839459374
lomáin,thulach,2,4,26,10.372885983139902,9.372885983139902,2,2,24,68925,4,68949,26,68927,26.146442547880945
gcuirridín,cúl,3,886,3,6.282162812725977,5.282162812725977,3,883,0,68067,886,68067,3,68950,26.136819621193347
tsrutháin,baile,23,8348,61,1.6389354346152862,0.6389354346152862,23,8325,38,60567,8348,60605,61,68892,26.128118624627056
baoith,teampall,4,305,15,5.913769673222228,4.913769673222228,4,301,11,68637,305,68648,15,68938,26.11821154330696
geanainn,dún,4,667,8,5.69178275009641,4.69178275009641,4,663,4,68282,667,68286,8,68945,26.117872855851157
bile,dún,4,667,8,5.69178275009641,4.69178275009641,4,663,4,68282,667,68286,8,68945,26.117872855851157
eisce,coill,3,896,3,6.265970779223391,5.265970779223391,3,893,0,68057,896,68057,3,68950,26.069365221155287
eagaí,coill,3,896,3,6.265970779223391,5.265970779223391,3,893,0,68057,896,68057,3,68950,26.069365221155287
bhraon,coill,3,896,3,6.265970779223391,5.265970779223391,3,893,0,68057,896,68057,3,68950,26.069365221155287
óig,liam,2,20,5,10.42946951150627,9.42946951150627,2,18,3,68930,20,68933,5,68948,26.06020579743139
sin,teampall,6,305,63,4.428342846051986,3.4283428460519856,6,299,57,68591,305,68648,63,68890,26.038358581137903
shéathra,ráithín,2,104,2,9.372885983139904,8.372885983139904,2,102,0,68849,104,68849,2,68951,26.025810445735257
dornóige,ráithín,2,104,2,9.372885983139904,8.372885983139904,2,102,0,68849,104,68849,2,68951,26.025810445735257
chill,seanreilig,2,2,104,9.372885983139904,8.372885983139904,2,0,102,68849,2,68951,104,68849,26.025810445735257
chill,fhianna,2,2,104,9.372885983139904,8.372885983139904,2,0,102,68849,2,68951,104,68849,26.025810445735257
gcoirín,ráithín,2,104,2,9.372885983139904,8.372885983139904,2,102,0,68849,104,68849,2,68951,26.025810445735257
ráithe,corr,4,503,10,5.7769830165881055,4.7769830165881055,4,499,6,68444,503,68450,10,68943,26.02331658554292
bhfál,corr,4,503,10,5.7769830165881055,4.7769830165881055,4,499,6,68444,503,68450,10,68943,26.02331658554292
chomair,drom,5,342,31,5.023204970895584,4.023204970895584,5,337,26,68585,342,68611,31,68922,25.999818574623337
muire,féile,2,4,27,10.318438199117526,9.318438199117526,2,2,25,68924,4,68949,27,68926,25.989537181155875
arda,bánta,2,8,12,10.488363200559839,9.488363200559839,2,6,10,68935,8,68945,12,68941,25.982984076505492
bheirn,cluain,4,1448,5,5.251551719310427,4.251551719310427,4,1444,1,67504,1448,67505,5,68948,25.95506935706869
dolcáin,cluain,4,1448,5,5.251551719310427,4.251551719310427,4,1444,1,67504,1448,67505,5,68948,25.95506935706869
brónaigh,cluain,4,1448,5,5.251551719310427,4.251551719310427,4,1444,1,67504,1448,67505,5,68948,25.95506935706869
ard,cheapach,6,57,341,4.411770258813237,3.4117702588132373,6,51,335,68561,57,68896,341,68612,25.953723317903965
choinchinn,cill,4,2693,4,4.678327186779323,3.678327186779323,4,2689,0,66260,2693,66260,4,68949,25.947866620610395
dheirge,cill,4,2693,4,4.678327186779323,3.678327186779323,4,2689,0,66260,2693,66260,4,68949,25.947866620610395
coca,cill,4,2693,4,4.678327186779323,3.678327186779323,4,2689,0,66260,2693,66260,4,68949,25.947866620610395
mhiáin,cill,4,2693,4,4.678327186779323,3.678327186779323,4,2689,0,66260,2693,66260,4,68949,25.947866620610395
liúcainne,cill,4,2693,4,4.678327186779323,3.678327186779323,4,2689,0,66260,2693,66260,4,68949,25.947866620610395
chomhghaill,cill,4,2693,4,4.678327186779323,3.678327186779323,4,2689,0,66260,2693,66260,4,68949,25.947866620610395
mogeanna,cill,4,2693,4,4.678327186779323,3.678327186779323,4,2689,0,66260,2693,66260,4,68949,25.947866620610395
fhionntain,cill,4,2693,4,4.678327186779323,3.678327186779323,4,2689,0,66260,2693,66260,4,68949,25.947866620610395
churcaí,cill,4,2693,4,4.678327186779323,3.678327186779323,4,2689,0,66260,2693,66260,4,68949,25.947866620610395
maoilchéadair,cill,4,2693,4,4.678327186779323,3.678327186779323,4,2689,0,66260,2693,66260,4,68949,25.947866620610395
uasaille,cill,4,2693,4,4.678327186779323,3.678327186779323,4,2689,0,66260,2693,66260,4,68949,25.947866620610395
taobháin,cill,4,2693,4,4.678327186779323,3.678327186779323,4,2689,0,66260,2693,66260,4,68949,25.947866620610395
briotáin,cill,4,2693,4,4.678327186779323,3.678327186779323,4,2689,0,66260,2693,66260,4,68949,25.947866620610395
liadáin,cill,4,2693,4,4.678327186779323,3.678327186779323,4,2689,0,66260,2693,66260,4,68949,25.947866620610395
bheircheirt,cill,4,2693,4,4.678327186779323,3.678327186779323,4,2689,0,66260,2693,66260,4,68949,25.947866620610395
fhionnóg,cill,4,2693,4,4.678327186779323,3.678327186779323,4,2689,0,66260,2693,66260,4,68949,25.947866620610395
chrócháin,cill,4,2693,4,4.678327186779323,3.678327186779323,4,2689,0,66260,2693,66260,4,68949,25.947866620610395
damhéanóg,cill,4,2693,4,4.678327186779323,3.678327186779323,4,2689,0,66260,2693,66260,4,68949,25.947866620610395
téagáin,cill,4,2693,4,4.678327186779323,3.678327186779323,4,2689,0,66260,2693,66260,4,68949,25.947866620610395
fhearga,cill,4,2693,4,4.678327186779323,3.678327186779323,4,2689,0,66260,2693,66260,4,68949,25.947866620610395
phíp,cill,4,2693,4,4.678327186779323,3.678327186779323,4,2689,0,66260,2693,66260,4,68949,25.947866620610395
dachomóg,cill,4,2693,4,4.678327186779323,3.678327186779323,4,2689,0,66260,2693,66260,4,68949,25.947866620610395
urlaí,cill,4,2693,4,4.678327186779323,3.678327186779323,4,2689,0,66260,2693,66260,4,68949,25.947866620610395
fíonaí,cill,4,2693,4,4.678327186779323,3.678327186779323,4,2689,0,66260,2693,66260,4,68949,25.947866620610395
shalcháin,cill,4,2693,4,4.678327186779323,3.678327186779323,4,2689,0,66260,2693,66260,4,68949,25.947866620610395
chuimne,cill,4,2693,4,4.678327186779323,3.678327186779323,4,2689,0,66260,2693,66260,4,68949,25.947866620610395
eilleáin,cill,4,2693,4,4.678327186779323,3.678327186779323,4,2689,0,66260,2693,66260,4,68949,25.947866620610395
dealga,cill,4,2693,4,4.678327186779323,3.678327186779323,4,2689,0,66260,2693,66260,4,68949,25.947866620610395
lamraí,cill,4,2693,4,4.678327186779323,3.678327186779323,4,2689,0,66260,2693,66260,4,68949,25.947866620610395
liúráin,cill,4,2693,4,4.678327186779323,3.678327186779323,4,2689,0,66260,2693,66260,4,68949,25.947866620610395
coirne,cill,4,2693,4,4.678327186779323,3.678327186779323,4,2689,0,66260,2693,66260,4,68949,25.947866620610395
bhfinn,bailte,2,14,7,10.458615857165787,9.458615857165787,2,12,5,68934,14,68939,7,68946,25.934784263545495
charnáin,éadan,3,43,26,7.531583729158961,6.531583729158961,3,40,23,68887,43,68910,26,68927,25.92418409639509
dubh,currach,16,298,763,2.278617933984303,1.278617933984303,16,282,747,67908,298,68655,763,68190,25.90791768176343
gcairbreach,átha,3,437,4,6.8867987325015525,5.8867987325015525,3,434,1,68515,437,68516,4,68949,25.90194246652138
imleach,loch,5,1826,8,4.560782746184135,3.5607827461841346,5,1821,3,67124,1826,67127,8,68945,25.90190360539706
treoigh,caladh,2,42,3,10.096045777781079,9.096045777781079,2,40,1,68910,42,68911,3,68950,25.89284753001058
bhfearn,gort,3,923,3,6.22313886363522,5.22313886363522,3,920,0,68030,923,68030,3,68950,25.890937813816613
shiurdáin,caisleán,5,480,23,4.964801244502826,3.9648012445028256,5,475,18,68455,480,68473,23,68930,25.8897777643363
glas,bhuaile,7,99,314,3.956703254367362,2.956703254367362,7,92,307,68547,99,68854,314,68639,25.881333596978287
riabhach,caisleán,13,480,307,2.604779978443389,1.6047799784433892,13,467,294,68179,480,68473,307,68646,25.859418848104298
rú,ime,2,5,21,10.359080183614871,9.359080183614871,2,3,19,68929,5,68948,21,68932,25.85493932282304
gcurrach,chom,2,17,6,10.4009003593095,9.4009003593095,2,15,4,68932,17,68936,6,68947,25.840486478907984
mbó,féarach,2,4,28,10.265970779223391,9.265970779223391,2,2,26,68923,4,68949,28,68925,25.83856214378005
loiste,thamhnaigh,2,4,28,10.265970779223391,9.265970779223391,2,2,26,68923,4,68949,28,68925,25.83856214378005
chreige,cionn,2,109,2,9.305141376504068,8.305141376504068,2,107,0,68844,109,68844,2,68951,25.83619580604496
iagó,com,2,109,2,9.305141376504068,8.305141376504068,2,107,0,68844,109,68844,2,68951,25.83619580604496
argan,doirín,2,110,2,9.291965987756335,8.291965987756335,2,108,0,68843,110,68843,2,68951,25.799328141650406
trilic,éadan,2,43,3,10.06209844585774,9.06209844585774,2,41,1,68909,43,68910,3,68950,25.796467680159193
fuaráin,éadan,2,43,3,10.06209844585774,9.06209844585774,2,41,1,68909,43,68910,3,68950,25.796467680159193
dúcharraige,éadan,2,43,3,10.06209844585774,9.06209844585774,2,41,1,68909,43,68910,3,68950,25.796467680159193
dtorc,éadan,2,43,3,10.06209844585774,9.06209844585774,2,41,1,68909,43,68910,3,68950,25.796467680159193
chríost,cill,6,2693,10,3.941361592613117,2.941361592613117,6,2687,4,66256,2693,66260,10,68943,25.783877055172642
shléibhe,cill,6,2693,10,3.941361592613117,2.941361592613117,6,2687,4,66256,2693,66260,10,68943,25.783877055172642
glas,choill,10,258,314,3.0894057918534763,2.0894057918534763,10,248,304,68391,258,68695,314,68639,25.73729775977788
carraige,scair,2,2,112,9.265970779223391,8.265970779223391,2,0,110,68841,2,68951,112,68841,25.72659686138124
chorcóige,ceapach,2,112,2,9.265970779223391,8.265970779223391,2,110,0,68841,112,68841,2,68951,25.72659686138124
fheorais,mainistir,3,143,9,7.32849186378145,6.32849186378145,3,140,6,68804,143,68810,9,68944,25.70040218840768
mír,ceathrú,3,452,4,6.838109239586963,5.838109239586963,3,449,1,68500,452,68501,4,68949,25.699199910211732
bheithe,chró,3,27,43,7.477135945136585,6.477135945136585,3,24,40,68886,27,68926,43,68910,25.685024226796767
domhnach,carn,2,114,2,9.240435687116253,8.240435687116253,2,112,0,68839,114,68839,2,68951,25.65516449330738
ulfa,carn,2,114,2,9.240435687116253,8.240435687116253,2,112,0,68839,114,68839,2,68951,25.65516449330738
cholaim,ard,4,527,10,5.709738454756418,4.709738454756418,4,523,6,68420,527,68426,10,68943,25.6531857681418
eirnín,ráth,4,1086,6,5.403554812755477,4.403554812755477,4,1082,2,67865,1086,67867,6,68947,25.647009851239936
ghogánaigh,ráth,4,1086,6,5.403554812755477,4.403554812755477,4,1082,2,67865,1086,67867,6,68947,25.647009851239936
rosa,uíbh,2,15,7,10.359080183614871,9.359080183614871,2,13,5,68933,15,68938,7,68946,25.63795222087622
charrach,mhaoil,2,13,8,10.372885983139902,9.372885983139902,2,11,6,68934,13,68940,8,68945,25.63422858980977
choillín,ceathrú,5,452,25,4.931218643978445,3.931218643978445,5,447,20,68481,452,68501,25,68928,25.57022119355033
dhuibh,ghiolla,3,16,76,7.410360688558566,6.410360688558566,3,13,73,68864,16,68937,76,68877,25.567624799336052
dtom,barr,3,246,6,7.130811195941756,6.130811195941756,3,243,3,68704,246,68707,6,68947,25.55511501403049
gungaid,leitir,2,117,2,9.20296098169759,8.20296098169759,2,115,0,68836,117,68836,2,68951,25.55035233802421
seanduine,leitir,2,117,2,9.20296098169759,8.20296098169759,2,115,0,68836,117,68836,2,68951,25.55035233802421
fraic,leitir,2,117,2,9.20296098169759,8.20296098169759,2,115,0,68836,117,68836,2,68951,25.55035233802421
bhruín,leitir,2,117,2,9.20296098169759,8.20296098169759,2,115,0,68836,117,68836,2,68951,25.55035233802421
mealláin,leitir,2,117,2,9.20296098169759,8.20296098169759,2,115,0,68836,117,68836,2,68951,25.55035233802421
concharraige,mac,3,980,3,6.136687762278425,5.136687762278425,3,977,0,67973,980,67973,3,68950,25.530829455750485
eocháin,mac,3,980,3,6.136687762278425,5.136687762278425,3,977,0,67973,980,67973,3,68950,25.530829455750485
bhúith,mac,3,980,3,6.136687762278425,5.136687762278425,3,977,0,67973,980,67973,3,68950,25.530829455750485
shamhráin,mac,3,980,3,6.136687762278425,5.136687762278425,3,977,0,67973,980,67973,3,68950,25.530829455750485
coisteala,mac,3,980,3,6.136687762278425,5.136687762278425,3,977,0,67973,980,67973,3,68950,25.530829455750485
thorcail,mac,3,980,3,6.136687762278425,5.136687762278425,3,977,0,67973,980,67973,3,68950,25.530829455750485
glúin,mac,3,980,3,6.136687762278425,5.136687762278425,3,977,0,67973,980,67973,3,68950,25.530829455750485
giollagáin,mac,3,980,3,6.136687762278425,5.136687762278425,3,977,0,67973,980,67973,3,68950,25.530829455750485
nasca,mac,3,980,3,6.136687762278425,5.136687762278425,3,977,0,67973,980,67973,3,68950,25.530829455750485
thorlaigh,mac,3,980,3,6.136687762278425,5.136687762278425,3,977,0,67973,980,67973,3,68950,25.530829455750485
dhuibhleacháin,mac,3,980,3,6.136687762278425,5.136687762278425,3,977,0,67973,980,67973,3,68950,25.530829455750485
coimsigh,mac,3,980,3,6.136687762278425,5.136687762278425,3,977,0,67973,980,67973,3,68950,25.530829455750485
óda,mac,3,980,3,6.136687762278425,5.136687762278425,3,977,0,67973,980,67973,3,68950,25.530829455750485
comhainn,mac,3,980,3,6.136687762278425,5.136687762278425,3,977,0,67973,980,67973,3,68950,25.530829455750485
draighneach,achadh,5,477,24,4.912445839441689,3.9124458394416894,5,472,19,68457,477,68476,24,68929,25.486416582597116
chonaill,leac,4,99,46,5.920407125144371,4.920407125144371,4,95,42,68812,99,68854,46,68907,25.467537354632388
rinn,gob,4,173,27,5.883809971480802,4.883809971480802,4,169,23,68757,173,68780,27,68926,25.456890360999374
fearnáin,ráth,5,1086,12,4.7254829076428395,3.7254829076428395,5,1081,7,67860,1086,67867,12,68941,25.45254260203055
mionnóg,goirtín,2,120,2,9.166435105672477,8.166435105672477,2,118,0,68833,120,68833,2,68951,25.448216663357883
carracháin,goirtín,2,120,2,9.166435105672477,8.166435105672477,2,118,0,68833,120,68833,2,68951,25.448216663357883
áille,uí,6,2137,12,4.011954508621184,3.0119545086211836,6,2131,6,66810,2137,66816,12,68941,25.445835933786892
thuathail,uí,6,2137,12,4.011954508621184,3.0119545086211836,6,2131,6,66810,2137,66816,12,68941,25.445835933786892
baile,abhainn,16,519,445,2.2560734470693538,1.2560734470693538,16,503,429,68005,519,68434,445,68508,25.421372165228995
cuilinn,maigh,5,363,31,4.937231747785732,3.9372317477857317,5,358,26,68564,363,68590,31,68922,25.415549523336644
mharla,poll,4,394,13,5.7508341636835265,4.7508341636835265,4,390,9,68550,394,68559,13,68940,25.412975174130203
garbh,doire,11,876,120,2.8510796647086,1.8510796647086,11,865,109,67968,876,68077,120,68833,25.40907902439736
beag,ruacháin,4,5,1558,5.145918088331963,4.145918088331963,4,1,1554,67394,5,68948,1558,67395,25.37179229322908
hátha,cúl,4,886,7,5.474807890668372,4.474807890668372,4,882,3,68064,886,68067,7,68946,25.370097159287937
hairde,ghob,2,6,19,10.240435687116253,9.240435687116253,2,4,17,68930,6,68947,19,68934,25.36903874280613
mhártain,giolla,3,56,22,7.39150166130725,6.39150166130725,3,53,19,68878,56,68897,22,68931,25.362217126140386
riabhaigh,dhonncha,2,7,16,10.265970779223391,9.265970779223391,2,5,14,68932,7,68946,16,68937,25.361686141697227
mhuirthead,béal,3,479,4,6.75440635626597,5.75440635626597,3,476,1,68473,479,68474,4,68949,25.350750665451347
bhaldain,baile,6,8348,6,3.046110816121159,2.046110816121159,6,8342,0,60605,8348,60605,6,68947,25.34062882019584
sheonac,baile,6,8348,6,3.046110816121159,2.046110816121159,6,8342,0,60605,8348,60605,6,68947,25.34062882019584
sceilg,baile,6,8348,6,3.046110816121159,2.046110816121159,6,8342,0,60605,8348,60605,6,68947,25.34062882019584
fheamrógaigh,baile,6,8348,6,3.046110816121159,2.046110816121159,6,8342,0,60605,8348,60605,6,68947,25.34062882019584
phúinse,baile,6,8348,6,3.046110816121159,2.046110816121159,6,8342,0,60605,8348,60605,6,68947,25.34062882019584
fhóntaigh,baile,6,8348,6,3.046110816121159,2.046110816121159,6,8342,0,60605,8348,60605,6,68947,25.34062882019584
bhúiséaraigh,baile,6,8348,6,3.046110816121159,2.046110816121159,6,8342,0,60605,8348,60605,6,68947,25.34062882019584
ghearlánaigh,baile,6,8348,6,3.046110816121159,2.046110816121159,6,8342,0,60605,8348,60605,6,68947,25.34062882019584
thoimín,baile,6,8348,6,3.046110816121159,2.046110816121159,6,8342,0,60605,8348,60605,6,68947,25.34062882019584
bhairnín,caisleán,3,480,4,6.751397606393633,5.751397606393633,3,477,1,68472,480,68473,4,68949,25.338227527010837
eiltín,tír,3,152,9,7.2404356871162525,6.2404356871162525,3,149,6,68795,152,68801,9,68944,25.331978657023633
mór,mullach,28,258,2525,1.5673856953888252,0.5673856953888252,28,230,2497,66198,258,68695,2525,66428,25.298427995990195
bige,deirce,2,5,24,10.166435105672477,9.166435105672477,2,3,22,68926,5,68948,24,68929,25.295745728213312
scanláin,uí,7,2137,18,3.649384429236475,2.649384429236475,7,2130,11,66805,2137,66816,18,68935,25.292046802609935
bhranda,clochar,2,32,4,10.073325701280995,9.073325701280995,2,30,2,68919,32,68921,4,68949,25.285972003518378
shráid,geata,2,32,4,10.073325701280995,9.073325701280995,2,30,2,68919,32,68921,4,68949,25.285972003518378
cuilceach,binn,2,125,2,9.107541416618908,8.107541416618908,2,123,0,68828,125,68828,2,68951,25.283580653192146
fhoibhne,binn,2,125,2,9.107541416618908,8.107541416618908,2,123,0,68828,125,68828,2,68951,25.283580653192146
beag,ghráig,8,33,1558,3.423452063860872,2.423452063860872,8,25,1550,67370,33,68920,1558,67395,25.26305333961205
tobair,gort,11,923,115,2.8370804313281424,1.8370804313281424,11,912,104,67926,923,68030,115,68838,25.25259923693104
marino,pointe,2,126,2,9.096045777781079,8.096045777781079,2,124,0,68827,126,68827,2,68951,25.251451275429517
rois,mhachaire,3,13,101,7.2996370011092635,6.2996370011092635,3,10,98,68842,13,68940,101,68852,25.2293742232851
lis,droim,6,1146,20,4.173968778357883,3.1739687783578834,6,1140,14,67793,1146,67807,20,68933,25.229026578595715
iolaird,droim,4,1146,6,5.325971871802934,4.325971871802934,4,1142,2,67805,1146,67807,6,68947,25.21956341280032
chuanna,both,3,67,19,7.3442714981007935,6.3442714981007935,3,64,16,68870,67,68886,19,68934,25.21072706061061
fheannta,mhín,2,50,3,9.844507010785113,8.844507010785113,2,48,1,68902,50,68903,3,68950,25.17996783975077
sceiche,tír,5,152,73,4.9575017238447545,3.9575017238447545,5,147,68,68733,152,68801,73,68880,25.169702717881904
greadaithe,srath,2,129,2,9.06209844585774,8.06209844585774,2,127,0,68824,129,68824,2,68951,25.156583192324
easpaig,fearann,7,388,85,3.8713768450137693,2.8713768450137693,7,381,78,68487,388,68565,85,68868,25.152347990972387
mór,móinéar,8,22,2525,3.3118264101171784,2.3118264101171784,8,14,2517,66414,22,68931,2525,66428,25.139631694120744
dorn,eanach,2,130,2,9.05095788825254,8.05095788825254,2,128,0,68823,130,68823,2,68951,25.12545400212388
gailbh,eanach,2,130,2,9.05095788825254,8.05095788825254,2,128,0,68823,130,68823,2,68951,25.12545400212388
leath,uachtarach,2,17,7,10.178507937973052,9.178507937973052,2,15,5,68931,17,68936,7,68946,25.103317425586614
iúir,tír,6,152,135,4.333545091507735,3.3335450915077347,6,146,129,68672,152,68801,135,68818,25.103046350692743
míle,teach,4,174,28,5.823027283374662,4.823027283374662,4,170,24,68755,174,68779,28,68925,25.101436873413608
ghaill,baile,14,8348,27,2.0985782360152956,1.0985782360152956,14,8334,13,60592,8348,60605,27,68926,25.097332584051358
dhriseach,chorr,2,131,2,9.039902699743545,8.039902699743545,2,129,0,68822,131,68822,2,68951,25.094565203763157
dhriseogach,chorr,2,131,2,9.039902699743545,8.039902699743545,2,129,0,68822,131,68822,2,68951,25.094565203763157
chreamha,corr,4,503,11,5.639479492838171,4.639479492838171,4,499,7,68443,503,68450,11,68942,25.07747937281195
sás,corr,3,503,4,6.683873612196624,5.683873612196624,3,500,1,68449,503,68450,4,68949,25.057214182643428
déan,pointe,3,126,11,7.221576659864938,6.221576659864938,3,123,8,68819,126,68827,11,68942,25.0388746636913
mhúirín,log,2,133,2,9.018043265779806,8.018043265779806,2,131,0,68820,133,68820,2,68951,25.033494128868863
leitean,log,2,133,2,9.018043265779806,8.018043265779806,2,131,0,68820,133,68820,2,68951,25.033494128868863
eiriún,moing,2,52,3,9.787923482418748,8.787923482418748,2,50,1,68900,52,68901,3,68950,25.019983199623077
riadaigh,cloch,3,220,7,7.069573566419887,6.069573566419887,3,217,4,68729,220,68733,7,68946,24.990787503148223
bhiolair,áth,4,381,14,5.6923235917300685,4.6923235917300685,4,377,10,68562,381,68572,14,68939,24.987074327896355
chorráin,uí,11,2137,53,2.7434656726952817,1.7434656726952817,11,2126,42,66774,2137,66816,53,68900,24.982398385184734
uisce,madaí,2,2,135,8.996510104230165,7.996510104230165,2,0,133,68818,2,68951,135,68818,24.97334148576443
iúir,cladán,2,2,135,8.996510104230165,7.996510104230165,2,0,133,68818,2,68951,135,68818,24.97334148576443
omna,phort,2,21,6,10.096045777781079,9.096045777781079,2,19,4,68928,21,68932,6,68947,24.94743719332996
chaoch,easca,2,21,6,10.096045777781079,9.096045777781079,2,19,4,68928,21,68932,6,68947,24.94743719332996
cofaigh,inis,3,355,5,6.864684892722744,5.864684892722744,3,352,2,68596,355,68598,5,68948,24.93002544571791
ing,droim,5,1146,12,4.647899966690296,3.6478999666902956,5,1141,7,67800,1146,67807,12,68941,24.92595303323163
each,trácht,2,4,35,9.944042684336027,8.944042684336027,2,2,33,68916,4,68949,35,68918,24.916535754215914
measáin,machaire,2,137,2,8.975293618320467,7.9752936183204675,2,135,0,68816,137,68816,2,68951,24.914080058623824
mumhan,machaire,2,137,2,8.975293618320467,7.9752936183204675,2,135,0,68816,137,68816,2,68951,24.914080058623824
eascair,ráth,3,1086,3,5.988517313476634,4.988517313476634,3,1083,0,67867,1086,67867,3,68950,24.913707758240495
mealtain,ráth,3,1086,3,5.988517313476634,4.988517313476634,3,1083,0,67867,1086,67867,3,68950,24.913707758240495
bhrannaibh,ráth,3,1086,3,5.988517313476634,4.988517313476634,3,1083,0,67867,1086,67867,3,68950,24.913707758240495
arddroma,ráth,3,1086,3,5.988517313476634,4.988517313476634,3,1083,0,67867,1086,67867,3,68950,24.913707758240495
thornáin,ráth,3,1086,3,5.988517313476634,4.988517313476634,3,1083,0,67867,1086,67867,3,68950,24.913707758240495
bhagóid,ráth,3,1086,3,5.988517313476634,4.988517313476634,3,1083,0,67867,1086,67867,3,68950,24.913707758240495
cuair,ráth,3,1086,3,5.988517313476634,4.988517313476634,3,1083,0,67867,1086,67867,3,68950,24.913707758240495
thancaird,garraí,4,308,17,5.719076319335754,4.719076319335754,4,304,13,68632,308,68645,17,68936,24.90527149199754
gcorr,bóthar,4,155,32,5.797201296006757,4.797201296006757,4,151,28,68770,155,68798,32,68921,24.895446069036897
liag,áth,6,381,56,4.277286092451225,3.2772860924512246,6,375,50,68522,381,68572,56,68897,24.884641963084817
contae,abhainn,3,519,4,6.63869747364427,5.63869747364427,3,516,1,68433,519,68434,4,68949,24.869245684168078
ealla,abhainn,3,519,4,6.63869747364427,5.63869747364427,3,516,1,68433,519,68434,4,68949,24.869245684168078
móire,hailte,2,3,54,9.73347569839637,8.73347569839637,2,1,52,68898,3,68950,54,68899,24.866157148393146
ghainimhe,glais,2,18,7,10.096045777781079,9.096045777781079,2,16,5,68930,18,68935,7,68946,24.86066598625057
fliuch,muine,3,145,10,7.1564510170998545,6.1564510170998545,3,142,7,68801,145,68808,10,68943,24.860628527040717
chró,abhainn,6,519,42,4.246380050865509,3.2463800508655094,6,513,36,68398,519,68434,42,68911,24.828518012113577
brón,éadan,3,43,31,7.277827136913178,6.277827136913178,3,40,28,68882,43,68910,31,68922,24.814521168760223
bheithigh,chnoic,2,27,5,9.996510104230165,8.996510104230165,2,25,3,68923,27,68926,5,68948,24.8053232659764
thoir,rua,10,79,1115,2.968645053183587,1.9686450531835868,10,69,1105,67769,79,68874,1115,67838,24.796427828968287
cróine,clais,3,93,15,7.212238795285601,6.212238795285601,3,90,12,68848,93,68860,15,68938,24.76846429542712
éadain,gort,6,923,25,4.1642451745816516,3.1642451745816516,6,917,19,68011,923,68030,25,68928,24.756047753815537
sruthrach,mainistir,2,143,2,8.913454364502606,7.913454364502606,2,141,0,68810,143,68810,2,68951,24.741388389464703
réadáin,mainistir,2,143,2,8.913454364502606,7.913454364502606,2,141,0,68810,143,68810,2,68951,24.741388389464703
ruairc,mhuintir,2,8,16,10.073325701280995,9.073325701280995,2,6,14,68931,8,68945,16,68937,24.74050422709927
iarainn,tulach,4,94,53,5.790816395040158,4.790816395040158,4,90,49,68810,94,68859,53,68900,24.721383683507153
mhuire,teampall,7,305,111,3.8335993245382443,2.8335993245382443,7,298,104,68544,305,68648,111,68842,24.71534609248158
duibhinn,lios,3,1124,3,5.938899381060069,4.938899381060069,3,1121,0,67829,1124,67829,3,68950,24.707071894811634
ruanach,lios,3,1124,3,5.938899381060069,4.938899381060069,3,1121,0,67829,1124,67829,3,68950,24.707071894811634
daille,lios,3,1124,3,5.938899381060069,4.938899381060069,3,1121,0,67829,1124,67829,3,68950,24.707071894811634
cruacháin,lios,3,1124,3,5.938899381060069,4.938899381060069,3,1121,0,67829,1124,67829,3,68950,24.707071894811634
béalaid,lios,3,1124,3,5.938899381060069,4.938899381060069,3,1121,0,67829,1124,67829,3,68950,24.707071894811634
con,tul,2,4,37,9.863872335652045,8.863872335652045,2,2,35,68914,4,68949,37,68916,24.68795585362311
dairthí,rátha,2,37,4,9.863872335652045,8.863872335652045,2,35,2,68914,37,68916,4,68949,24.68795585362311
dige,muine,2,145,2,8.89341661126606,7.89341661126606,2,143,0,68808,145,68808,2,68951,24.685442509521838
dhúltaigh,muine,2,145,2,8.89341661126606,7.89341661126606,2,143,0,68808,145,68808,2,68951,24.685442509521838
chrompáin,ladhar,2,28,5,9.944042684336027,8.944042684336027,2,26,3,68922,28,68925,5,68948,24.654377246516813
glas,halla,6,69,314,4.255142996332355,3.2551429963323546,6,63,308,68576,69,68884,314,68639,24.610091854660062
dhraighnigh,droim,3,1146,3,5.91093437252409,4.91093437252409,3,1143,0,67807,1146,67807,3,68950,24.59061470816318
biúir,droim,3,1146,3,5.91093437252409,4.91093437252409,3,1143,0,67807,1146,67807,3,68950,24.59061470816318
bada,droim,3,1146,3,5.91093437252409,4.91093437252409,3,1143,0,67807,1146,67807,3,68950,24.59061470816318
rancáin,maol,2,38,4,9.82539818783741,8.82539818783741,2,36,2,68913,38,68915,4,68949,24.578390557595963
éisc,maol,2,38,4,9.82539818783741,8.82539818783741,2,36,2,68913,38,68915,4,68949,24.578390557595963
mhaoilir,mac,5,980,14,4.651260935108183,3.6512609351081826,5,975,9,67964,980,67973,14,68939,24.568659005279837
tír,mac,5,980,14,4.651260935108183,3.6512609351081826,5,975,9,67964,980,67973,14,68939,24.568659005279837
huilleann,lag,2,23,6,9.964801244502826,8.964801244502826,2,21,4,68926,23,68930,6,68947,24.566138943936693
nid,áth,3,381,5,6.762712919621467,5.762712919621467,3,378,2,68570,381,68572,5,68948,24.50571278273792
cise,áth,3,381,5,6.762712919621467,5.762712919621467,3,378,2,68570,381,68572,5,68948,24.50571278273792
té,áth,3,381,5,6.762712919621467,5.762712919621467,3,378,2,68570,381,68572,5,68948,24.50571278273792
mbard,leacht,2,59,3,9.605720151197996,8.605720151197996,2,57,1,68893,59,68894,3,68950,24.505658743430114
tí,lucht,2,2,152,8.82539818783741,7.8253981878374095,2,0,150,68801,2,68951,152,68801,24.495573448764247
choininse,tír,2,152,2,8.82539818783741,7.8253981878374095,2,150,0,68801,152,68801,2,68951,24.495573448764247
leathfhóid,tír,2,152,2,8.82539818783741,7.8253981878374095,2,150,0,68801,152,68801,2,68951,24.495573448764247
riadach,tír,2,152,2,8.82539818783741,7.8253981878374095,2,150,0,68801,152,68801,2,68951,24.495573448764247
ghairbh,con,2,15,9,9.996510104230165,8.996510104230165,2,13,7,68931,15,68938,9,68944,24.479769173541484
con,suí,3,38,37,7.200907322929616,6.200907322929616,3,35,34,68881,38,68915,37,68916,24.475566910078896
brain,ráth,5,1086,13,4.610005690222904,3.610005690222904,5,1081,8,67859,1086,67867,13,68940,24.461550328112487
baile,díméin,4,13,445,5.575224457286143,4.575224457286143,4,9,441,68499,13,68940,445,68508,24.44789998986107
fada,átha,11,437,249,2.8012659183496122,1.8012659183496122,11,426,238,68278,437,68516,249,68704,24.443418448283108
breac,bailtín,2,2,154,8.806539160586093,7.806539160586093,2,0,152,68799,2,68951,154,68799,24.442940351025975
gharbh,chorr,5,131,91,4.854036154432211,3.854036154432211,5,126,86,68736,131,68822,91,68862,24.433275062661046
láir,laoghaire,2,2,155,8.797201296006758,7.797201296006758,2,0,153,68798,2,68951,155,68798,24.416881258274607
síorghlas,bóthar,2,155,2,8.797201296006758,7.797201296006758,2,153,0,68798,155,68798,2,68951,24.416881258274607
scruib,bóthar,2,155,2,8.797201296006758,7.797201296006758,2,153,0,68798,155,68798,2,68951,24.416881258274607
cuilinn,fiodh,3,46,31,7.180529935558264,6.180529935558264,3,43,28,68879,46,68907,31,68922,24.398014773023206
tseanbhóthair,bán,2,157,2,8.778704952389367,7.778704952389367,2,155,0,68796,157,68796,2,68951,24.36526692275369
bhuitléaraigh,baile,12,8348,21,2.2387558940635555,1.2387558940635555,12,8336,9,60596,8348,60605,21,68932,24.326591639491525
thiar,rua,10,79,1146,2.929081719234349,1.929081719234349,10,69,1136,67738,79,68874,1146,67807,24.30863161388701
tsómais,poll,3,394,5,6.714308287658413,5.714308287658413,3,391,2,68557,394,68559,5,68948,24.304378532650574
manach,gráig,4,68,77,5.719076319335754,4.719076319335754,4,64,73,68812,68,68885,77,68876,24.300251438592586
ualtair,baile,8,8348,10,2.7241827212337975,1.7241827212337975,8,8340,2,60603,8348,60605,10,68943,24.29687699739102
phréacháin,cnoc,8,2293,25,3.2664488719254763,2.2664488719254763,8,2285,17,66643,2293,66660,25,68928,24.286648346665547
ráth,diméin,4,123,43,5.704546441239657,4.704546441239657,4,119,39,68791,123,68830,43,68910,24.282980067695974
ghabhair,oileán,6,786,30,4.133012104135026,3.133012104135026,6,780,24,68143,786,68167,30,68923,24.258150608770933
áille,eanach,3,130,12,7.05095788825254,6.05095788825254,3,127,9,68814,130,68823,12,68941,24.248658397123005
tomás,sin,2,63,3,9.511083277059923,8.511083277059923,2,61,1,68889,63,68890,3,68950,24.238984619620844
chonla,cill,5,2693,7,4.192900359609081,3.192900359609081,5,2688,2,66258,2693,66260,7,68946,24.219912410824307
choilchín,cill,5,2693,7,4.192900359609081,3.192900359609081,5,2688,2,66258,2693,66260,7,68946,24.219912410824307
iníon,cill,5,2693,7,4.192900359609081,3.192900359609081,5,2688,2,66258,2693,66260,7,68946,24.219912410824307
thuaidh,liath,7,42,876,3.713576140958665,2.713576140958665,7,35,869,68042,42,68911,876,68077,24.217752601815285
bhuaile,coillidh,3,79,19,7.1065799403814625,6.1065799403814625,3,76,16,68858,79,68874,19,68934,24.206785983196525
thoir,tarbh,5,13,1115,4.571986083219598,3.571986083219598,5,8,1110,67830,13,68940,1115,67838,24.204256706811584
alt,loch,5,1826,9,4.390857744741822,3.3908577447418224,5,1821,4,67123,1826,67127,9,68944,24.17514229098702
mhurchú,cathair,5,341,37,4.772172501515235,3.772172501515235,5,336,32,68580,341,68612,37,68916,24.17256510270596
íde,mhullach,2,12,12,9.903400699838683,8.903400699838683,2,10,10,68931,12,68941,12,68941,24.16803784064134
mochuda,cill,6,2693,11,3.8038580688631813,2.8038580688631813,6,2687,5,66255,2693,66260,11,68942,24.165415835994786
díoma,cill,6,2693,11,3.8038580688631813,2.8038580688631813,6,2687,5,66255,2693,66260,11,68942,24.165415835994786
bhric,tulaigh,4,318,18,5.590517744554327,4.590517744554327,4,314,14,68621,318,68635,18,68935,24.141722413537295
saghais,bealach,2,166,2,8.69828626993407,7.698286269934069,2,164,0,68787,166,68787,2,68951,24.140906149121385
garbh,sruthán,6,186,120,4.212238795285601,3.212238795285601,6,180,114,68653,186,68767,120,68833,24.133199995682872
chnoic,sruthán,6,186,120,4.212238795285601,3.212238795285601,6,180,114,68653,186,68767,120,68833,24.133199995682872
dúin,fiodh,4,46,117,5.679399025640578,4.679399025640578,4,42,113,68794,46,68907,117,68836,24.127573644882478
aife,caiseal,2,65,3,9.465995387531384,8.465995387531384,2,63,1,68887,65,68888,3,68950,24.112037219539243
fiann,caiseal,2,65,3,9.465995387531384,8.465995387531384,2,63,1,68887,65,68888,3,68950,24.112037219539243
aillionn,loch,4,1826,5,4.91692655640941,3.9169265564094102,4,1822,1,67126,1826,67127,5,68948,24.108452992829214
salach,coill,10,896,101,2.929687391358958,1.929687391358958,10,886,91,67966,896,68057,101,68852,24.104803274748768
gallbhuaile,sraith,2,32,5,9.751397606393633,8.751397606393633,2,30,3,68918,32,68921,5,68948,24.101903182011895
chláir,béal,7,479,75,3.7479800871065376,2.7479800871065376,7,472,68,68406,479,68474,75,68878,24.082089528765632
lín,bléin,2,4,43,9.647060946578897,8.647060946578897,2,2,41,68908,4,68949,43,68910,24.071564875407606
trá,ceann,5,251,50,4.77985405244286,3.77985405244286,5,246,45,68657,251,68702,50,68903,24.07067522838843
michíl,tobar,4,514,12,5.482738651365961,4.482738651365961,4,510,8,68431,514,68439,12,68941,24.065089525883728
gheimhridh,buaile,2,170,2,8.663934765143292,7.663934765143292,2,168,0,68783,170,68783,2,68951,24.045092039562945
narg,buaile,2,170,2,8.663934765143292,7.663934765143292,2,168,0,68783,170,68783,2,68951,24.045092039562945
theas,liath,7,42,888,3.693947334209733,2.693947334209733,7,35,881,68030,42,68911,888,68065,24.03885678682572
liath,cuar,5,43,295,4.764417897217055,3.764417897217055,5,38,290,68620,43,68910,295,68658,24.035057585233417
gearr,táite,3,31,49,7.0893820475000675,6.0893820475000675,3,28,46,68876,31,68922,49,68904,24.00887117981763
ghréine,cúl,5,886,16,4.6040909076133385,3.6040909076133385,5,881,11,68056,886,68067,16,68937,23.980722332366344
dalláin,cluain,6,1448,18,3.9885173134766334,2.9885173134766334,6,1442,12,67493,1448,67505,18,68935,23.976084753111078
reannadh,gob,2,173,2,8.63869747364427,7.638697473644269,2,171,0,68780,173,68780,2,68951,23.974708184835286
chaisleáin,fearann,9,388,179,3.1595220832719226,2.1595220832719226,9,379,170,68395,388,68565,179,68774,23.966294930049294
mealógan,teach,2,174,2,8.630382205432266,7.630382205432266,2,172,0,68779,174,68779,2,68951,23.951519454328956
gcróinín,teach,2,174,2,8.630382205432266,7.630382205432266,2,172,0,68779,174,68779,2,68951,23.951519454328956
sionaid,teach,2,174,2,8.630382205432266,7.630382205432266,2,172,0,68779,174,68779,2,68951,23.951519454328956
fíonadan,teach,2,174,2,8.630382205432266,7.630382205432266,2,172,0,68779,174,68779,2,68951,23.951519454328956
ardmhéara,teach,2,174,2,8.630382205432266,7.630382205432266,2,172,0,68779,174,68779,2,68951,23.951519454328956
gamhnach,droim,5,1146,13,4.53242274927036,3.53242274927036,5,1141,8,67799,1146,67807,13,68940,23.936729901160582
rinn,caslach,2,6,27,9.73347569839637,8.73347569839637,2,4,25,68922,6,68947,27,68926,23.89799523749255
tobair,ceathrú,8,452,115,3.4076566879214316,2.4076566879214316,8,444,107,68394,452,68501,115,68838,23.887200820900453
gcloigeann,móinín,2,34,5,9.663934765143294,8.663934765143294,2,32,3,68916,34,68919,5,68948,23.851914285461916
charraigeach,mín,2,180,2,8.58147260495132,7.581472604951321,2,178,0,68773,180,68773,2,68951,23.815141140664178
lann,lochán,2,70,3,9.359080183614871,8.359080183614871,2,68,1,68882,70,68883,3,68950,23.81126596716404
mhín,cúl,9,886,81,3.1122378112836646,2.1122378112836646,9,877,72,67995,886,68067,81,68872,23.80456798790241
tamhain,tom,2,46,4,9.549763745223983,8.549763745223983,2,44,2,68905,46,68907,4,68949,23.79571880960561
bhailcín,baile,7,8348,8,2.853465738178764,1.8534657381787638,7,8341,1,60604,8348,60605,8,68945,23.794376191082353
bhaltair,baile,7,8348,8,2.853465738178764,1.8534657381787638,7,8341,1,60604,8348,60605,8,68945,23.794376191082353
hac,baile,7,8348,8,2.853465738178764,1.8534657381787638,7,8341,1,60604,8348,60605,8,68945,23.794376191082353
áirí,coill,4,896,8,5.26597077922339,4.26597077922339,4,892,4,68053,896,68057,8,68945,23.77739180641
roinn,thoir,2,10,16,9.751397606393633,8.751397606393633,2,8,14,68929,10,68943,16,68937,23.73063040614666
chill,cuan,5,123,104,4.752299572688025,3.752299572688025,5,118,99,68731,123,68830,104,68849,23.729862034835932
fhíonáin,dhoire,3,43,37,7.022570081671103,6.022570081671103,3,40,34,68876,43,68910,37,68916,23.70983213487333
ghrianna,chill,2,185,2,8.541944240764682,7.541944240764682,2,183,0,68768,185,68768,2,68951,23.70494021813777
mhaoth,inse,2,185,2,8.541944240764682,7.541944240764682,2,183,0,68768,185,68768,2,68951,23.70494021813777
líge,inse,2,185,2,8.541944240764682,7.541944240764682,2,183,0,68768,185,68768,2,68951,23.70494021813777
gabhann,chluana,2,9,18,9.73347569839637,8.73347569839637,2,7,16,68928,9,68944,18,68935,23.702657027290496
dearg,tallt,3,18,91,6.980568560361142,5.980568560361142,3,15,88,68847,18,68935,91,68862,23.69991470984727
cúlbhá,sruthán,2,186,2,8.534166890172964,7.534166890172964,2,184,0,68767,186,68767,2,68951,23.6832597359538
ghaorthaidh,átha,3,437,5,6.56487063761419,5.56487063761419,3,434,2,68514,437,68516,5,68948,23.68313584821795
bá,átha,3,437,5,6.56487063761419,5.56487063761419,3,434,2,68514,437,68516,5,68948,23.68313584821795
geal,cloch,5,220,59,4.731251033281857,3.7312510332818567,5,215,54,68679,220,68733,59,68894,23.682344898592824
croise,tigh,6,285,82,4.145918088331963,3.145918088331963,6,279,76,68592,285,68668,82,68871,23.678278536277325
cruinn,cheathrú,4,300,20,5.522578915897751,4.522578915897751,4,296,16,68637,300,68653,20,68933,23.674114955170594
duibh,eanach,4,130,44,5.591526269615243,4.591526269615243,4,126,40,68783,130,68823,44,68909,23.65168921510128
bhreac,leaca,4,95,60,5.596579497341529,4.596579497341529,4,91,56,68802,95,68858,60,68893,23.62540583335936
bhéarra,aird,2,48,4,9.488363200559839,8.488363200559839,2,46,2,68903,48,68905,4,68949,23.621867033519205
fionn,bogán,2,4,48,9.488363200559839,8.488363200559839,2,2,46,68903,4,68949,48,68905,23.621867033519205
durlainne,port,2,189,2,8.511083277059923,7.511083277059923,2,187,0,68764,189,68764,2,68951,23.61891456822869
muclach,droiminn,2,5,36,9.58147260495132,8.58147260495132,2,3,34,68914,5,68948,36,68917,23.616658408979358
léith,chlocháin,2,5,36,9.58147260495132,8.58147260495132,2,3,34,68914,5,68948,36,68917,23.616658408979358
lára,léim,3,58,28,6.992952284816975,5.992952284816975,3,55,25,68870,58,68895,28,68925,23.614132512402485
rua,rinn,13,236,694,2.4523305174819847,1.4523305174819847,13,223,681,68036,236,68717,694,68259,23.602473829361912
choirne,cathair,3,341,6,6.6596977722568225,5.6596977722568225,3,338,3,68609,341,68612,6,68947,23.593847088427953
fhuar,bhoth,2,21,8,9.681008278502233,8.681008278502233,2,19,6,68926,21,68932,8,68945,23.589347362853143
gallaigh,droichead,3,444,5,6.541944240764683,5.541944240764683,3,441,2,68507,444,68509,5,68948,23.587870157426796
gcolpach,tor,2,74,3,9.278909834930888,8.278909834930888,2,72,1,68878,74,68879,3,68950,23.58595543742001
ngarbhánach,tor,2,74,3,9.278909834930888,8.278909834930888,2,72,1,68878,74,68879,3,68950,23.58595543742001
thaidhg,uí,12,2137,68,2.509454168092,1.5094541680920002,12,2125,56,66760,2137,66816,68,68885,23.574053268942254
lábáin,mín,3,180,10,6.844507010785114,5.844507010785114,3,177,7,68766,180,68773,10,68943,23.55819192010022
chuilinn,corr,8,503,106,3.3709906569122685,2.3709906569122685,8,495,98,68352,503,68450,106,68847,23.54532731426813
chaisleach,ré,2,75,3,9.259544510063959,8.259544510063959,2,73,1,68877,75,68878,3,68950,23.5315585073951
ndoirí,ré,2,75,3,9.259544510063959,8.259544510063959,2,73,1,68877,75,68878,3,68950,23.5315585073951
dtiompán,ré,2,75,3,9.259544510063959,8.259544510063959,2,73,1,68877,75,68878,3,68950,23.5315585073951
mór,téadan,6,12,2525,3.7712580287544752,2.7712580287544752,6,6,2519,66422,12,68941,2525,66428,23.511075964122938
mhóta,baile,15,8348,32,1.9530014117296781,0.9530014117296781,15,8333,17,60588,8348,60605,32,68921,23.510262740509383
fada,chloch,6,95,249,4.128430661603122,3.1284306616031223,6,89,243,68615,95,68858,249,68704,23.500605929503703
chill,pointe,5,126,104,4.717534154527349,3.717534154527349,5,121,99,68728,126,68827,104,68849,23.49254992370195
cranncha,bun,4,291,21,5.496132935593951,4.496132935593951,4,287,17,68645,291,68662,21,68932,23.489365431162632
naomh,tobar,5,514,27,4.63474174481101,3.63474174481101,5,509,22,68417,514,68439,27,68926,23.489143261090817
lachna,lios,4,1124,7,5.131544459002464,4.131544459002464,4,1120,3,67826,1124,67829,7,68946,23.483822939973283
ghlais,ghoirt,2,10,17,9.663934765143294,8.663934765143294,2,8,15,68928,10,68943,17,68936,23.472348734892943
iarla,sceitheog,2,4,50,9.42946951150627,8.42946951150627,2,2,48,68901,4,68949,50,68903,23.4552682132857
ngall,mhuire,3,30,56,6.9440426843360274,5.9440426843360274,3,27,53,68870,30,68923,56,68897,23.395059333687666
uimh,longfort,2,8,22,9.613894082643696,8.613894082643696,2,6,20,68925,8,68945,22,68931,23.394205626737982
mún,dún,3,667,4,6.276745250817566,5.276745250817566,3,664,1,68285,667,68286,4,68949,23.364397737579026
seachlainn,dún,3,667,4,6.276745250817566,5.276745250817566,3,664,1,68285,667,68286,4,68949,23.364397737579026
cionnaola,dún,3,667,4,6.276745250817566,5.276745250817566,3,664,1,68285,667,68286,4,68949,23.364397737579026
chora,droim,6,1146,23,3.9723349171882334,2.9723349171882334,6,1140,17,67790,1146,67807,23,68930,23.36129069379558
uinseann,droim,4,1146,7,5.103579450466485,4.103579450466485,4,1142,3,67804,1146,67807,7,68946,23.330424520726684
graí,lios,8,1124,50,3.2950431912853437,2.2950431912853437,8,1116,42,67787,1124,67829,50,68903,23.32489911716647
chanannáin,coillidh,2,79,3,9.184582452382736,8.184582452382736,2,77,1,68873,79,68874,3,68950,23.321087557435106
gceann,sceith,2,7,26,9.565531061082298,8.565531061082298,2,5,24,68922,7,68946,26,68927,23.31793466139687
ruáin,tulach,4,94,63,5.541456926103441,4.541456926103441,4,90,59,68800,94,68859,63,68890,23.314523955349166
mhaí,corr,5,503,28,4.613484284305226,3.613484284305226,5,498,23,68427,503,68450,28,68925,23.3125793576732
dobhráin,bun,3,291,7,6.666057937036263,5.666057937036263,3,288,4,68658,291,68662,7,68946,23.310819899604486
nua,páirc,17,599,470,2.057859403177549,1.0578594031775488,17,582,453,67901,599,68354,470,68483,23.309872244139164
teorann,cuas,3,152,12,6.8253981878374095,5.8253981878374095,3,149,9,68792,152,68801,12,68941,23.30617157618941
cíbe,moing,2,52,4,9.372885983139904,8.372885983139904,2,50,2,68899,52,68901,4,68949,23.29534162790008
mhuire,toghroinn,3,16,111,6.8638723356520455,5.8638723356520455,3,13,108,68829,16,68937,111,68842,23.26987104584436
bhearaigh,átha,4,437,15,5.394945636171878,4.394945636171878,4,433,11,68505,437,68516,15,68938,23.267622712879845
tuathail,lios,5,1124,14,4.453472553889827,3.453472553889827,5,1119,9,67820,1124,67829,14,68939,23.23259153161139
gcailleach,baile,18,8348,44,1.7566041989261747,0.7566041989261747,18,8330,26,60579,8348,60605,44,68909,23.20862146155063
arda,cnoic,2,15,12,9.58147260495132,8.58147260495132,2,13,10,68928,15,68938,12,68941,23.20214322806211
íochtarach,buí,6,28,931,3.9882959223857535,2.9882959223857535,6,22,925,68000,28,68925,931,68022,23.19521128682438
mbráthar,talamh,3,31,56,6.896736969557672,5.896736969557672,3,28,53,68869,31,68922,56,68897,23.18949591185386
ráda,cluain,3,1448,3,5.573479814197789,4.573479814197789,3,1445,0,67505,1448,67505,3,68950,23.18554015564709
droichead,cluain,3,1448,3,5.573479814197789,4.573479814197789,3,1445,0,67505,1448,67505,3,68950,23.18554015564709
seach,cluain,3,1448,3,5.573479814197789,4.573479814197789,3,1445,0,67505,1448,67505,3,68950,23.18554015564709
lothair,cluain,3,1448,3,5.573479814197789,4.573479814197789,3,1445,0,67505,1448,67505,3,68950,23.18554015564709
cearbán,cluain,3,1448,3,5.573479814197789,4.573479814197789,3,1445,0,67505,1448,67505,3,68950,23.18554015564709
scairbre,cluain,3,1448,3,5.573479814197789,4.573479814197789,3,1445,0,67505,1448,67505,3,68950,23.18554015564709
béala,cluain,3,1448,3,5.573479814197789,4.573479814197789,3,1445,0,67505,1448,67505,3,68950,23.18554015564709
earna,cluain,3,1448,3,5.573479814197789,4.573479814197789,3,1445,0,67505,1448,67505,3,68950,23.18554015564709
bholgan,trá,2,211,2,8.352226512573809,7.352226512573809,2,209,0,68742,211,68742,2,68951,23.17624855155016
món,trá,2,211,2,8.352226512573809,7.352226512573809,2,209,0,68742,211,68742,2,68951,23.17624855155016
feirste,béal,4,479,14,5.36208893348721,4.36208893348721,4,475,10,68464,479,68474,14,68939,23.175823978690467
breac,gort,12,923,154,2.5413148236614753,1.5413148236614753,12,911,142,67888,923,68030,154,68799,23.172845414120594
dubhthaigh,achadh,3,477,5,6.438514651109277,5.438514651109277,3,474,2,68474,477,68476,5,68948,23.15823735906001
chon,ceann,4,251,25,5.457925957555498,4.457925957555498,4,247,21,68681,251,68702,25,68928,23.156932149192272
fuil,tuar,3,89,20,6.860626676148391,5.860626676148391,3,86,17,68847,89,68864,20,68933,23.151488703891015
bhodaigh,chnocán,2,13,14,9.565531061082298,8.565531061082298,2,11,12,68928,13,68940,14,68939,23.15024879730417
eidhneach,gleann,6,755,34,4.01049252653937,3.0104925265393696,6,749,28,68170,755,68198,34,68919,23.144693840892366
móire,maoile,2,4,54,9.318438199117526,8.318438199117526,2,2,52,68897,4,68949,54,68899,23.141573633071594
liatha,cloch,3,220,9,6.70700348703518,5.70700348703518,3,217,6,68727,220,68733,9,68944,23.10685553947703
buí,mullach,10,258,364,2.8762319005464065,1.8762319005464065,10,248,354,68341,258,68695,364,68589,23.099546382484018
úr,achadh,5,477,30,4.590517744554327,3.590517744554327,5,472,25,68451,477,68476,30,68923,23.098725316526778
beag,chill,17,185,1558,2.0239275639533525,1.0239275639533525,17,168,1541,67227,185,68768,1558,67395,23.097796544255292
bhríde,tobar,8,514,107,3.3262341656859697,2.3262341656859697,8,506,99,68340,514,68439,107,68846,23.08654400531429
bhioráin,uí,6,2137,14,3.7895620872847355,2.7895620872847355,6,2131,8,66808,2137,66816,14,68939,23.08553637195388
chrainn,alt,3,43,41,6.874471442681969,5.874471442681969,3,40,38,68872,43,68910,41,68912,23.07352548289149
thiarnáin,mac,4,980,8,5.136687762278424,4.136687762278424,4,976,4,67969,980,67973,8,68945,23.068840015732402
gormáin,mac,4,980,8,5.136687762278424,4.136687762278424,4,976,4,67969,980,67973,8,68945,23.068840015732402
uidhir,mac,4,980,8,5.136687762278424,4.136687762278424,4,976,4,67969,980,67973,8,68945,23.068840015732402
chaca,boilg,2,17,11,9.52643124139336,8.52643124139336,2,15,9,68927,17,68936,11,68942,23.049767510950506
sheireapúin,teampall,3,305,7,6.598267847494299,5.598267847494299,3,302,4,68644,305,68648,7,68946,23.029090991666948
mhadra,currach,5,298,47,4.621496424028558,3.6214964240285576,5,293,42,68613,298,68655,47,68906,23.02745930361776
uachtair,lón,2,3,85,9.078972264422136,8.078972264422136,2,1,83,68867,3,68950,85,68868,23.024814812708414
ustún,cloch,2,220,2,8.291965987756335,7.291965987756335,2,218,0,68733,220,68733,2,68951,23.008390538163372
mhonacóidigh,cloch,2,220,2,8.291965987756335,7.291965987756335,2,218,0,68733,220,68733,2,68951,23.008390538163372
otfaígh,cloch,2,220,2,8.291965987756335,7.291965987756335,2,218,0,68733,220,68733,2,68951,23.008390538163372
dullartaigh,cloch,2,220,2,8.291965987756335,7.291965987756335,2,218,0,68733,220,68733,2,68951,23.008390538163372
uachtarach,buí,6,28,948,3.9621900310462874,2.9621900310462874,6,22,942,67983,28,68925,948,68005,22.988371800852995
mancháin,liath,2,42,5,9.359080183614871,8.359080183614871,2,40,3,68908,42,68911,5,68948,22.9841370988557
feirse,caladh,2,42,5,9.359080183614871,8.359080183614871,2,40,3,68908,42,68911,5,68948,22.9841370988557
loiscthe,taiteann,2,3,86,9.06209844585774,8.06209844585774,2,1,84,68866,3,68950,86,68867,22.977503813398428
bhaidín,garraí,3,308,7,6.584146739249645,5.584146739249645,3,305,4,68641,308,68645,7,68946,22.97042327399709
cnó,garrán,2,223,2,8.27242580136069,7.27242580136069,2,221,0,68730,223,68730,2,68951,22.953967556793543
bhuí,carraigigh,2,2,224,8.265970779223391,7.265970779223391,2,0,222,68729,2,68951,224,68729,22.93598987739399
bhuí,uinsinn,2,2,224,8.265970779223391,7.265970779223391,2,0,222,68729,2,68951,224,68729,22.93598987739399
sceire,áth,3,381,6,6.499678513787672,5.499678513787672,3,378,3,68569,381,68572,6,68947,22.929058318060832
roinn,thiar,2,12,16,9.488363200559839,8.488363200559839,2,10,14,68927,12,68941,16,68937,22.926022223613785
tine,mín,3,180,11,6.70700348703518,5.70700348703518,3,177,8,68765,180,68773,11,68942,22.889661674875203
mhaicín,dhoire,2,43,5,9.325132851691535,8.325132851691535,2,41,3,68907,43,68910,5,68948,22.887815296989892
airt,moing,3,52,35,6.828565466916093,5.828565466916093,3,49,32,68869,52,68901,35,68918,22.885910483494158
tsáile,muileann,3,93,20,6.797201296006757,5.797201296006757,3,90,17,68843,93,68860,20,68933,22.885237701799227
huamhan,muileann,3,93,20,6.797201296006757,5.797201296006757,3,90,17,68843,93,68860,20,68933,22.885237701799227
ghuail,clais,3,93,20,6.797201296006757,5.797201296006757,3,90,17,68843,93,68860,20,68933,22.885237701799227
locháin,chró,3,27,68,6.8159378585883434,5.8159378585883434,3,24,65,68861,27,68926,68,68885,22.872595241983245
baile,cnoc,36,2293,445,1.2825685372887532,0.2825685372887532,36,2257,409,66251,2293,66660,445,68508,22.872370862892616
bhig,choire,2,7,29,9.40798978409582,8.40798978409582,2,5,27,68919,7,68946,29,68924,22.864838675183776
meán,fíoch,2,7,29,9.40798978409582,8.40798978409582,2,5,27,68919,7,68946,29,68924,22.864838675183776
mhóra,uí,4,2137,5,4.690026413733822,3.690026413733822,4,2133,1,66815,2137,66816,5,68948,22.858262138392575
ghaoithín,uí,4,2137,5,4.690026413733822,3.690026413733822,4,2133,1,66815,2137,66816,5,68948,22.858262138392575
fhlannagáin,uí,4,2137,5,4.690026413733822,3.690026413733822,4,2133,1,66815,2137,66816,5,68948,22.858262138392575
challáin,uí,4,2137,5,4.690026413733822,3.690026413733822,4,2133,1,66815,2137,66816,5,68948,22.858262138392575
locha,liosar,2,2,229,8.234121913184051,7.234121913184051,2,0,227,68724,2,68951,229,68724,22.84729386587503
aonghasa,dún,4,667,11,5.2323511314591125,4.2323511314591125,4,663,7,68279,667,68286,11,68942,22.845607366381085
bhiolair,mhuiris,2,14,14,9.458615857165787,8.458615857165787,2,12,12,68927,14,68939,14,68939,22.82973861706171
tomáis,coillín,2,35,6,9.359080183614871,8.359080183614871,2,33,4,68914,35,68918,6,68947,22.82545812375643
huidhre,gleann,4,755,10,5.191064772181191,4.191064772181191,4,751,6,68192,755,68198,10,68943,22.807893427012907
íochtarach,chuilinn,5,17,931,4.445153597359224,3.4451535973592238,5,12,926,68010,17,68936,931,68022,22.803177037933388
caoile,cruach,2,59,4,9.190682651919154,8.190682651919154,2,57,2,68892,59,68894,4,68949,22.781220376531433
geal,ghabhair,2,4,59,9.190682651919154,8.190682651919154,2,2,57,68892,4,68949,59,68894,22.78122037653143
bhreac,fhaill,3,31,60,6.797201296006757,5.797201296006757,3,28,57,68865,31,68922,60,68893,22.767691489494744
beag,gceall,3,3,1558,5.467846183219326,4.467846183219326,3,0,1555,67395,3,68950,1558,67395,22.74578281623362
beag,sulchóid,3,3,1558,5.467846183219326,4.467846183219326,3,0,1555,67395,3,68950,1558,67395,22.74578281623362
beag,bhrosnach,3,3,1558,5.467846183219326,4.467846183219326,3,0,1555,67395,3,68950,1558,67395,22.74578281623362
beag,fhailligh,3,3,1558,5.467846183219326,4.467846183219326,3,0,1555,67395,3,68950,1558,67395,22.74578281623362
baile,crois,8,126,445,3.298384251927318,2.298384251927318,8,118,437,68390,126,68827,445,68508,22.744964484991648
thiar,glas,8,51,1146,3.2385090305525943,2.2385090305525943,8,43,1138,67764,51,68902,1146,67807,22.729272873240866
tséideáin,poll,3,394,6,6.451273881824618,5.451273881824618,3,391,3,68556,394,68559,6,68947,22.728103281247087
scidígh,rinn,2,236,2,8.190682651919154,7.190682651919154,2,234,0,68717,236,68717,2,68951,22.72633357247657
mheana,rinn,2,236,2,8.190682651919154,7.190682651919154,2,234,0,68717,236,68717,2,68951,22.72633357247657
fachla,rinn,2,236,2,8.190682651919154,7.190682651919154,2,234,0,68717,236,68717,2,68951,22.72633357247657
ramhrois,rinn,2,236,2,8.190682651919154,7.190682651919154,2,234,0,68717,236,68717,2,68951,22.72633357247657
mór,ruán,5,8,2525,4.093186123641837,3.0931861236418374,5,3,2520,66425,8,68945,2525,66428,22.719782260041193
mártain,tobar,3,514,5,6.33073555792091,5.33073555792091,3,511,2,68437,514,68439,5,68948,22.710794956784678
ghabhra,abhainn,3,519,5,6.3167693787569075,5.3167693787569075,3,516,2,68432,519,68434,5,68948,22.65283415327654
fheá,tamhnaigh,3,97,20,6.736447264927661,5.736447264927661,3,94,17,68839,97,68856,20,68933,22.630467328952072
uachtarach,chuilinn,5,17,948,4.419047706019759,3.419047706019759,5,12,943,67993,17,68936,948,68005,22.627740872633538
bruacháin,gleann,3,755,4,6.0979553677897105,5.0979553677897105,3,752,1,68197,755,68198,4,68949,22.621833414964392
cora,láithreach,3,22,88,6.739424964727556,5.739424964727556,3,19,85,68846,22,68931,88,68865,22.60775397719332
theas,fionnghlas,4,9,888,5.108984833488576,4.108984833488576,4,5,884,68060,9,68944,888,68065,22.599218308829453
scoil,port,3,189,11,6.6366141591437815,5.6366141591437815,3,186,8,68756,189,68764,11,68942,22.5966076967688
leamhaigh,scoilt,2,62,4,9.11912939089412,8.11912939089412,2,60,2,68889,62,68891,4,68949,22.579652132259767
gcabhóg,scoilt,2,62,4,9.11912939089412,8.11912939089412,2,60,2,68889,62,68891,4,68949,22.579652132259767
staicín,chloch,2,95,3,8.918507592228892,7.918507592228892,2,93,1,68857,95,68858,3,68950,22.57517427807273
scéithe,ard,3,527,5,6.294700955477574,5.294700955477574,3,524,2,68424,527,68426,5,68948,22.561257546355158
duínse,barr,2,246,2,8.130811195941755,7.130811195941755,2,244,0,68707,246,68707,2,68951,22.559641821520565
gcom,barr,2,246,2,8.130811195941755,7.130811195941755,2,244,0,68707,246,68707,2,68951,22.559641821520565
eabhna,tuaim,2,96,3,8.903400699838683,7.9034006998386825,2,94,1,68856,96,68857,3,68950,22.532873306316954
bhreacaí,tuaim,2,96,3,8.903400699838683,7.9034006998386825,2,94,1,68856,96,68857,3,68950,22.532873306316954
phiarais,baile,15,8348,33,1.9086072923712247,0.9086072923712247,15,8333,18,60587,8348,60605,33,68920,22.529721179761424
thoir,maonais,5,15,1115,4.365535205752171,3.3655352057521712,5,10,1110,67828,15,68938,1115,67838,22.49700005477971
dhubhan,charraig,2,251,2,8.101782147330223,7.101782147330223,2,249,0,68702,251,68702,2,68951,22.47883055242963
bhán,bhánrainn,2,2,253,8.090332126586684,7.090332126586684,2,0,251,68700,2,68951,253,68700,22.446957705191096
bhán,duirling,2,2,253,8.090332126586684,7.090332126586684,2,0,251,68700,2,68951,253,68700,22.446957705191096
chorr,chloch,3,95,21,6.696115170892443,5.696115170892443,3,92,18,68840,95,68858,21,68932,22.442628393817046
achaidh,droim,8,1146,52,3.2104946543829973,2.2104946543829973,8,1138,44,67763,1146,67807,52,68901,22.424927006951645
cait,caiseal,2,65,4,9.05095788825254,8.05095788825254,2,63,2,68886,65,68888,4,68949,22.387773044644046
gabhra,cluainte,2,22,10,9.291965987756335,8.291965987756335,2,20,8,68923,22,68931,10,68943,22.38468000024782
phocaide,oileán,3,786,4,6.0399026997435445,5.0399026997435445,3,783,1,68166,786,68167,4,68949,22.380837114244027
luacharnach,mullach,2,258,2,8.06209844585774,7.062098445857741,2,256,0,68695,258,68695,2,68951,22.368369311142338
coill,tom,3,46,43,6.70846149124304,5.70846149124304,3,43,40,68867,46,68907,43,68910,22.363894686365988
aidhne,drom,3,342,7,6.433080765058649,5.433080765058649,3,339,4,68607,342,68611,7,68946,22.34319802076473
dúin,pointe,5,126,117,4.547609153085037,3.5476091530850367,5,121,112,68715,126,68827,117,68836,22.332911768545586
fhraoigh,buaile,5,170,87,4.542919364181927,3.5429193641819268,5,165,82,68701,170,68783,87,68866,22.323476343193335
láir,ros,8,371,155,3.2619259193859538,2.2619259193859538,8,363,147,68435,371,68582,155,68798,22.32262436924485
liag,achadh,6,477,56,3.9530878239390352,2.9530878239390352,6,471,50,68426,477,68476,56,68897,22.308986648345105
craoibhe,ceathrú,6,452,59,3.955466190225122,2.955466190225122,6,446,53,68448,452,68501,59,68894,22.30027419177881
chatha,droim,6,1146,25,3.852040683470521,2.852040683470521,6,1140,19,67788,1146,67807,25,68928,22.27636909123185
eite,both,2,67,4,9.007236510823223,8.007236510823223,2,65,2,68884,67,68886,4,68949,22.26479282767371
chaise,ráth,4,1086,8,4.988517313476634,3.988517313476634,4,1082,4,67863,1086,67867,8,68945,22.258096529805627
bó,coillte,4,65,104,5.350518170111448,4.350518170111448,4,61,100,68788,65,68888,104,68849,22.25371174513222
luchóg,ghort,2,29,8,9.215344706153424,8.215344706153424,2,27,6,68918,29,68924,8,68945,22.24403398220425
bhig,dumhaigh,2,8,29,9.215344706153424,8.215344706153424,2,6,27,68918,8,68945,29,68924,22.244033982204247
pádraig,inis,5,355,43,4.497313827074215,3.4973138270742146,5,350,38,68560,355,68598,43,68910,22.23562369732653
ramhar,ceann,5,251,60,4.516819646609067,3.5168196466090667,5,246,55,68647,251,68702,60,68893,22.23019229987505
bhreac,charraig,5,251,60,4.516819646609067,3.5168196466090667,5,246,55,68647,251,68702,60,68893,22.23019229987505
rón,carraig,5,819,20,4.395606059639986,3.395606059639986,5,814,15,68119,819,68134,20,68933,22.22410834323637
bó,srúbh,2,3,104,8.787923482418746,7.787923482418746,2,1,102,68848,3,68950,104,68849,22.209686270760272
sagart,baile,28,8348,91,1.3456710979800675,0.34567109798006745,28,8320,63,60542,8348,60605,91,68862,22.199968028178606
chathail,uí,8,2137,30,3.105063913012665,2.105063913012665,8,2129,22,66794,2137,66816,30,68923,22.19885194863725
dhuibh,aodha,3,27,76,6.655473186395097,5.655473186395097,3,24,73,68853,27,68926,76,68877,22.19648454703527
mhaí,ceann,4,251,28,5.294427225272619,4.294427225272619,4,247,24,68678,251,68702,28,68925,22.195452076713522
gaoth,cnoc,17,2293,132,1.9533737835920872,0.9533737835920872,17,2276,115,66545,2293,66660,132,68821,22.17572677000511
muir,radharc,2,11,21,9.221576659864937,8.221576659864937,2,9,19,68923,11,68942,21,68932,22.157298545256356
mhín,sruthán,5,186,81,4.516244982175701,3.516244982175701,5,181,76,68691,186,68767,81,68872,22.15445851889751
mharcaigh,halla,2,69,4,8.964801244502825,7.964801244502825,2,67,2,68882,69,68884,4,68949,22.145488240900804
thuaidh,tsléibhe,5,19,876,4.372539223123598,3.3725392231235984,5,14,871,68063,19,68934,876,68077,22.14168225799832
bhallach,carraig,3,819,4,5.980568560361142,4.980568560361142,3,816,1,68133,819,68134,4,68949,22.134579293430203
heorna,cnoc,9,2293,37,2.8707766975135636,1.8707766975135636,9,2284,28,66632,2293,66660,37,68916,22.130922020166338
chrónáin,inse,3,185,12,6.541944240764683,5.541944240764683,3,182,9,68759,185,68768,12,68941,22.1252657903324
chléibh,átha,3,437,6,6.301836231780396,5.301836231780396,3,434,3,68513,437,68516,6,68947,22.108115430133694
féan,átha,3,437,6,6.301836231780396,5.301836231780396,3,434,3,68513,437,68516,6,68947,22.108115430133694
éile,mhuire,2,30,8,9.166435105672477,8.166435105672477,2,28,6,68917,30,68923,8,68945,22.10378514091975
tsíle,cill,5,2693,8,4.000255281666685,3.0002552816666848,5,2688,3,66257,2693,66260,8,68945,22.090210183341785
tiarnáin,cill,5,2693,8,4.000255281666685,3.0002552816666848,5,2688,3,66257,2693,66260,8,68945,22.090210183341785
chríodáin,cill,5,2693,8,4.000255281666685,3.0002552816666848,5,2688,3,66257,2693,66260,8,68945,22.090210183341785
ghainimhe,chlais,2,35,7,9.136687762278424,8.136687762278424,2,33,5,68913,35,68918,7,68946,22.088811396218766
ngabhar,maolán,2,4,70,8.944042684336027,7.9440426843360274,2,2,68,68881,4,68949,70,68883,22.087146963848777
odhar,seisceann,2,13,18,9.20296098169759,8.20296098169759,2,11,16,68924,13,68940,18,68935,22.076826888752922
fhríle,móin,2,279,2,7.949204389451808,6.949204389451808,2,277,0,68674,279,68674,2,68951,22.05418772862507
réad,móin,2,279,2,7.949204389451808,6.949204389451808,2,277,0,68674,279,68674,2,68951,22.05418772862507
mhothóige,móin,2,279,2,7.949204389451808,6.949204389451808,2,277,0,68674,279,68674,2,68951,22.05418772862507
bhlóinsimínigh,móin,2,279,2,7.949204389451808,6.949204389451808,2,277,0,68674,279,68674,2,68951,22.05418772862507
nionadh,móin,2,279,2,7.949204389451808,6.949204389451808,2,277,0,68674,279,68674,2,68951,22.05418772862507
pise,cúl,5,886,19,4.356163394169753,3.3561633941697533,5,881,14,68053,886,68067,19,68934,22.03196404369642
bige,ceathrún,2,10,24,9.166435105672477,8.166435105672477,2,8,22,68921,10,68943,24,68929,22.021005362962633
airglinn,com,2,109,3,8.720178875782914,7.7201788757829135,2,107,1,68843,109,68844,3,68950,22.02021688279193
chraoibhín,cionn,2,109,3,8.720178875782914,7.7201788757829135,2,107,1,68843,109,68844,3,68950,22.02021688279193
caslach,cionn,2,109,3,8.720178875782914,7.7201788757829135,2,107,1,68843,109,68844,3,68950,22.02021688279193
theas,tsléibhe,5,19,888,4.352910416374666,3.352910416374666,5,14,883,68051,19,68934,888,68065,22.010175144361064
ailbhe,maigh,3,363,7,6.3471075419487955,5.3471075419487955,3,360,4,68586,363,68590,7,68946,21.986563368651403
dumhcha,gob,3,173,13,6.5232202562243335,5.5232202562243335,3,170,10,68770,173,68780,13,68940,21.983596595282304
mhadra,cnocán,5,332,47,4.465625513143795,3.465625513143795,5,327,42,68579,332,68621,47,68906,21.979983123738226
léith,tseanáin,2,7,36,9.096045777781079,8.096045777781079,2,5,34,68912,7,68946,36,68917,21.97297385504037
thaláin,tigh,2,285,2,7.918507592228891,6.918507592228891,2,283,0,68668,285,68668,2,68951,21.968774870103367
léadáin,tigh,2,285,2,7.918507592228891,6.918507592228891,2,283,0,68668,285,68668,2,68951,21.968774870103367
liontán,tigh,2,285,2,7.918507592228891,6.918507592228891,2,283,0,68668,285,68668,2,68951,21.968774870103367
colma,tigh,2,285,2,7.918507592228891,6.918507592228891,2,283,0,68668,285,68668,2,68951,21.968774870103367
bhreac,choill,5,258,60,4.477135945136584,3.4771359451365838,5,253,55,68640,258,68695,60,68893,21.96360042712503
tairbh,loch,8,1826,35,3.1095716343518065,2.1095716343518065,8,1818,27,67100,1826,67127,35,68918,21.950135083316255
ard,seanbhaile,5,46,341,4.458063911087172,3.458063911087172,5,41,336,68571,46,68907,341,68612,21.9392732543551
harda,nua,2,112,3,8.681008278502235,7.681008278502235,2,110,1,68840,112,68841,3,68950,21.910705094245625
mbráthar,móin,5,279,56,4.463777562281566,3.4637775622815656,5,274,51,68623,279,68674,56,68897,21.896980807880002
salach,lochán,4,70,101,5.285831201584233,4.285831201584233,4,66,97,68786,70,68883,101,68852,21.89016575413784
caol,líonán,2,6,44,9.02893158192254,8.02893158192254,2,4,42,68905,6,68947,44,68909,21.88692834055989
tráisce,bun,2,291,2,7.888450358372711,6.888450358372711,2,289,0,68662,291,68662,2,68951,21.88514779233897
góistín,bun,2,291,2,7.888450358372711,6.888450358372711,2,289,0,68662,291,68662,2,68951,21.88514779233897
tábhairne,bun,2,291,2,7.888450358372711,6.888450358372711,2,289,0,68662,291,68662,2,68951,21.88514779233897
fréimhe,bun,2,291,2,7.888450358372711,6.888450358372711,2,289,0,68662,291,68662,2,68951,21.88514779233897
dúraí,bun,2,291,2,7.888450358372711,6.888450358372711,2,289,0,68662,291,68662,2,68951,21.88514779233897
crumhaí,bun,2,291,2,7.888450358372711,6.888450358372711,2,289,0,68662,291,68662,2,68951,21.88514779233897
bacáin,bun,2,291,2,7.888450358372711,6.888450358372711,2,289,0,68662,291,68662,2,68951,21.88514779233897
chuilinn,both,4,67,106,5.279316056260023,4.279316056260023,4,63,102,68784,67,68886,106,68847,21.857718453624507
chrú,ros,3,371,7,6.315657903323743,5.315657903323743,3,368,4,68578,371,68582,7,68946,21.85616360069724
ngarbh,carn,2,114,3,8.655473186395097,7.655473186395097,2,112,1,68838,114,68839,3,68950,21.839330832331065
chaistil,carn,2,114,3,8.655473186395097,7.655473186395097,2,112,1,68838,114,68839,3,68950,21.839330832331065
ró,faiche,2,32,8,9.073325701280995,8.073325701280995,2,30,6,68915,32,68921,8,68945,21.83726882627452
thiar,chabrach,4,8,1146,4.91093437252409,3.91093437252409,4,4,1142,67803,8,68945,1146,67807,21.83418814037241
liath,ios,2,2,295,7.8687545570317905,6.8687545570317905,2,0,293,68658,2,68951,295,68658,21.830352200669704
foraoise,páirc,3,599,5,6.1099479143260025,5.1099479143260025,3,596,2,68352,599,68354,5,68948,21.795042344034798
gcál,loch,3,1826,3,5.238854651296773,4.238854651296773,3,1823,0,67127,1826,67127,3,68950,21.792584967464638
cuiscrí,loch,3,1826,3,5.238854651296773,4.238854651296773,3,1823,0,67127,1826,67127,3,68950,21.792584967464638
cinnéile,loch,3,1826,3,5.238854651296773,4.238854651296773,3,1823,0,67127,1826,67127,3,68950,21.792584967464638
deirgeirt,loch,3,1826,3,5.238854651296773,4.238854651296773,3,1823,0,67127,1826,67127,3,68950,21.792584967464638
calgaí,loch,3,1826,3,5.238854651296773,4.238854651296773,3,1823,0,67127,1826,67127,3,68950,21.792584967464638
conaortha,loch,3,1826,3,5.238854651296773,4.238854651296773,3,1823,0,67127,1826,67127,3,68950,21.792584967464638
meilbhe,loch,3,1826,3,5.238854651296773,4.238854651296773,3,1823,0,67127,1826,67127,3,68950,21.792584967464638
cróine,ard,4,527,15,5.124775954035261,4.124775954035261,4,523,11,68415,527,68426,15,68938,21.792115704681308
scairtín,currach,2,298,2,7.8541571808188335,6.8541571808188335,2,296,0,68655,298,68655,2,68951,21.789742559784656
tobáin,currach,2,298,2,7.8541571808188335,6.8541571808188335,2,296,0,68655,298,68655,2,68951,21.789742559784656
lithe,currach,2,298,2,7.8541571808188335,6.8541571808188335,2,296,0,68655,298,68655,2,68951,21.789742559784656
lomáin,droim,6,1146,26,3.795457155104154,2.795457155104154,6,1140,20,67787,1146,67807,26,68927,21.773104922135744
muice,ceann,5,251,63,4.446430318717669,3.4464303187176686,5,246,58,68644,251,68702,63,68890,21.742766427217283
geanach,doire,3,876,4,5.883501142400978,4.883501142400978,3,873,1,68076,876,68077,4,68949,21.731844404731824
thuaidh,duga,3,4,876,5.883501142400978,4.883501142400978,3,1,873,68076,4,68949,876,68077,21.731844404731824
ceachar,doire,3,876,4,5.883501142400978,4.883501142400978,3,873,1,68076,876,68077,4,68949,21.731844404731824
donn,tard,2,29,9,9.04541970471111,8.04541970471111,2,27,7,68917,29,68924,9,68944,21.707468105171074
raithní,mhala,2,6,46,8.964801244502825,7.964801244502825,2,4,44,68903,6,68947,46,68907,21.705279697791322
seanbhoth,teampall,2,305,2,7.820660268830746,6.820660268830746,2,303,0,68648,305,68648,2,68951,21.696559965318748
néire,teampall,2,305,2,7.820660268830746,6.820660268830746,2,303,0,68648,305,68648,2,68951,21.696559965318748
gcorrachadh,teampall,2,305,2,7.820660268830746,6.820660268830746,2,303,0,68648,305,68648,2,68951,21.696559965318748
álainn,carraig,5,819,21,4.325216731748588,3.325216731748588,5,814,16,68118,819,68134,21,68932,21.688547838301538
bhán,páirc,12,599,253,2.448882434519055,1.4488824345190552,12,587,241,68113,599,68354,253,68700,21.68561053765317
tsratha,baile,12,8348,23,2.107511360785303,1.107511360785303,12,8336,11,60594,8348,60605,23,68930,21.68302819207655
saighead,móin,3,279,9,6.3642418887306516,5.3642418887306516,3,276,6,68668,279,68674,9,68944,21.68293371999936
bruíon,lios,5,1124,16,4.260827475947432,3.2608274759474316,5,1119,11,67818,1124,67829,16,68937,21.672471891723347
phaghain,baile,8,8348,11,2.5866791974838623,1.5866791974838623,8,8340,3,60602,8348,60605,11,68942,21.671841220493686
phaghanaigh,baile,8,8348,11,2.5866791974838623,1.5866791974838623,8,8340,3,60602,8348,60605,11,68942,21.671841220493686
chorraigh,baile,8,8348,11,2.5866791974838623,1.5866791974838623,8,8340,3,60602,8348,60605,11,68942,21.671841220493686
hae,baile,8,8348,11,2.5866791974838623,1.5866791974838623,8,8340,3,60602,8348,60605,11,68942,21.671841220493686
choitín,baile,8,8348,11,2.5866791974838623,1.5866791974838623,8,8340,3,60602,8348,60605,11,68942,21.671841220493686
riabhach,torr,2,2,307,7.811230855910815,6.811230855910815,2,0,305,68646,2,68951,307,68646,21.67033026914423
riabhach,chlúid,2,2,307,7.811230855910815,6.811230855910815,2,0,305,68646,2,68951,307,68646,21.67033026914423
riabhach,monadh,2,2,307,7.811230855910815,6.811230855910815,2,0,305,68646,2,68951,307,68646,21.67033026914423
ngamhan,cluain,5,1448,13,4.19496819094406,3.19496819094406,5,1443,8,67497,1448,67505,13,68940,21.66453590708487
eichiairn,cúl,3,886,4,5.867125313447133,4.867125313447133,3,883,1,68066,886,68067,4,68949,21.66391683245353
chuanaigh,garraí,2,308,2,7.806539160586093,6.806539160586093,2,306,0,68645,308,68645,2,68951,21.65727964029739
féasóg,garraí,2,308,2,7.806539160586093,6.806539160586093,2,306,0,68645,308,68645,2,68951,21.65727964029739
meann,garraí,2,308,2,7.806539160586093,6.806539160586093,2,306,0,68645,308,68645,2,68951,21.65727964029739
héicín,garraí,2,308,2,7.806539160586093,6.806539160586093,2,306,0,68645,308,68645,2,68951,21.65727964029739
bhláicín,garraí,2,308,2,7.806539160586093,6.806539160586093,2,306,0,68645,308,68645,2,68951,21.65727964029739
theas,tóraic,3,4,888,5.8638723356520455,4.8638723356520455,3,1,885,68064,4,68949,888,68065,21.65042391491977
eachtaí,sliabh,2,309,2,7.80186267337662,6.80186267337662,2,307,0,68644,309,68644,2,68951,21.644271452894582
speirín,sliabh,2,309,2,7.80186267337662,6.80186267337662,2,307,0,68644,309,68644,2,68951,21.644271452894582
eilbhe,sliabh,2,309,2,7.80186267337662,6.80186267337662,2,307,0,68644,309,68644,2,68951,21.644271452894582
phlochóige,sliabh,2,309,2,7.80186267337662,6.80186267337662,2,307,0,68644,309,68644,2,68951,21.644271452894582
mis,sliabh,2,309,2,7.80186267337662,6.80186267337662,2,307,0,68644,309,68644,2,68951,21.644271452894582
bladhma,sliabh,2,309,2,7.80186267337662,6.80186267337662,2,307,0,68644,309,68644,2,68951,21.644271452894582
meathánach,sliabh,2,309,2,7.80186267337662,6.80186267337662,2,307,0,68644,309,68644,2,68951,21.644271452894582
bruachair,sliabh,2,309,2,7.80186267337662,6.80186267337662,2,307,0,68644,309,68644,2,68951,21.644271452894582
toll,sliabh,2,309,2,7.80186267337662,6.80186267337662,2,307,0,68644,309,68644,2,68951,21.644271452894582
gamh,sliabh,2,309,2,7.80186267337662,6.80186267337662,2,307,0,68644,309,68644,2,68951,21.644271452894582
gcruinn,sliabh,2,309,2,7.80186267337662,6.80186267337662,2,307,0,68644,309,68644,2,68951,21.644271452894582
garbh,colbha,2,3,120,8.58147260495132,7.581472604951321,2,1,118,68832,3,68950,120,68833,21.632557331042282
garraí,cabhán,3,32,70,6.529005185057184,5.529005185057184,3,29,67,68854,32,68921,70,68883,21.630561979041456
mhuire,mainistir,5,143,111,4.440966593039862,3.440966593039862,5,138,106,68704,143,68810,111,68842,21.612728726815874
deirge,bó,2,34,8,8.985862860030656,7.985862860030656,2,32,6,68913,34,68919,8,68945,21.58745405601883
deirce,láithreach,2,22,12,9.02893158192254,8.02893158192254,2,20,10,68921,22,68931,12,68941,21.580420022282144
abhall,corr,4,503,16,5.098911111475467,4.098911111475467,4,499,12,68438,503,68450,16,68937,21.57599930797485
mhíl,ros,4,371,21,5.1457329018814315,4.1457329018814315,4,367,17,68565,371,68582,21,68932,21.574023445426427
cam,tiomaire,2,9,30,8.996510104230165,7.996510104230165,2,7,28,68916,9,68944,30,68923,21.567248284300064
gcnocán,pholl,2,30,9,8.996510104230165,7.996510104230165,2,28,7,68916,30,68923,9,68944,21.567248284300064
bhéal,abhainn,6,519,55,3.8573377601196106,2.8573377601196106,6,513,49,68385,519,68434,55,68898,21.56543765978256
héille,tigh,3,285,9,6.333545091507734,5.333545091507734,3,282,6,68662,285,68668,9,68944,21.555633879745994
íochtarach,nua,10,112,931,2.725261516551959,1.7252615165519591,10,102,921,67920,112,68841,931,68022,21.552798247885196
dtuath,caisleán,3,480,6,6.166435105672476,5.166435105672476,3,477,3,68470,480,68473,6,68947,21.546911714581654
mhaignéaraigh,caisleán,3,480,6,6.166435105672476,5.166435105672476,3,477,3,68470,480,68473,6,68947,21.546911714581654
molaise,leic,2,40,7,8.944042684336027,7.9440426843360274,2,38,5,68908,40,68913,7,68946,21.54059400629586
fhiontain,cill,6,2693,13,3.562849969359387,2.562849969359387,6,2687,7,66253,2693,66260,13,68940,21.537812409774524
maodhóg,cill,6,2693,13,3.562849969359387,2.562849969359387,6,2687,7,66253,2693,66260,13,68940,21.537812409774524
mór,loilíoch,4,5,2525,4.449329933867113,3.449329933867113,4,1,2521,66427,5,68948,2525,66428,21.534053546734263
mór,teamhair,4,5,2525,4.449329933867113,3.449329933867113,4,1,2521,66427,5,68948,2525,66428,21.534053546734263
mór,chuailleach,4,5,2525,4.449329933867113,3.449329933867113,4,1,2521,66427,5,68948,2525,66428,21.534053546734263
eachinse,cuan,2,123,3,8.545848695220599,7.545848695220599,2,121,1,68829,123,68830,3,68950,21.53305200765775
shligigh,cuan,2,123,3,8.545848695220599,7.545848695220599,2,121,1,68829,123,68830,3,68950,21.53305200765775
shléibhe,chró,2,27,10,8.996510104230165,7.996510104230165,2,25,8,68918,27,68926,10,68943,21.531018175368057
choisín,tulaigh,2,318,2,7.76044274599664,6.76044274599664,2,316,0,68635,318,68635,2,68951,21.529063095898376
sceithearnaí,tulaigh,2,318,2,7.76044274599664,6.76044274599664,2,316,0,68635,318,68635,2,68951,21.529063095898376
hinneora,tulaigh,2,318,2,7.76044274599664,6.76044274599664,2,316,0,68635,318,68635,2,68951,21.529063095898376
luacharnaí,tulaigh,2,318,2,7.76044274599664,6.76044274599664,2,316,0,68635,318,68635,2,68951,21.529063095898376
thónmhar,tulaigh,2,318,2,7.76044274599664,6.76044274599664,2,316,0,68635,318,68635,2,68951,21.529063095898376
malradh,tulaigh,2,318,2,7.76044274599664,6.76044274599664,2,316,0,68635,318,68635,2,68951,21.529063095898376
reacht,tulaigh,2,318,2,7.76044274599664,6.76044274599664,2,316,0,68635,318,68635,2,68951,21.529063095898376
bhanrach,tulaigh,2,318,2,7.76044274599664,6.76044274599664,2,316,0,68635,318,68635,2,68951,21.529063095898376
galla,tulaigh,2,318,2,7.76044274599664,6.76044274599664,2,316,0,68635,318,68635,2,68951,21.529063095898376
shinill,tulaigh,2,318,2,7.76044274599664,6.76044274599664,2,316,0,68635,318,68635,2,68951,21.529063095898376
uimh,inis,4,355,22,5.142218868251653,4.142218868251653,4,351,18,68580,355,68598,22,68931,21.519137668372196
éin,cnocán,3,332,8,6.283248770655225,5.283248770655225,3,329,5,68616,332,68621,8,68945,21.506152336862097
fionnáin,cluain,4,1448,7,4.766124892140185,3.7661248921401853,4,1444,3,67502,1448,67505,7,68946,21.483044335315704
mhuintir,coillín,2,35,8,8.944042684336027,7.9440426843360274,2,33,6,68912,35,68918,8,68945,21.468180829532063
heorna,corrán,3,62,37,6.494638525986326,5.494638525986326,3,59,34,68857,62,68891,37,68916,21.46619669712592
sailí,macha,2,15,18,8.996510104230165,7.996510104230165,2,13,16,68922,15,68938,18,68935,21.459919906811958
bealach,chruach,2,18,15,8.996510104230165,7.996510104230165,2,16,13,68922,18,68935,15,68938,21.459919906811958
choinn,gráinseach,3,72,32,6.488363200559839,5.488363200559839,3,69,29,68852,72,68881,32,68921,21.459545757631766
carraige,phort,3,21,112,6.458615857165787,5.458615857165787,3,18,109,68823,21,68932,112,68841,21.449120892414456
mhaoldomhnaigh,chnoc,2,49,6,8.87365335644463,7.873653356444629,2,47,4,68900,49,68904,6,68947,21.447434049101314
muaidhe,chnoc,2,49,6,8.87365335644463,7.873653356444629,2,47,4,68900,49,68904,6,68947,21.447434049101314
boilge,pointe,2,126,3,8.511083277059923,7.511083277059923,2,124,1,68826,126,68827,3,68950,21.435966286950087
tonn,bun,3,291,9,6.303487857651554,5.303487857651554,3,288,6,68656,291,68662,9,68944,21.43102230324249
choim,bun,3,291,9,6.303487857651554,5.303487857651554,3,288,6,68656,291,68662,9,68944,21.43102230324249
driseach,gort,3,923,4,5.808101364356377,4.808101364356377,3,920,1,68029,923,68030,4,68949,21.419122492768278
dromach,gort,3,923,4,5.808101364356377,4.808101364356377,3,920,1,68029,923,68030,4,68949,21.419122492768278
fhothart,coimín,2,127,3,8.499678513787673,7.499678513787673,2,125,1,68825,127,68826,3,68950,21.404121992555975
bheanntraí,coimín,2,127,3,8.499678513787673,7.499678513787673,2,125,1,68825,127,68826,3,68950,21.404121992555975
eilís,caisleán,4,480,17,5.078972264422137,4.078972264422137,4,476,13,68460,480,68473,17,68936,21.402267539755623
duibhéin,scoilt,2,62,5,8.797201296006758,7.797201296006758,2,60,3,68888,62,68891,5,68948,21.396454093818775
bhrúnaigh,scioból,2,5,62,8.797201296006758,7.797201296006758,2,3,60,68888,5,68948,62,68891,21.396454093818775
treasáin,srath,2,129,3,8.477135945136585,7.477135945136585,2,127,1,68823,129,68824,3,68950,21.34118538147581
bruithne,srath,2,129,3,8.477135945136585,7.477135945136585,2,127,1,68823,129,68824,3,68950,21.34118538147581
gabhláin,srath,2,129,3,8.477135945136585,7.477135945136585,2,127,1,68823,129,68824,3,68950,21.34118538147581
dháith,mac,6,980,31,3.767453952612705,2.767453952612705,6,974,25,67948,980,67973,31,68922,21.329026048976203
tóchair,chnoc,3,49,48,6.458615857165787,5.458615857165787,3,46,45,68859,49,68904,48,68905,21.29965501607321
cláir,bealach,3,166,15,6.3763581750467075,5.3763581750467075,3,163,12,68775,166,68787,15,68938,21.274307734183704
mac,ceathrú,21,452,981,1.7073548354253283,0.7073548354253283,21,431,960,67541,452,68501,981,67972,21.269820455757536
sceitheach,corr,3,503,6,6.098911111475468,5.098911111475468,3,500,3,68447,503,68450,6,68947,21.267242230462223
glas,cnocán,10,332,314,2.7255936159298053,1.7255936159298053,10,322,304,68317,332,68621,314,68639,21.26212258496977
maoilín,dún,4,667,13,4.991343031955317,3.991343031955317,4,663,9,68277,667,68286,13,68940,21.256574219244932
dhóite,cheathrú,3,300,9,6.259544510063958,5.259544510063958,3,297,6,68647,300,68653,9,68944,21.248905988085387
bhachlaigh,cathair,2,341,2,7.6596977722568225,6.6596977722568225,2,339,0,68612,341,68612,2,68951,21.248886853749664
fínic,cathair,2,341,2,7.6596977722568225,6.6596977722568225,2,339,0,68612,341,68612,2,68951,21.248886853749664
phéac,cathair,2,341,2,7.6596977722568225,6.6596977722568225,2,339,0,68612,341,68612,2,68951,21.248886853749664
mionáin,cathair,2,341,2,7.6596977722568225,6.6596977722568225,2,339,0,68612,341,68612,2,68951,21.248886853749664
leathmhaol,cathair,2,341,2,7.6596977722568225,6.6596977722568225,2,339,0,68612,341,68612,2,68951,21.248886853749664
laga,cathair,2,341,2,7.6596977722568225,6.6596977722568225,2,339,0,68612,341,68612,2,68951,21.248886853749664
langaigh,cathair,2,341,2,7.6596977722568225,6.6596977722568225,2,339,0,68612,341,68612,2,68951,21.248886853749664
fialáin,cathair,2,341,2,7.6596977722568225,6.6596977722568225,2,339,0,68612,341,68612,2,68951,21.248886853749664
dháibhín,cathair,2,341,2,7.6596977722568225,6.6596977722568225,2,339,0,68612,341,68612,2,68951,21.248886853749664
uachtarach,nua,10,112,948,2.699155625212494,1.699155625212494,10,102,938,67903,112,68841,948,68005,21.239981966027685
muáin,díseart,2,37,8,8.863872335652045,7.8638723356520455,2,35,6,68910,37,68916,8,68945,21.239833105747458
carthainn,drom,2,342,2,7.655473186395096,6.655473186395096,2,340,0,68611,342,68611,2,68951,21.23713938128178
clúmhach,drom,2,342,2,7.655473186395096,6.655473186395096,2,340,0,68611,342,68611,2,68951,21.23713938128178
inide,drom,2,342,2,7.655473186395096,6.655473186395096,2,340,0,68611,342,68611,2,68951,21.23713938128178
dúdhoire,drom,2,342,2,7.655473186395096,6.655473186395096,2,340,0,68611,342,68611,2,68951,21.23713938128178
buachalla,drom,2,342,2,7.655473186395096,6.655473186395096,2,340,0,68611,342,68611,2,68951,21.23713938128178
duthaigh,drom,2,342,2,7.655473186395096,6.655473186395096,2,340,0,68611,342,68611,2,68951,21.23713938128178
sáile,gaoth,2,19,15,8.918507592228892,7.918507592228892,2,17,13,68921,19,68934,15,68938,21.23141377419842
rodáin,roinn,2,19,15,8.918507592228892,7.918507592228892,2,17,13,68921,19,68934,15,68938,21.23141377419842
bhán,bhinn,5,66,253,4.367866102115594,3.3678661021155936,5,61,248,68639,66,68887,253,68700,21.20339225248039
bhogáin,uí,5,2137,10,4.011954508621184,3.0119545086211836,5,2132,5,66811,2137,66816,10,68943,21.2027347742685
bhricín,uí,5,2137,10,4.011954508621184,3.0119545086211836,5,2132,5,66811,2137,66816,10,68943,21.2027347742685
murchú,tí,2,134,3,8.422274010102067,7.4222740101020666,2,132,1,68818,134,68819,3,68950,21.188052226759115
beag,toileán,18,220,1558,1.8564114711369781,0.8564114711369781,18,202,1540,67193,220,68733,1558,67395,21.18348113187172
liath,cheapach,5,57,295,4.357792637754412,3.357792637754412,5,52,290,68606,57,68896,295,68658,21.181317119382346
rua,goirtín,9,120,694,2.8975682545365276,1.8975682545365276,9,111,685,68148,120,68833,694,68259,21.1790574897446
bhán,ráth,16,1086,253,2.005523738782323,1.005523738782323,16,1070,237,67630,1086,67867,253,68700,21.17873245740579
eamhna,dún,3,667,5,5.954817155930203,4.954817155930203,3,664,2,68284,667,68286,5,68948,21.152316320948
lóich,dún,3,667,5,5.954817155930203,4.954817155930203,3,664,2,68284,667,68286,5,68948,21.152316320948
carna,teampall,3,305,9,6.235697768109589,5.235697768109589,3,302,6,68642,305,68648,9,68944,21.150109127279215
darach,gréach,3,28,87,6.407989784095819,5.407989784095819,3,25,84,68841,28,68925,87,68866,21.149135691980284
mhaoláin,uí,8,2137,32,3.0119545086211836,2.0119545086211836,8,2129,24,66792,2137,66816,32,68921,21.129821561177437
dóite,choill,4,258,31,5.107902135470866,4.107902135470866,4,254,27,68668,258,68695,31,68922,21.12554795767499
lamaigh,baile,5,8348,5,3.046110816121159,2.046110816121159,5,8343,0,60605,8348,60605,5,68948,21.116663991454335
dháithín,baile,5,8348,5,3.046110816121159,2.046110816121159,5,8343,0,60605,8348,60605,5,68948,21.116663991454335
shimicín,baile,5,8348,5,3.046110816121159,2.046110816121159,5,8343,0,60605,8348,60605,5,68948,21.116663991454335
shacsa,baile,5,8348,5,3.046110816121159,2.046110816121159,5,8343,0,60605,8348,60605,5,68948,21.116663991454335
tallúnaigh,baile,5,8348,5,3.046110816121159,2.046110816121159,5,8343,0,60605,8348,60605,5,68948,21.116663991454335
hiobaird,baile,5,8348,5,3.046110816121159,2.046110816121159,5,8343,0,60605,8348,60605,5,68948,21.116663991454335
londraigh,baile,5,8348,5,3.046110816121159,2.046110816121159,5,8343,0,60605,8348,60605,5,68948,21.116663991454335
ghilibeart,baile,5,8348,5,3.046110816121159,2.046110816121159,5,8343,0,60605,8348,60605,5,68948,21.116663991454335
chúisín,baile,5,8348,5,3.046110816121159,2.046110816121159,5,8343,0,60605,8348,60605,5,68948,21.116663991454335
róba,baile,5,8348,5,3.046110816121159,2.046110816121159,5,8343,0,60605,8348,60605,5,68948,21.116663991454335
phrútaigh,baile,5,8348,5,3.046110816121159,2.046110816121159,5,8343,0,60605,8348,60605,5,68948,21.116663991454335
nuan,thulaigh,2,11,27,8.85900658048023,7.85900658048023,2,9,25,68917,11,68942,27,68926,21.10872713242565
bhiolair,easca,2,21,14,8.87365335644463,7.873653356444629,2,19,12,68920,21,68932,14,68939,21.106760348194314
caoil,inis,3,355,8,6.186612987610107,5.186612987610107,3,352,5,68593,355,68598,8,68945,21.105841214919412
oirthir,inis,3,355,8,6.186612987610107,5.186612987610107,3,352,5,68593,355,68598,8,68945,21.105841214919412
lainne,machaire,2,137,3,8.390331117599311,7.390331117599311,2,135,1,68815,137,68816,3,68950,21.098914740012923
dhúgáin,cathair,4,341,24,5.074735271535666,4.074735271535666,4,337,20,68592,341,68612,24,68929,21.09033328746194
samhaoir,inis,2,355,2,7.601650486888951,6.601650486888951,2,353,0,68598,355,68598,2,68951,21.0874812245254
srathair,inis,2,355,2,7.601650486888951,6.601650486888951,2,353,0,68598,355,68598,2,68951,21.0874812245254
potaire,inis,2,355,2,7.601650486888951,6.601650486888951,2,353,0,68598,355,68598,2,68951,21.0874812245254
tuaisceart,inis,2,355,2,7.601650486888951,6.601650486888951,2,353,0,68598,355,68598,2,68951,21.0874812245254
píc,inis,2,355,2,7.601650486888951,6.601650486888951,2,353,0,68598,355,68598,2,68951,21.0874812245254
céime,inis,2,355,2,7.601650486888951,6.601650486888951,2,353,0,68598,355,68598,2,68951,21.0874812245254
múscraí,inis,2,355,2,7.601650486888951,6.601650486888951,2,353,0,68598,355,68598,2,68951,21.0874812245254
bigil,inis,2,355,2,7.601650486888951,6.601650486888951,2,353,0,68598,355,68598,2,68951,21.0874812245254
oírr,inis,2,355,2,7.601650486888951,6.601650486888951,2,353,0,68598,355,68598,2,68951,21.0874812245254
téigil,inis,2,355,2,7.601650486888951,6.601650486888951,2,353,0,68598,355,68598,2,68951,21.0874812245254
mhaol,chloch,3,95,26,6.387992875530111,5.387992875530111,3,92,23,68835,95,68858,26,68927,21.08425733504392
ardach,sliabh,3,309,9,6.216900172655465,5.216900172655465,3,306,6,68638,309,68644,9,68944,21.07224690556086
thomáisín,mac,3,980,4,5.721650262999581,4.721650262999581,3,977,1,67972,980,67973,4,68949,21.06069058073531
ádhaimh,mac,3,980,4,5.721650262999581,4.721650262999581,3,977,1,67972,980,67973,4,68949,21.06069058073531
oireachtaigh,mac,3,980,4,5.721650262999581,4.721650262999581,3,977,1,67972,980,67973,4,68949,21.06069058073531
chócaigh,baile,9,8348,14,2.408680895505868,1.408680895505868,9,8339,5,60600,8348,60605,14,68939,21.053825890279555
reanna,pointe,3,126,20,6.359080183614872,5.359080183614872,3,123,17,68810,126,68827,20,68933,21.053613486559694
dtuath,chora,2,54,6,8.73347569839637,7.73347569839637,2,52,4,68895,54,68899,6,68947,21.051598962440487
inse,loch,8,1826,37,3.0294012856678227,2.0294012856678227,8,1818,29,67098,1826,67127,37,68916,21.051476191901557
roda,easa,2,25,12,8.844507010785115,7.844507010785115,2,23,10,68918,25,68928,12,68941,21.046810234936032
thuaidh,bhán,5,21,876,4.228149313788423,3.228149313788423,5,16,871,68061,21,68932,876,68077,21.040518819930035
bodhar,gleann,4,755,12,4.9280303663473966,3.9280303663473966,4,751,8,68190,755,68198,12,68941,21.035598648391083
haille,loch,7,1826,27,3.2913220711909084,2.2913220711909084,7,1819,20,67107,1826,67127,27,68926,21.030810133237175
tura,cill,4,2693,5,4.35639909189196,3.3563990918919604,4,2689,1,66259,2693,66260,5,68948,21.023404381800983
easra,cill,4,2693,5,4.35639909189196,3.3563990918919604,4,2689,1,66259,2693,66260,5,68948,21.023404381800983
dhéagláin,cill,4,2693,5,4.35639909189196,3.3563990918919604,4,2689,1,66259,2693,66260,5,68948,21.023404381800983
ríonaí,cill,4,2693,5,4.35639909189196,3.3563990918919604,4,2689,1,66259,2693,66260,5,68948,21.023404381800983
tsinill,cill,4,2693,5,4.35639909189196,3.3563990918919604,4,2689,1,66259,2693,66260,5,68948,21.023404381800983
bharráin,cill,4,2693,5,4.35639909189196,3.3563990918919604,4,2689,1,66259,2693,66260,5,68948,21.023404381800983
scolaí,cill,4,2693,5,4.35639909189196,3.3563990918919604,4,2689,1,66259,2693,66260,5,68948,21.023404381800983
mológ,cill,4,2693,5,4.35639909189196,3.3563990918919604,4,2689,1,66259,2693,66260,5,68948,21.023404381800983
mheasáin,cill,4,2693,5,4.35639909189196,3.3563990918919604,4,2689,1,66259,2693,66260,5,68948,21.023404381800983
uird,cill,4,2693,5,4.35639909189196,3.3563990918919604,4,2689,1,66259,2693,66260,5,68948,21.023404381800983
scoir,gráig,2,68,5,8.663934765143292,7.663934765143292,2,66,3,68882,68,68885,5,68948,21.0216710150624
bhearna,dúin,2,20,15,8.844507010785115,7.844507010785115,2,18,13,68920,20,68933,15,68938,21.015310837383463
eilís,baile,10,8348,17,2.2805760697581823,1.2805760697581823,10,8338,7,60598,8348,60605,17,68936,21.00852138153767
fraoigh,oileán,6,786,39,3.754500480881296,2.754500480881296,6,780,33,68134,786,68167,39,68914,20.99998078499951
ghamhnach,maigh,2,363,2,7.569499963285244,6.569499963285244,2,361,0,68590,363,68590,2,68951,20.99809179722156
méid,maigh,2,363,2,7.569499963285244,6.569499963285244,2,361,0,68590,363,68590,2,68951,20.99809179722156
sheasta,maigh,2,363,2,7.569499963285244,6.569499963285244,2,361,0,68590,363,68590,2,68951,20.99809179722156
lón,maigh,2,363,2,7.569499963285244,6.569499963285244,2,361,0,68590,363,68590,2,68951,20.99809179722156
gcabraí,maigh,2,363,2,7.569499963285244,6.569499963285244,2,361,0,68590,363,68590,2,68951,20.99809179722156
drithne,maigh,2,363,2,7.569499963285244,6.569499963285244,2,361,0,68590,363,68590,2,68951,20.99809179722156
mhaon,maigh,2,363,2,7.569499963285244,6.569499963285244,2,361,0,68590,363,68590,2,68951,20.99809179722156
niadh,maigh,2,363,2,7.569499963285244,6.569499963285244,2,361,0,68590,363,68590,2,68951,20.99809179722156
gcláir,maigh,2,363,2,7.569499963285244,6.569499963285244,2,361,0,68590,363,68590,2,68951,20.99809179722156
dearmhaí,maigh,2,363,2,7.569499963285244,6.569499963285244,2,361,0,68590,363,68590,2,68951,20.99809179722156
fionnráithe,maigh,2,363,2,7.569499963285244,6.569499963285244,2,361,0,68590,363,68590,2,68951,20.99809179722156
teichigh,maigh,2,363,2,7.569499963285244,6.569499963285244,2,361,0,68590,363,68590,2,68951,20.99809179722156
mhide,maigh,2,363,2,7.569499963285244,6.569499963285244,2,361,0,68590,363,68590,2,68951,20.99809179722156
bhuí,sheáin,4,36,224,5.096045777781078,4.096045777781078,4,32,220,68697,36,68917,224,68729,20.99657230139001
buí,caoille,2,2,364,7.565531061082299,6.565531061082299,2,0,362,68589,2,68951,364,68589,20.98705727947427
deamhain,faill,2,92,4,8.549763745223983,7.5497637452239825,2,90,2,68859,92,68861,4,68949,20.98135318042226
mhairnéalaigh,faill,2,92,4,8.549763745223983,7.5497637452239825,2,90,2,68859,92,68861,4,68949,20.98135318042226
coilleadh,barr,4,246,33,5.0864170765833014,4.0864170765833014,4,242,29,68678,246,68707,33,68920,20.979940660059984
leasáin,halla,2,69,5,8.642873149615463,7.642873149615463,2,67,3,68881,69,68884,5,68948,20.962493439707416
baile,caisleán,14,480,445,2.17612850187632,1.17612850187632,14,466,431,68042,480,68473,445,68508,20.954199452386376
leathair,clais,2,93,4,8.534166890172964,7.534166890172964,2,91,2,68858,93,68860,4,68949,20.937693246841707
ghairbh,oileáin,2,35,9,8.774117682893717,7.774117682893717,2,33,7,68911,35,68918,9,68944,20.93178908132015
bháin,bhinn,3,66,38,6.365966569200112,5.365966569200112,3,63,35,68852,66,68887,38,68915,20.920996184103473
dhún,cuan,4,123,65,5.1084433829133005,4.1084433829133005,4,119,61,68769,123,68830,65,68888,20.920708963963442
mhulláin,glaise,2,40,8,8.751397606393631,7.751397606393631,2,38,6,68907,40,68913,8,68945,20.920108556424513
gibilín,ros,2,371,2,7.538050324660192,6.538050324660192,2,369,0,68582,371,68582,2,68951,20.9106564043555
neamhlach,ros,2,371,2,7.538050324660192,6.538050324660192,2,369,0,68582,371,68582,2,68951,20.9106564043555
mada,ros,2,371,2,7.538050324660192,6.538050324660192,2,369,0,68582,371,68582,2,68951,20.9106564043555
conais,ros,2,371,2,7.538050324660192,6.538050324660192,2,369,0,68582,371,68582,2,68951,20.9106564043555
riobaill,ros,2,371,2,7.538050324660192,6.538050324660192,2,369,0,68582,371,68582,2,68951,20.9106564043555
breannaigh,ros,2,371,2,7.538050324660192,6.538050324660192,2,369,0,68582,371,68582,2,68951,20.9106564043555
néanna,ros,2,371,2,7.538050324660192,6.538050324660192,2,369,0,68582,371,68582,2,68951,20.9106564043555
theas,bhán,5,21,888,4.20852050703949,3.2085205070394904,5,16,883,68049,21,68932,888,68065,20.909717007799124
aird,uachtar,3,32,79,6.354507453825049,5.354507453825049,3,29,76,68845,32,68921,79,68874,20.897372059388598
phort,cuan,3,123,21,6.32345627388415,5.32345627388415,3,120,18,68812,123,68830,21,68932,20.885450180507334
dhaimh,muine,2,145,3,8.308454110544904,7.308454110544904,2,143,1,68807,145,68808,3,68950,20.87050971020729
leathan,currach,6,298,100,3.795263491765265,2.795263491765265,6,292,94,68561,298,68655,100,68853,20.855082804719125
chairín,uí,3,2137,3,5.011954508621184,4.011954508621184,3,2134,0,66816,2137,66816,3,68950,20.84821577849766
fhionnagáin,uí,3,2137,3,5.011954508621184,4.011954508621184,3,2134,0,66816,2137,66816,3,68950,20.84821577849766
mhuirithe,uí,3,2137,3,5.011954508621184,4.011954508621184,3,2134,0,66816,2137,66816,3,68950,20.84821577849766
ghamhnáin,uí,3,2137,3,5.011954508621184,4.011954508621184,3,2134,0,66816,2137,66816,3,68950,20.84821577849766
ríordáin,uí,3,2137,3,5.011954508621184,4.011954508621184,3,2134,0,66816,2137,66816,3,68950,20.84821577849766
mhaolmhuaidh,uí,3,2137,3,5.011954508621184,4.011954508621184,3,2134,0,66816,2137,66816,3,68950,20.84821577849766
bheannacháin,uí,3,2137,3,5.011954508621184,4.011954508621184,3,2134,0,66816,2137,66816,3,68950,20.84821577849766
shúilleabháin,uí,3,2137,3,5.011954508621184,4.011954508621184,3,2134,0,66816,2137,66816,3,68950,20.84821577849766
threasaigh,uí,3,2137,3,5.011954508621184,4.011954508621184,3,2134,0,66816,2137,66816,3,68950,20.84821577849766
bhróithe,uí,3,2137,3,5.011954508621184,4.011954508621184,3,2134,0,66816,2137,66816,3,68950,20.84821577849766
mheára,uí,3,2137,3,5.011954508621184,4.011954508621184,3,2134,0,66816,2137,66816,3,68950,20.84821577849766
dhoinnléibhe,uí,3,2137,3,5.011954508621184,4.011954508621184,3,2134,0,66816,2137,66816,3,68950,20.84821577849766
chuirrín,uí,3,2137,3,5.011954508621184,4.011954508621184,3,2134,0,66816,2137,66816,3,68950,20.84821577849766
ghamhdáin,uí,3,2137,3,5.011954508621184,4.011954508621184,3,2134,0,66816,2137,66816,3,68950,20.84821577849766
chonairí,uí,3,2137,3,5.011954508621184,4.011954508621184,3,2134,0,66816,2137,66816,3,68950,20.84821577849766
dhonnasa,uí,3,2137,3,5.011954508621184,4.011954508621184,3,2134,0,66816,2137,66816,3,68950,20.84821577849766
mhearáin,uí,3,2137,3,5.011954508621184,4.011954508621184,3,2134,0,66816,2137,66816,3,68950,20.84821577849766
fhuaruisce,uí,3,2137,3,5.011954508621184,4.011954508621184,3,2134,0,66816,2137,66816,3,68950,20.84821577849766
dhorchaí,uí,3,2137,3,5.011954508621184,4.011954508621184,3,2134,0,66816,2137,66816,3,68950,20.84821577849766
réigín,uí,3,2137,3,5.011954508621184,4.011954508621184,3,2134,0,66816,2137,66816,3,68950,20.84821577849766
mhaolacháin,uí,3,2137,3,5.011954508621184,4.011954508621184,3,2134,0,66816,2137,66816,3,68950,20.84821577849766
choigligh,uí,3,2137,3,5.011954508621184,4.011954508621184,3,2134,0,66816,2137,66816,3,68950,20.84821577849766
mhacasa,uí,3,2137,3,5.011954508621184,4.011954508621184,3,2134,0,66816,2137,66816,3,68950,20.84821577849766
ghréacháin,uí,3,2137,3,5.011954508621184,4.011954508621184,3,2134,0,66816,2137,66816,3,68950,20.84821577849766
cheithearnaigh,uí,3,2137,3,5.011954508621184,4.011954508621184,3,2134,0,66816,2137,66816,3,68950,20.84821577849766
fhiannachta,uí,3,2137,3,5.011954508621184,4.011954508621184,3,2134,0,66816,2137,66816,3,68950,20.84821577849766
dhúthaigh,uí,3,2137,3,5.011954508621184,4.011954508621184,3,2134,0,66816,2137,66816,3,68950,20.84821577849766
annaidh,uí,3,2137,3,5.011954508621184,4.011954508621184,3,2134,0,66816,2137,66816,3,68950,20.84821577849766
áilíonáin,uí,3,2137,3,5.011954508621184,4.011954508621184,3,2134,0,66816,2137,66816,3,68950,20.84821577849766
raithile,uí,3,2137,3,5.011954508621184,4.011954508621184,3,2134,0,66816,2137,66816,3,68950,20.84821577849766
áráin,uí,3,2137,3,5.011954508621184,4.011954508621184,3,2134,0,66816,2137,66816,3,68950,20.84821577849766
choinéil,uí,3,2137,3,5.011954508621184,4.011954508621184,3,2134,0,66816,2137,66816,3,68950,20.84821577849766
fheacháin,uí,3,2137,3,5.011954508621184,4.011954508621184,3,2134,0,66816,2137,66816,3,68950,20.84821577849766
capaill,locha,2,57,6,8.655473186395097,7.655473186395097,2,55,4,68892,57,68896,6,68947,20.831683455029573
hinse,slaba,2,6,57,8.655473186395097,7.655473186395097,2,4,55,68892,6,68947,57,68896,20.831683455029573
óir,cloich,2,10,32,8.751397606393631,7.751397606393631,2,8,30,68913,10,68943,32,68921,20.828323591255923
fhád,áth,2,381,2,7.499678513787673,6.499678513787673,2,379,0,68572,381,68572,2,68951,20.80398316309654
géibhe,áth,2,381,2,7.499678513787673,6.499678513787673,2,379,0,68572,381,68572,2,68951,20.80398316309654
phortáin,áth,2,381,2,7.499678513787673,6.499678513787673,2,379,0,68572,381,68572,2,68951,20.80398316309654
ndéise,áth,2,381,2,7.499678513787673,6.499678513787673,2,379,0,68572,381,68572,2,68951,20.80398316309654
broiscí,áth,2,381,2,7.499678513787673,6.499678513787673,2,379,0,68572,381,68572,2,68951,20.80398316309654
muilte,áth,2,381,2,7.499678513787673,6.499678513787673,2,379,0,68572,381,68572,2,68951,20.80398316309654
stúin,áth,2,381,2,7.499678513787673,6.499678513787673,2,379,0,68572,381,68572,2,68951,20.80398316309654
scortha,áth,2,381,2,7.499678513787673,6.499678513787673,2,379,0,68572,381,68572,2,68951,20.80398316309654
baoithín,tigh,3,285,10,6.181541998062684,5.181541998062684,3,282,7,68661,285,68668,10,68943,20.80380025597828
cill,aird,2,48,7,8.681008278502235,7.681008278502235,2,46,5,68900,48,68905,7,68946,20.795274619559795
cárthaigh,mac,4,980,10,4.814759667391062,3.814759667391062,4,976,6,67967,980,67973,10,68943,20.755991863298316
muilinn,lios,4,1124,9,4.768974379617756,3.768974379617756,4,1120,5,67824,1124,67829,9,68944,20.744740934032755
chon,cathair,4,341,25,5.015841582482097,4.015841582482097,4,337,21,68591,341,68612,25,68928,20.7435795731865
dathadóra,fearann,2,388,2,7.473412859093867,6.473412859093867,2,386,0,68565,388,68565,2,68951,20.730969236352774
stíbhin,fearann,2,388,2,7.473412859093867,6.473412859093867,2,386,0,68565,388,68565,2,68951,20.730969236352774
mhainéir,fearann,2,388,2,7.473412859093867,6.473412859093867,2,386,0,68565,388,68565,2,68951,20.730969236352774
aoil,lag,2,23,14,8.742408823166379,7.742408823166379,2,21,12,68918,23,68930,14,68939,20.72592638504902
buaile,cúirt,3,47,55,6.322339636799855,5.322339636799855,3,44,52,68854,47,68906,55,68898,20.722548311707957
roibín,baile,16,8348,39,1.7607085972589112,0.7607085972589112,16,8332,23,60582,8348,60605,39,68914,20.716212239355833
íochtarach,glas,7,51,931,3.3456179238083092,2.3456179238083092,7,44,924,67978,51,68902,931,68022,20.713877707623656
móire,aird,3,48,54,6.318438199117526,5.318438199117526,3,45,51,68854,48,68905,54,68899,20.70550645897995
gcat,carraig,5,819,23,4.193972198470336,3.1939721984703358,5,814,18,68116,819,68134,23,68930,20.703817220001245
éignigh,díseart,2,37,9,8.693947334209733,7.693947334209733,2,35,7,68909,37,68916,9,68944,20.703499403829817
thoir,bhuí,6,29,1115,3.6774792120669115,2.6774792120669115,6,23,1109,67815,29,68924,1115,67838,20.703403180462335
mór,seanbhaile,10,46,2525,2.569624167584825,1.5696241675848248,10,36,2515,66392,46,68907,2525,66428,20.68827830899761
eille,leac,2,99,4,8.443969081201386,7.443969081201386,2,97,2,68852,99,68854,4,68949,20.685316843815425
sráid,áth,3,381,8,6.084641014508829,5.084641014508829,3,378,5,68567,381,68572,8,68945,20.683803217885355
corróige,cuas,2,152,3,8.240435687116253,7.240435687116253,2,150,1,68800,152,68801,3,68950,20.680844125976282
mballán,tor,2,74,5,8.541944240764682,7.541944240764682,2,72,3,68876,74,68879,5,68948,20.67910295991628
ceann,cathair,6,341,89,3.768926842011581,2.768926842011581,6,335,83,68529,341,68612,89,68864,20.677645759526605
ruama,poll,2,394,2,7.451273881824619,6.451273881824619,2,392,0,68559,394,68559,2,68951,20.66942942611439
ruanacháin,poll,2,394,2,7.451273881824619,6.451273881824619,2,392,0,68559,394,68559,2,68951,20.66942942611439
tsrutháin,bun,5,291,61,4.279641115697187,3.2796411156971867,5,286,56,68606,291,68662,61,68892,20.63751048795009
loinge,cnoc,8,2293,31,2.956108751313326,1.9561087513133262,8,2285,23,66637,2293,66660,31,68922,20.631280655707485
charraig,bá,3,80,33,6.291965987756336,5.291965987756336,3,77,30,68843,80,68873,33,68920,20.629799934842598
leic,mhín,2,50,7,8.622114589448666,7.622114589448666,2,48,5,68898,50,68903,7,68946,20.62884996351573
snáthaide,mhín,2,50,7,8.622114589448666,7.622114589448666,2,48,5,68898,50,68903,7,68946,20.62884996351573
ghuí,bóthar,2,155,3,8.2122387952856,7.2122387952856,2,153,1,68797,155,68798,3,68950,20.60223914607142
coille,páirc,11,599,223,2.5054452272092016,1.5054452272092016,11,588,212,68142,599,68354,223,68730,20.596762532852612
cholm,gleann,5,755,25,4.191064772181191,3.191064772181191,5,750,20,68178,755,68198,25,68928,20.59488674757187
ráithín,crosaire,2,12,28,8.681008278502235,7.681008278502235,2,10,26,68915,12,68941,28,68925,20.576305508574947
bharúin,baile,7,8348,9,2.683540736736451,1.6835407367364512,7,8341,2,60603,8348,60605,9,68944,20.545885559989337
críon,currach,3,298,10,6.117191586652627,5.117191586652627,3,295,7,68648,298,68655,10,68943,20.53743810331379
chnoic,tóin,5,148,120,4.2789098349308885,3.2789098349308885,5,143,115,68690,148,68805,120,68833,20.518843571374823
rua,leaca,8,95,694,3.064678240371786,2.064678240371786,8,87,686,68172,95,68858,694,68259,20.514518055116806
mac,inis,18,355,981,1.8334661621120238,0.8334661621120238,18,337,963,67635,355,68598,981,67972,20.512516435439956
loig,baile,12,8348,24,2.0461108161211596,1.0461108161211596,12,8336,12,60593,8348,60605,24,68929,20.511035094546145
cathail,mac,5,980,20,4.136687762278425,3.1366877622784246,5,975,15,67958,980,67973,20,68933,20.495371253918144
chubhair,scoilt,2,62,6,8.534166890172964,7.534166890172964,2,60,4,68887,62,68891,6,68947,20.49014195681895
talamh,poll,3,394,8,6.036236382545775,5.036236382545775,3,391,5,68554,394,68559,8,68945,20.483606624208562
droim,lios,12,1124,145,2.34395279176629,1.3439527917662901,12,1112,133,67696,1124,67829,145,68808,20.470779042034025
chnoc,loch,9,1826,50,2.7649234629643606,1.7649234629643606,9,1817,41,67086,1826,67127,50,68903,20.457996201331923
teas,ráth,3,1086,4,5.573479814197789,4.573479814197789,3,1083,1,67866,1086,67867,4,68949,20.44669022604299
cianáin,ráth,3,1086,4,5.573479814197789,4.573479814197789,3,1083,1,67866,1086,67867,4,68949,20.44669022604299
chluainte,ráth,3,1086,4,5.573479814197789,4.573479814197789,3,1083,1,67866,1086,67867,4,68949,20.44669022604299
íochtarach,ghráinseach,8,72,931,3.0407633422798885,2.0407633422798885,8,64,923,67958,72,68881,931,68022,20.440907098283258
hiora,cnoc,3,2293,3,4.9103050617002015,3.9103050617002015,3,2290,0,66660,2293,66660,3,68950,20.42518083160165
fhornochta,cnoc,3,2293,3,4.9103050617002015,3.9103050617002015,3,2290,0,66660,2293,66660,3,68950,20.42518083160165
nos,cnoc,3,2293,3,4.9103050617002015,3.9103050617002015,3,2290,0,66660,2293,66660,3,68950,20.42518083160165
uarchoille,cnoc,3,2293,3,4.9103050617002015,3.9103050617002015,3,2290,0,66660,2293,66660,3,68950,20.42518083160165
srúibhe,cnoc,3,2293,3,4.9103050617002015,3.9103050617002015,3,2290,0,66660,2293,66660,3,68950,20.42518083160165
heasca,barr,3,246,12,6.130811195941756,5.130811195941756,3,243,9,68698,246,68707,12,68941,20.41920761845238
thuathail,carraig,4,819,12,4.81064355891883,3.81064355891883,4,815,8,68126,819,68134,12,68941,20.398029330448125
eanaigh,droim,10,1146,98,2.6181526232962438,1.6181526232962438,10,1136,88,67719,1146,67807,98,68855,20.364430304498576
chaorach,mín,3,180,16,6.166435105672476,5.166435105672476,3,177,13,68760,180,68773,16,68937,20.363844893652477
muileann,achadh,3,477,7,5.953087823939035,4.953087823939035,3,474,4,68472,477,68476,7,68946,20.355234909435723
fhothair,bealach,2,166,3,8.113323769212915,7.113323769212915,2,164,1,68786,166,68787,3,68950,20.32658384153701
féich,bealach,2,166,3,8.113323769212915,7.113323769212915,2,164,1,68786,166,68787,3,68950,20.32658384153701
táilliúraigh,caisleán,3,480,7,5.944042684336029,4.944042684336029,3,477,4,68469,480,68473,7,68946,20.31784931727883
aird,cionn,4,109,79,5.001360628326966,4.001360628326966,4,105,75,68769,109,68844,79,68874,20.31658586438911
uí,inse,19,185,2121,1.7393428486777132,0.7393428486777132,19,166,2102,66666,185,68768,2121,66832,20.294680675525264
silíní,gort,4,923,11,4.7637072449979225,3.7637072449979225,4,919,7,68023,923,68030,11,68942,20.29280409367978
bhairr,cartrún,2,30,12,8.58147260495132,7.581472604951321,2,28,10,68913,30,68923,12,68941,20.29092816280434
riada,uí,4,2137,6,4.426992007900028,3.4269920079000276,4,2133,2,66814,2137,66816,6,68947,20.28696679935811
charráin,uí,4,2137,6,4.426992007900028,3.4269920079000276,4,2133,2,66814,2137,66816,6,68947,20.28696679935811
chaoilte,uí,4,2137,6,4.426992007900028,3.4269920079000276,4,2133,2,66814,2137,66816,6,68947,20.28696679935811
ghairbhíth,uí,4,2137,6,4.426992007900028,3.4269920079000276,4,2133,2,66814,2137,66816,6,68947,20.28696679935811
nualláin,uí,4,2137,6,4.426992007900028,3.4269920079000276,4,2133,2,66814,2137,66816,6,68947,20.28696679935811
gcreabhar,gleann,4,755,13,4.812553148927461,3.812553148927461,4,751,9,68189,755,68198,13,68940,20.285559113890947
trost,átha,2,437,2,7.301836231780397,6.301836231780397,2,435,0,68516,437,68516,2,68951,20.254098090773486
himrí,átha,2,437,2,7.301836231780397,6.301836231780397,2,435,0,68516,437,68516,2,68951,20.254098090773486
muille,átha,2,437,2,7.301836231780397,6.301836231780397,2,435,0,68516,437,68516,2,68951,20.254098090773486
salaigh,átha,2,437,2,7.301836231780397,6.301836231780397,2,435,0,68516,437,68516,2,68951,20.254098090773486
héis,átha,2,437,2,7.301836231780397,6.301836231780397,2,435,0,68516,437,68516,2,68951,20.254098090773486
feorainne,átha,2,437,2,7.301836231780397,6.301836231780397,2,435,0,68516,437,68516,2,68951,20.254098090773486
gcarraigíní,átha,2,437,2,7.301836231780397,6.301836231780397,2,435,0,68516,437,68516,2,68951,20.254098090773486
cáirthinn,átha,2,437,2,7.301836231780397,6.301836231780397,2,435,0,68516,437,68516,2,68951,20.254098090773486
doiríní,átha,2,437,2,7.301836231780397,6.301836231780397,2,435,0,68516,437,68516,2,68951,20.254098090773486
hamhnais,átha,2,437,2,7.301836231780397,6.301836231780397,2,435,0,68516,437,68516,2,68951,20.254098090773486
súileach,átha,2,437,2,7.301836231780397,6.301836231780397,2,435,0,68516,437,68516,2,68951,20.254098090773486
glúinín,átha,2,437,2,7.301836231780397,6.301836231780397,2,435,0,68516,437,68516,2,68951,20.254098090773486
conrátha,átha,2,437,2,7.301836231780397,6.301836231780397,2,435,0,68516,437,68516,2,68951,20.254098090773486
gé,inis,3,355,9,6.016687986167794,5.016687986167794,3,352,6,68592,355,68598,9,68944,20.243835263763064
mothláin,lios,3,1124,4,5.523861881781225,4.523861881781225,3,1121,1,67828,1124,67829,4,68949,20.24117452181239
cearnaigh,lios,3,1124,4,5.523861881781225,4.523861881781225,3,1121,1,67828,1124,67829,4,68949,20.24117452181239
chathaoir,buaile,2,170,3,8.078972264422136,7.078972264422136,2,168,1,68782,170,68783,3,68950,20.230886037243938
líre,droichead,2,444,2,7.278909834930889,6.278909834930889,2,442,0,68509,444,68509,2,68951,20.190387874033778
órga,droichead,2,444,2,7.278909834930889,6.278909834930889,2,442,0,68509,444,68509,2,68951,20.190387874033778
dóinne,droichead,2,444,2,7.278909834930889,6.278909834930889,2,442,0,68509,444,68509,2,68951,20.190387874033778
victoria,droichead,2,444,2,7.278909834930889,6.278909834930889,2,442,0,68509,444,68509,2,68951,20.190387874033778
chearbhalláin,droichead,2,444,2,7.278909834930889,6.278909834930889,2,442,0,68509,444,68509,2,68951,20.190387874033778
carraige,foraois,2,4,112,8.265970779223391,7.265970779223391,2,2,110,68839,4,68949,112,68841,20.187805948499992
uachtarach,ghráinseach,8,72,948,3.014657450940423,2.014657450940423,8,64,940,67941,72,68881,948,68005,20.18215242757987
loch,cruach,3,59,48,6.190682651919153,5.190682651919153,3,56,45,68849,59,68894,48,68905,20.16607360194623
ghreanacháin,gob,2,173,3,8.053734972923113,7.053734972923113,2,171,1,68779,173,68780,3,68950,20.160589415900567
dhumha,gob,2,173,3,8.053734972923113,7.053734972923113,2,171,1,68779,173,68780,3,68950,20.160589415900567
hinse,baile,20,8348,57,1.53514889684378,0.5351488968437801,20,8328,37,60568,8348,60605,57,68896,20.158443253237706
glas,tard,4,29,314,4.920723957261796,3.920723957261796,4,25,310,68614,29,68924,314,68639,20.141580047325
nodhráin,teach,2,174,3,8.04541970471111,7.04541970471111,2,172,1,68778,174,68779,3,68950,20.13742976406608
gharrán,teach,2,174,3,8.04541970471111,7.04541970471111,2,172,1,68778,174,68779,3,68950,20.13742976406608
ois,mullach,3,258,12,6.062098445857741,5.062098445857741,3,255,9,68686,258,68695,12,68941,20.134868309905272
chrochaire,mullach,3,258,12,6.062098445857741,5.062098445857741,3,255,9,68686,258,68695,12,68941,20.134868309905272
chonrach,droim,3,1146,4,5.495896873245246,4.495896873245246,3,1143,1,67806,1146,67807,4,68949,20.125366135246974
mucú,droim,3,1146,4,5.495896873245246,4.495896873245246,3,1143,1,67806,1146,67807,4,68949,20.125366135246974
guaise,droim,3,1146,4,5.495896873245246,4.495896873245246,3,1143,1,67806,1146,67807,4,68949,20.125366135246974
bhriste,feadán,2,38,10,8.503470092950048,7.503470092950048,2,36,8,68907,38,68915,10,68943,20.12178694096196
mine,maol,2,38,10,8.503470092950048,7.503470092950048,2,36,8,68907,38,68915,10,68943,20.12178694096196
thuatach,ceathrú,2,452,2,7.253146738865807,6.253146738865807,2,450,0,68501,452,68501,2,68951,20.118797476756185
traighle,ceathrú,2,452,2,7.253146738865807,6.253146738865807,2,450,0,68501,452,68501,2,68951,20.118797476756185
bhluach,ceathrú,2,452,2,7.253146738865807,6.253146738865807,2,450,0,68501,452,68501,2,68951,20.118797476756185
bhleitheach,ceathrú,2,452,2,7.253146738865807,6.253146738865807,2,450,0,68501,452,68501,2,68951,20.118797476756185
mbogach,ceathrú,2,452,2,7.253146738865807,6.253146738865807,2,450,0,68501,452,68501,2,68951,20.118797476756185
bheithí,ceathrú,2,452,2,7.253146738865807,6.253146738865807,2,450,0,68501,452,68501,2,68951,20.118797476756185
cluana,domhnach,3,82,35,6.171453180439101,5.171453180439101,3,79,32,68839,82,68871,35,68918,20.115550752403134
fhéich,nead,2,13,29,8.514904988012331,7.514904988012331,2,11,27,68913,13,68940,29,68924,20.082914800062188
dearg,chrois,3,32,91,6.150493561803455,5.150493561803455,3,29,88,68833,32,68921,91,68862,20.043622606526874
gcearc,caorán,2,18,21,8.511083277059923,7.511083277059923,2,16,19,68916,18,68935,21,68932,20.034267025575335
bhréanainn,cé,2,58,7,8.40798978409582,7.40798978409582,2,56,5,68890,58,68895,7,68946,20.02501476016392
darach,aillín,2,5,87,8.308454110544904,7.308454110544904,2,3,85,68863,5,68948,87,68866,20.02464912544041
eidhinn,caol,2,32,12,8.488363200559839,7.488363200559839,2,30,10,68911,32,68921,12,68941,20.024644021583743
leaca,bun,3,291,11,6.01398124045657,5.01398124045657,3,288,8,68654,291,68662,11,68942,20.01406418373764
machaire,leitir,2,117,4,8.20296098169759,7.20296098169759,2,115,2,68834,117,68836,4,68949,20.011851964443043
beannaid,mín,2,180,3,7.996510104230164,6.996510104230164,2,178,1,68772,180,68773,3,68950,20.001225931110337
ghiúis,mín,2,180,3,7.996510104230164,6.996510104230164,2,178,1,68772,180,68773,3,68950,20.001225931110337
dúnáin,lochán,2,70,6,8.359080183614873,7.359080183614873,2,68,4,68879,70,68883,6,68947,19.99810133750239
giobach,lochán,2,70,6,8.359080183614873,7.359080183614873,2,68,4,68879,70,68883,6,68947,19.99810133750239
chill,sliabh,6,309,104,3.686385455956684,2.686385455956684,6,303,98,68546,309,68644,104,68849,19.996117017628904
ceann,dumha,3,33,89,6.1381606516773,5.1381606516773,3,30,86,68834,33,68920,89,68864,19.986330399181234
earcáin,uí,5,2137,11,3.874450984871249,2.874450984871249,5,2132,6,66810,2137,66816,11,68942,19.970300279051727
oileáin,thír,2,7,59,8.383327729861549,7.3833277298615485,2,5,57,68889,7,68946,59,68894,19.955585928191752
phúcaigh,ráth,4,1086,10,4.66658921858927,3.6665892185892703,4,1082,6,67861,1086,67867,10,68943,19.9514914766263
bhuí,bailte,3,14,224,6.043578357886942,5.043578357886942,3,11,221,68718,14,68939,224,68729,19.93983293021528
liag,drom,5,342,56,4.1700463592248544,3.1700463592248544,5,337,51,68560,342,68611,56,68897,19.93795394268721
dhúnáin,carraig,3,819,5,5.65864046547378,4.65864046547378,3,816,2,68132,819,68134,5,68948,19.926954801163717
charraigh,sheáin,2,36,11,8.443969081201386,7.443969081201386,2,34,9,68908,36,68917,11,68942,19.921629412003583
bán,tard,4,29,323,4.879954351459498,3.8799543514594976,4,25,319,68605,29,68924,323,68630,19.920631199300928
diarmada,clann,2,15,26,8.465995387531384,7.465995387531384,2,13,24,68914,15,68938,26,68927,19.919045753851
niníon,tobar,3,514,7,5.845308730750669,4.845308730750669,3,511,4,68435,514,68439,7,68946,19.909954527229242
choimín,loch,6,1826,20,3.5018890571305668,2.5018890571305668,6,1820,14,67113,1826,67127,20,68933,19.90933660545864
roighneach,achadh,2,477,2,7.175480245275483,6.175480245275483,2,475,0,68476,477,68476,2,68951,19.90299508259618
camán,achadh,2,477,2,7.175480245275483,6.175480245275483,2,475,0,68476,477,68476,2,68951,19.90299508259618
carnánach,achadh,2,477,2,7.175480245275483,6.175480245275483,2,475,0,68476,477,68476,2,68951,19.90299508259618
bhrúim,achadh,2,477,2,7.175480245275483,6.175480245275483,2,475,0,68476,477,68476,2,68951,19.90299508259618
lurchair,achadh,2,477,2,7.175480245275483,6.175480245275483,2,475,0,68476,477,68476,2,68951,19.90299508259618
sheanlis,achadh,2,477,2,7.175480245275483,6.175480245275483,2,475,0,68476,477,68476,2,68951,19.90299508259618
riabhail,achadh,2,477,2,7.175480245275483,6.175480245275483,2,475,0,68476,477,68476,2,68951,19.90299508259618
gá,achadh,2,477,2,7.175480245275483,6.175480245275483,2,475,0,68476,477,68476,2,68951,19.90299508259618
pheatan,achadh,2,477,2,7.175480245275483,6.175480245275483,2,475,0,68476,477,68476,2,68951,19.90299508259618
mochióg,chill,2,185,3,7.956981740043527,6.956981740043527,2,183,1,68767,185,68768,3,68950,19.89117042084994
choradáin,chill,2,185,3,7.956981740043527,6.956981740043527,2,183,1,68767,185,68768,3,68950,19.89117042084994
chnapaigh,inse,2,185,3,7.956981740043527,6.956981740043527,2,183,1,68767,185,68768,3,68950,19.89117042084994
ghoile,béal,2,479,2,7.169443855544816,6.169443855544816,2,477,0,68474,479,68474,2,68951,19.886223544985235
reithín,béal,2,479,2,7.169443855544816,6.169443855544816,2,477,0,68474,479,68474,2,68951,19.886223544985235
haibhil,béal,2,479,2,7.169443855544816,6.169443855544816,2,477,0,68474,479,68474,2,68951,19.886223544985235
mbuillí,béal,2,479,2,7.169443855544816,6.169443855544816,2,477,0,68474,479,68474,2,68951,19.886223544985235
tairbirt,béal,2,479,2,7.169443855544816,6.169443855544816,2,477,0,68474,479,68474,2,68951,19.886223544985235
mór,teanach,10,48,2525,2.508223622920682,1.5082236229206818,10,38,2515,66390,48,68905,2525,66428,19.879901316527935
réabáin,caisleán,2,480,2,7.166435105672477,6.166435105672477,2,478,0,68473,480,68473,2,68951,19.877864073137328
wray,caisleán,2,480,2,7.166435105672477,6.166435105672477,2,478,0,68473,480,68473,2,68951,19.877864073137328
samsún,caisleán,2,480,2,7.166435105672477,6.166435105672477,2,478,0,68473,480,68473,2,68951,19.877864073137328
fhraing,caisleán,2,480,2,7.166435105672477,6.166435105672477,2,478,0,68473,480,68473,2,68951,19.877864073137328
smartaigh,caisleán,2,480,2,7.166435105672477,6.166435105672477,2,478,0,68473,480,68473,2,68951,19.877864073137328
shandarsan,caisleán,2,480,2,7.166435105672477,6.166435105672477,2,478,0,68473,480,68473,2,68951,19.877864073137328
solais,átha,3,437,8,5.886798732501553,4.886798732501553,3,434,5,68511,437,68516,8,68945,19.866128494728777
choilín,baile,6,8348,7,2.8237183947847115,1.8237183947847115,6,8342,1,60604,8348,60605,7,68946,19.856923751746642
chondúnaigh,baile,6,8348,7,2.8237183947847115,1.8237183947847115,6,8342,1,60604,8348,60605,7,68946,19.856923751746642
eas,abhainn,3,519,7,5.8313425515866655,4.8313425515866655,3,516,4,68430,519,68434,7,68946,19.852285978247004
garbh,gleann,9,755,120,2.7760272729023474,1.7760272729023474,9,746,111,68087,755,68198,120,68833,19.851766140055517
mór,mhéalach,3,3,2525,4.771258028754476,3.7712580287544757,3,0,2522,66428,3,68950,2525,66428,19.84653954544911
mór,timleach,3,3,2525,4.771258028754476,3.7712580287544757,3,0,2522,66428,3,68950,2525,66428,19.84653954544911
fhuaráin,cnoc,7,2293,24,3.132697483036649,2.132697483036649,7,2286,17,66643,2293,66660,24,68929,19.84256330400978
airgead,abhainn,5,519,38,4.1277355543668905,3.1277355543668905,5,514,33,68401,519,68434,38,68915,19.842042347867427
mhuircheartaigh,mac,4,980,11,4.677256143641127,3.6772561436411273,4,976,7,67966,980,67973,11,68942,19.824141951881124
sheoinín,mac,4,980,11,4.677256143641127,3.6772561436411273,4,976,7,67966,980,67973,11,68942,19.824141951881124
cionaoith,mac,4,980,11,4.677256143641127,3.6772561436411273,4,976,7,67966,980,67973,11,68942,19.824141951881124
conaill,mac,4,980,11,4.677256143641127,3.6772561436411273,4,976,7,67966,980,67973,11,68942,19.824141951881124
mbairneach,aill,2,46,9,8.37983874378167,7.37983874378167,2,44,7,68900,46,68907,9,68944,19.812568468039295
roide,tom,2,46,9,8.37983874378167,7.37983874378167,2,44,7,68900,46,68907,9,68944,19.812568468039295
deargáin,daingean,2,37,11,8.404440717014747,7.404440717014747,2,35,9,68907,37,68916,11,68942,19.80917727822183
páirc,lóiste,2,25,16,8.42946951150627,7.429469511506269,2,23,14,68914,25,68928,16,68937,19.806303559106365
chairrín,port,2,189,3,7.926120776338766,6.926120776338766,2,187,1,68763,189,68764,3,68950,19.805261108352695
mónóg,port,2,189,3,7.926120776338766,6.926120776338766,2,187,1,68763,189,68764,3,68950,19.805261108352695
chlóidh,port,2,189,3,7.926120776338766,6.926120776338766,2,187,1,68763,189,68764,3,68950,19.805261108352695
lách,port,2,189,3,7.926120776338766,6.926120776338766,2,187,1,68763,189,68764,3,68950,19.805261108352695
lasra,ghleann,2,92,5,8.227835650336619,7.227835650336619,2,90,3,68858,92,68861,5,68948,19.79902630432771
íochtair,néan,2,6,74,8.27890983493089,7.278909834930889,2,4,72,68875,6,68947,74,68879,19.773139247379937
riabhach,táite,4,31,307,4.857034545523939,3.8570345455239394,4,27,303,68619,31,68922,307,68646,19.762988660100316
easpaig,ráth,9,1086,85,2.749051378781244,1.7490513787812438,9,1077,76,67791,1086,67867,85,68868,19.7555651504981
driú,muileann,2,93,5,8.2122387952856,7.2122387952856,2,91,3,68857,93,68860,5,68948,19.755395416046404
ailbhe,scoilt,2,62,7,8.311774468836516,7.311774468836516,2,60,5,68886,62,68891,7,68946,19.754278973854596
phádraig,turas,2,4,125,8.107541416618908,7.107541416618908,2,2,123,68826,4,68949,125,68828,19.74554518642831
theas,rua,8,79,888,2.975129086753786,1.9751290867537858,8,71,880,67994,79,68874,888,68065,19.730617657862908
bharúin,cúirt,2,47,9,8.348811848161045,7.348811848161045,2,45,7,68899,47,68906,9,68944,19.72484186300459
abhann,srón,2,17,24,8.4009003593095,7.4009003593094995,2,15,22,68914,17,68936,24,68929,19.718363289574768
dúinín,drom,3,342,10,5.918507592228891,4.918507592228891,3,339,7,68604,342,68611,10,68943,19.716200205462954
dhúrois,pointe,2,126,4,8.096045777781079,7.096045777781079,2,124,2,68825,126,68827,4,68949,19.71347392580162
choinigéir,pointe,2,126,4,8.096045777781079,7.096045777781079,2,124,2,68825,126,68827,4,68949,19.71347392580162
artáin,tulach,2,94,5,8.196808754715995,7.196808754715995,2,92,3,68856,94,68859,5,68948,19.712237202588092
bháin,ghearráin,2,11,38,8.365966569200113,7.365966569200113,2,9,36,68906,11,68942,38,68915,19.699815145773147
gcarn,coill,4,896,12,4.681008278502234,3.681008278502234,4,892,8,68049,896,68057,12,68941,19.695587873706977
thua,corr,2,503,2,7.098911111475468,6.098911111475468,2,501,0,68450,503,68450,2,68951,19.690265723861643
dairín,corr,2,503,2,7.098911111475468,6.098911111475468,2,501,0,68450,503,68450,2,68951,19.690265723861643
chuileanntraí,corr,2,503,2,7.098911111475468,6.098911111475468,2,501,0,68450,503,68450,2,68951,19.690265723861643
bhachaill,corr,2,503,2,7.098911111475468,6.098911111475468,2,501,0,68450,503,68450,2,68951,19.690265723861643
greise,corr,2,503,2,7.098911111475468,6.098911111475468,2,501,0,68450,503,68450,2,68951,19.690265723861643
mhailín,corr,2,503,2,7.098911111475468,6.098911111475468,2,501,0,68450,503,68450,2,68951,19.690265723861643
fhleá,corr,2,503,2,7.098911111475468,6.098911111475468,2,501,0,68450,503,68450,2,68951,19.690265723861643
bhré,coimín,2,127,4,8.08464101450883,7.084641014508829,2,125,2,68824,127,68826,4,68949,19.681658690606266
thíre,uachtar,2,32,13,8.372885983139904,7.372885983139904,2,30,11,68910,32,68921,13,68940,19.676584969317517
ngaibhne,ceathrú,3,452,8,5.838109239586963,4.838109239586963,3,449,5,68496,452,68501,8,68945,19.665137622561417
shliabh,loch,4,1826,7,4.431499729239169,3.431499729239169,4,1822,3,67124,1826,67127,7,68946,19.65888992511557
cairn,sliabh,3,309,11,5.927393555460479,4.927393555460479,3,306,8,68636,309,68644,11,68942,19.656337645448207
leice,béal,6,479,70,3.6251233393210045,2.6251233393210045,6,473,64,68410,479,68474,70,68883,19.63908256994938
coill,lisín,3,72,43,6.062098445857741,5.062098445857741,3,69,40,68841,72,68881,43,68910,19.632669786546447
crua,srath,2,129,4,8.06209844585774,7.062098445857741,2,127,2,68822,129,68824,4,68949,19.618780199217372
ghoirt,gleann,4,755,14,4.70563794501095,3.70563794501095,4,751,10,68188,755,68198,14,68939,19.604203405373543
thaoine,tobar,2,514,2,7.067701152087117,6.067701152087117,2,512,0,68439,514,68439,2,68951,19.603562709711063
séamais,tobar,2,514,2,7.067701152087117,6.067701152087117,2,512,0,68439,514,68439,2,68951,19.603562709711063
moluga,tobar,2,514,2,7.067701152087117,6.067701152087117,2,512,0,68439,514,68439,2,68951,19.603562709711063
grian,tuairín,3,61,51,6.055125522467769,5.055125522467769,3,58,48,68844,61,68892,51,68902,19.593302161365145
mánais,dún,3,667,6,5.69178275009641,4.69178275009641,3,664,3,68283,667,68286,6,68947,19.58402120288101
teampaill,páirc,9,599,153,2.7594506672418695,1.7594506672418695,9,590,144,68210,599,68354,153,68800,19.581354889420957
locha,corr,10,503,229,2.5816354182658863,1.5816354182658863,10,493,219,68231,503,68450,229,68724,19.57927268410666
coill,garrán,4,223,43,4.846161046658592,3.846161046658592,4,219,39,68691,223,68730,43,68910,19.577184960702375
fhionnaithe,abhainn,2,519,2,7.053734972923113,6.053734972923113,2,517,0,68434,519,68434,2,68951,19.564765072688196
heoghancha,abhainn,2,519,2,7.053734972923113,6.053734972923113,2,517,0,68434,519,68434,2,68951,19.564765072688196
mharascalaigh,baile,8,8348,12,2.4611483154000036,1.4611483154000036,8,8340,4,60601,8348,60605,12,68941,19.54433613139866
óraigh,baile,8,8348,12,2.4611483154000036,1.4611483154000036,8,8340,4,60601,8348,60605,12,68941,19.54433613139866
chalbhaigh,baile,8,8348,12,2.4611483154000036,1.4611483154000036,8,8340,4,60601,8348,60605,12,68941,19.54433613139866
heasca,tigh,3,285,12,5.918507592228891,4.918507592228891,3,282,9,68659,285,68668,12,68941,19.541437959725425
léith,mhuine,2,12,36,8.318438199117526,7.3184381991175265,2,10,34,68907,12,68941,36,68917,19.54021187329559
chú,droim,4,1146,10,4.589006277636728,3.589006277636728,4,1142,6,67801,1146,67807,10,68943,19.531121240475294
olc,doire,3,876,5,5.561573047513615,4.561573047513615,3,873,2,68075,876,68077,5,68948,19.525893823066973
aidhin,ard,2,527,2,7.031666549643781,6.031666549643781,2,525,0,68426,527,68426,2,68951,19.503461115774012
fhéaraigh,ard,2,527,2,7.031666549643781,6.031666549643781,2,525,0,68426,527,68426,2,68951,19.503461115774012
dtuamann,ard,2,527,2,7.031666549643781,6.031666549643781,2,525,0,68426,527,68426,2,68951,19.503461115774012
rathain,ard,2,527,2,7.031666549643781,6.031666549643781,2,525,0,68426,527,68426,2,68951,19.503461115774012
scol,ard,2,527,2,7.031666549643781,6.031666549643781,2,525,0,68426,527,68426,2,68951,19.503461115774012
breistin,ard,2,527,2,7.031666549643781,6.031666549643781,2,525,0,68426,527,68426,2,68951,19.503461115774012
gaotháin,ard,2,527,2,7.031666549643781,6.031666549643781,2,525,0,68426,527,68426,2,68951,19.503461115774012
mhaolabháin,ard,2,527,2,7.031666549643781,6.031666549643781,2,525,0,68426,527,68426,2,68951,19.503461115774012
claoininse,ard,2,527,2,7.031666549643781,6.031666549643781,2,525,0,68426,527,68426,2,68951,19.503461115774012
caoinrois,ard,2,527,2,7.031666549643781,6.031666549643781,2,525,0,68426,527,68426,2,68951,19.503461115774012
fhuatha,ard,2,527,2,7.031666549643781,6.031666549643781,2,525,0,68426,527,68426,2,68951,19.503461115774012
umair,log,2,133,4,8.018043265779806,7.018043265779806,2,131,2,68818,133,68820,4,68949,19.49592362293704
eoghain,inis,6,355,95,3.6167573792791585,2.6167573792791585,6,349,89,68509,355,68598,95,68858,19.475875841674956
ndónaill,tí,2,134,4,8.007236510823223,7.007236510823223,2,132,2,68817,134,68819,4,68949,19.46579235107469
cruithneachta,gort,4,923,12,4.638176362914064,3.6381763629140638,4,919,8,68022,923,68030,12,68941,19.463902652656614
dhuinsí,cill,3,2693,3,4.678327186779323,3.678327186779323,3,2690,0,66260,2693,66260,3,68950,19.459828509393308
mhúine,cill,3,2693,3,4.678327186779323,3.678327186779323,3,2690,0,66260,2693,66260,3,68950,19.459828509393308
ghualainn,cill,3,2693,3,4.678327186779323,3.678327186779323,3,2690,0,66260,2693,66260,3,68950,19.459828509393308
chaitiairn,cill,3,2693,3,4.678327186779323,3.678327186779323,3,2690,0,66260,2693,66260,3,68950,19.459828509393308
pheacáin,cill,3,2693,3,4.678327186779323,3.678327186779323,3,2690,0,66260,2693,66260,3,68950,19.459828509393308
mhathnáin,cill,3,2693,3,4.678327186779323,3.678327186779323,3,2690,0,66260,2693,66260,3,68950,19.459828509393308
dair,cill,3,2693,3,4.678327186779323,3.678327186779323,3,2690,0,66260,2693,66260,3,68950,19.459828509393308
aithnín,cill,3,2693,3,4.678327186779323,3.678327186779323,3,2690,0,66260,2693,66260,3,68950,19.459828509393308
urnaí,cill,3,2693,3,4.678327186779323,3.678327186779323,3,2690,0,66260,2693,66260,3,68950,19.459828509393308
chomhlach,cill,3,2693,3,4.678327186779323,3.678327186779323,3,2690,0,66260,2693,66260,3,68950,19.459828509393308
bhaodáin,cill,3,2693,3,4.678327186779323,3.678327186779323,3,2690,0,66260,2693,66260,3,68950,19.459828509393308
lúcainn,cill,3,2693,3,4.678327186779323,3.678327186779323,3,2690,0,66260,2693,66260,3,68950,19.459828509393308
fhinnche,cill,3,2693,3,4.678327186779323,3.678327186779323,3,2690,0,66260,2693,66260,3,68950,19.459828509393308
mocheara,cill,3,2693,3,4.678327186779323,3.678327186779323,3,2690,0,66260,2693,66260,3,68950,19.459828509393308
mian,cill,3,2693,3,4.678327186779323,3.678327186779323,3,2690,0,66260,2693,66260,3,68950,19.459828509393308
ghoin,cill,3,2693,3,4.678327186779323,3.678327186779323,3,2690,0,66260,2693,66260,3,68950,19.459828509393308
gcinnéide,cill,3,2693,3,4.678327186779323,3.678327186779323,3,2690,0,66260,2693,66260,3,68950,19.459828509393308
chornáin,cill,3,2693,3,4.678327186779323,3.678327186779323,3,2690,0,66260,2693,66260,3,68950,19.459828509393308
mheanmnáin,cill,3,2693,3,4.678327186779323,3.678327186779323,3,2690,0,66260,2693,66260,3,68950,19.459828509393308
chóiche,cill,3,2693,3,4.678327186779323,3.678327186779323,3,2690,0,66260,2693,66260,3,68950,19.459828509393308
scabhráin,cill,3,2693,3,4.678327186779323,3.678327186779323,3,2690,0,66260,2693,66260,3,68950,19.459828509393308
mhaoilearáin,cill,3,2693,3,4.678327186779323,3.678327186779323,3,2690,0,66260,2693,66260,3,68950,19.459828509393308
alachtáin,cill,3,2693,3,4.678327186779323,3.678327186779323,3,2690,0,66260,2693,66260,3,68950,19.459828509393308
bheaganta,cill,3,2693,3,4.678327186779323,3.678327186779323,3,2690,0,66260,2693,66260,3,68950,19.459828509393308
gcillín,cill,3,2693,3,4.678327186779323,3.678327186779323,3,2690,0,66260,2693,66260,3,68950,19.459828509393308
huagha,cill,3,2693,3,4.678327186779323,3.678327186779323,3,2690,0,66260,2693,66260,3,68950,19.459828509393308
ghaobhair,cill,3,2693,3,4.678327186779323,3.678327186779323,3,2690,0,66260,2693,66260,3,68950,19.459828509393308
uailleach,cill,3,2693,3,4.678327186779323,3.678327186779323,3,2690,0,66260,2693,66260,3,68950,19.459828509393308
téile,cill,3,2693,3,4.678327186779323,3.678327186779323,3,2690,0,66260,2693,66260,3,68950,19.459828509393308
fhiacal,cill,3,2693,3,4.678327186779323,3.678327186779323,3,2690,0,66260,2693,66260,3,68950,19.459828509393308
moghobóg,cill,3,2693,3,4.678327186779323,3.678327186779323,3,2690,0,66260,2693,66260,3,68950,19.459828509393308
mochaomhóg,cill,3,2693,3,4.678327186779323,3.678327186779323,3,2690,0,66260,2693,66260,3,68950,19.459828509393308
orglan,cill,3,2693,3,4.678327186779323,3.678327186779323,3,2690,0,66260,2693,66260,3,68950,19.459828509393308
mhinín,cill,3,2693,3,4.678327186779323,3.678327186779323,3,2690,0,66260,2693,66260,3,68950,19.459828509393308
chocáin,cill,3,2693,3,4.678327186779323,3.678327186779323,3,2690,0,66260,2693,66260,3,68950,19.459828509393308
daighnín,cill,3,2693,3,4.678327186779323,3.678327186779323,3,2690,0,66260,2693,66260,3,68950,19.459828509393308
íomaí,cill,3,2693,3,4.678327186779323,3.678327186779323,3,2690,0,66260,2693,66260,3,68950,19.459828509393308
naodhán,cill,3,2693,3,4.678327186779323,3.678327186779323,3,2690,0,66260,2693,66260,3,68950,19.459828509393308
bhiscí,cill,3,2693,3,4.678327186779323,3.678327186779323,3,2690,0,66260,2693,66260,3,68950,19.459828509393308
tórachta,cill,3,2693,3,4.678327186779323,3.678327186779323,3,2690,0,66260,2693,66260,3,68950,19.459828509393308
athracht,cill,3,2693,3,4.678327186779323,3.678327186779323,3,2690,0,66260,2693,66260,3,68950,19.459828509393308
chéise,cill,3,2693,3,4.678327186779323,3.678327186779323,3,2690,0,66260,2693,66260,3,68950,19.459828509393308
momhéanóg,cill,3,2693,3,4.678327186779323,3.678327186779323,3,2690,0,66260,2693,66260,3,68950,19.459828509393308
chóca,cill,3,2693,3,4.678327186779323,3.678327186779323,3,2690,0,66260,2693,66260,3,68950,19.459828509393308
chóige,cill,3,2693,3,4.678327186779323,3.678327186779323,3,2690,0,66260,2693,66260,3,68950,19.459828509393308
bhrácha,cill,3,2693,3,4.678327186779323,3.678327186779323,3,2690,0,66260,2693,66260,3,68950,19.459828509393308
bhrónaí,cill,3,2693,3,4.678327186779323,3.678327186779323,3,2690,0,66260,2693,66260,3,68950,19.459828509393308
lomad,cill,3,2693,3,4.678327186779323,3.678327186779323,3,2690,0,66260,2693,66260,3,68950,19.459828509393308
bhéalad,cill,3,2693,3,4.678327186779323,3.678327186779323,3,2690,0,66260,2693,66260,3,68950,19.459828509393308
mochriodóg,cill,3,2693,3,4.678327186779323,3.678327186779323,3,2690,0,66260,2693,66260,3,68950,19.459828509393308
mhucraise,cill,3,2693,3,4.678327186779323,3.678327186779323,3,2690,0,66260,2693,66260,3,68950,19.459828509393308
chuairsí,cill,3,2693,3,4.678327186779323,3.678327186779323,3,2690,0,66260,2693,66260,3,68950,19.459828509393308
teimhneáin,cill,3,2693,3,4.678327186779323,3.678327186779323,3,2690,0,66260,2693,66260,3,68950,19.459828509393308
seanrátha,cill,3,2693,3,4.678327186779323,3.678327186779323,3,2690,0,66260,2693,66260,3,68950,19.459828509393308
rannaileach,cill,3,2693,3,4.678327186779323,3.678327186779323,3,2690,0,66260,2693,66260,3,68950,19.459828509393308
chonagáin,cill,3,2693,3,4.678327186779323,3.678327186779323,3,2690,0,66260,2693,66260,3,68950,19.459828509393308
ngarbhán,cill,3,2693,3,4.678327186779323,3.678327186779323,3,2690,0,66260,2693,66260,3,68950,19.459828509393308
luaithreann,cill,3,2693,3,4.678327186779323,3.678327186779323,3,2690,0,66260,2693,66260,3,68950,19.459828509393308
rícill,cill,3,2693,3,4.678327186779323,3.678327186779323,3,2690,0,66260,2693,66260,3,68950,19.459828509393308
moninne,cill,3,2693,3,4.678327186779323,3.678327186779323,3,2690,0,66260,2693,66260,3,68950,19.459828509393308
molonóg,cill,3,2693,3,4.678327186779323,3.678327186779323,3,2690,0,66260,2693,66260,3,68950,19.459828509393308
chopa,cill,3,2693,3,4.678327186779323,3.678327186779323,3,2690,0,66260,2693,66260,3,68950,19.459828509393308
mhóinteáin,cúl,3,886,5,5.54519721855977,4.54519721855977,3,883,2,68065,886,68067,5,68948,19.458260063792125
tuama,cill,6,2693,15,3.3563990918919604,2.3563990918919604,6,2687,9,66251,2693,66260,15,68938,19.451315586104986
theas,conrach,3,5,888,5.541944240764683,4.541944240764683,3,2,885,68063,5,68948,888,68065,19.444825914079345
chnocán,loch,5,1826,13,3.8603430280430433,2.8603430280430433,5,1821,8,67119,1826,67127,13,68940,19.431360052349582
heorna,millín,2,12,37,8.27890983493089,7.278909834930889,2,10,35,68906,12,68941,37,68916,19.427788764113945
beag,tairbh,4,8,1558,4.467846183219326,3.4678461832193257,4,4,1554,67391,8,68945,1558,67395,19.422244274280125
chonaill,uí,9,2137,46,2.658317554006483,1.6583175540064832,9,2128,37,66779,2137,66816,46,68907,19.412821308850162
chláir,cuar,3,43,75,6.003204756804172,5.003204756804172,3,40,72,68838,43,68910,75,68878,19.386082756248502
eadargúil,machaire,2,137,4,7.975293618320468,6.975293618320468,2,135,2,68814,137,68816,4,68949,19.376742053390654
tír,uachtar,2,32,14,8.265970779223391,7.265970779223391,2,30,12,68909,32,68921,14,68939,19.356597145178295
iolair,staca,2,10,46,8.227835650336619,7.227835650336619,2,8,44,68899,10,68943,46,68907,19.340508395286356
gráinsí,coimín,3,127,26,5.969163797088893,4.969163797088893,3,124,23,68803,127,68826,26,68927,19.339462740455325
tóibínigh,caisleán,3,480,8,5.751397606393633,4.751397606393633,3,477,5,68468,480,68473,8,68945,19.307436076409232
dalláin,cnoicín,2,25,18,8.259544510063957,7.259544510063957,2,23,16,68912,25,68928,18,68935,19.30632806286239
chill,seisíoch,2,5,104,8.05095788825254,7.05095788825254,2,3,102,68846,5,68948,104,68849,19.30457640897395
carraige,teampall,6,305,112,3.5982678474942977,2.5982678474942977,6,299,106,68542,305,68648,112,68841,19.297252839907813
thaidhg,muine,4,145,68,4.80595377001572,3.80595377001572,4,141,64,68744,145,68808,68,68885,19.263205042750734
caladh,ceathrú,5,452,46,4.051512877696156,3.0515128776961564,5,447,41,68460,452,68501,46,68907,19.235922432130533
glas,cnoc,27,2293,314,1.3705718149720427,0.3705718149720427,27,2266,287,66373,2293,66660,314,68639,19.2288905481523
óir,dún,5,667,32,4.0137108449837715,3.0137108449837715,5,662,27,68259,667,68286,32,68921,19.204673600759154
fhrainc,cloch,2,220,3,7.707003487035179,6.707003487035179,2,218,1,68732,220,68733,3,68950,19.195638922721734
silíní,alt,2,43,11,8.187629327941599,7.187629327941599,2,41,9,68901,43,68910,11,68942,19.194005325529425
dúigh,corr,4,503,21,4.7065936886967075,3.7065936886967075,4,499,17,68433,503,68450,21,68932,19.19304096378172
dubh,halla,7,69,763,3.1966169197258996,2.1966169197258996,7,62,756,68128,69,68884,763,68190,19.187128782191472
rua,ráithín,8,104,694,2.9340941305616415,1.9340941305616415,8,96,686,68163,104,68849,694,68259,19.184897206335293
duáin,rinn,3,236,15,5.8687545570317905,4.8687545570317905,3,233,12,68705,236,68717,15,68938,19.171433182742852
cham,uaich,2,48,10,8.166435105672477,7.166435105672477,2,46,8,68897,48,68905,10,68943,19.16700494506667
rí,talamh,3,31,109,5.935907566838349,4.935907566838349,3,28,106,68816,31,68922,109,68844,19.15629620305444
reanna,gob,3,173,20,5.9017318794780635,4.9017318794780635,3,170,17,68763,173,68780,20,68933,19.155107950889466
liath,clochán,5,70,295,4.061399634974187,3.0613996349741868,5,65,290,68593,70,68883,295,68658,19.150507784359203
déin,gráinseach,2,72,7,8.096045777781079,7.096045777781079,2,70,5,68876,72,68881,7,68946,19.14845972785638
mhaol,chruach,2,18,26,8.20296098169759,7.20296098169759,2,16,24,68911,18,68935,26,68927,19.143413562906318
cór,garrán,2,223,3,7.687463300639534,6.687463300639534,2,221,1,68729,223,68730,3,68950,19.141303238190012
mhiolúin,garrán,2,223,3,7.687463300639534,6.687463300639534,2,221,1,68729,223,68730,3,68950,19.141303238190012
osraí,mór,2,224,3,7.681008278502235,6.681008278502235,2,222,1,68728,224,68729,3,68950,19.123354658577764
sagart,doirín,4,110,91,4.784171347557638,3.7841713475576384,4,106,87,68756,110,68843,91,68862,19.122432988079876
locha,gleann,12,755,229,2.2587515796927655,1.2587515796927655,12,743,217,67981,755,68198,229,68724,19.115501721717646
roda,cró,2,40,12,8.166435105672477,7.166435105672477,2,38,10,68903,40,68913,12,68941,19.108412512867538
gaoth,re,3,26,132,5.913454364502606,4.913454364502606,3,23,129,68798,26,68927,132,68821,19.108389633723238
fhia,céim,2,14,34,8.178507937973052,7.178507937973052,2,12,32,68907,14,68939,34,68919,19.107130650240773
scorlógaigh,sceach,2,44,11,8.1544624640064,7.1544624640064,2,42,9,68900,44,68909,11,68942,19.10012718561989
duibh,chon,2,11,44,8.1544624640064,7.1544624640064,2,9,42,68900,11,68942,44,68909,19.10012718561989
leice,corr,6,503,70,3.5545905952516574,2.5545905952516574,6,497,64,68386,503,68450,70,68883,19.09368479064766
éamainn,carraig,6,819,44,3.521136941723845,2.521136941723845,6,813,38,68096,819,68134,44,68909,19.09141352854278
solas,áth,3,381,10,5.762712919621467,4.762712919621467,3,378,7,68565,381,68572,10,68943,19.073520170624594
luimnigh,áth,3,381,10,5.762712919621467,4.762712919621467,3,378,7,68565,381,68572,10,68943,19.073520170624594
sin,prióireacht,2,8,63,8.096045777781079,7.096045777781079,2,6,61,68884,8,68945,63,68890,19.069558542912223
bhuaile,sruthán,3,186,19,5.871201877450535,4.871201877450535,3,183,16,68751,186,68767,19,68934,19.052006679805704
niúr,corr,3,503,8,5.683873612196624,4.683873612196624,3,500,5,68445,503,68450,8,68945,19.02911049181843
cionaoith,ráth,4,1086,11,4.529085694839336,3.5290856948393357,4,1082,7,67860,1086,67867,11,68942,19.022763183796087
fhaoláin,uí,7,2137,27,3.0644219285153187,2.0644219285153187,7,2130,20,66796,2137,66816,27,68926,19.01082159517008
mheáin,maigh,4,363,29,4.711518968157672,3.711518968157672,4,359,25,68565,363,68590,29,68924,19.01028126533941
bean,thulaigh,2,11,45,8.122040986314023,7.122040986314023,2,9,43,68899,11,68942,45,68908,19.00841413798871
héin,átha,3,437,9,5.71687373105924,4.71687373105924,3,434,6,68510,437,68516,9,68944,19.006514905792447
bog,mhín,2,50,10,8.107541416618908,7.107541416618908,2,48,8,68895,50,68903,10,68943,19.000754460776957
maodhóg,tigh,3,285,13,5.803030374808954,4.803030374808954,3,282,10,68658,285,68668,13,68940,19.000371473940675
dhealgan,páirc,2,599,2,6.84691350849221,5.84691350849221,2,597,0,68354,599,68354,2,68951,18.990302405623908
fhianna,páirc,2,599,2,6.84691350849221,5.84691350849221,2,597,0,68354,599,68354,2,68951,18.990302405623908
bpunann,páirc,2,599,2,6.84691350849221,5.84691350849221,2,597,0,68354,599,68354,2,68951,18.990302405623908
ghabhla,eanaigh,2,35,14,8.136687762278424,7.136687762278424,2,33,12,68906,35,68918,14,68939,18.98803156519466
mór,chanáil,4,6,2525,4.186295528033319,3.1862955280333187,4,2,2521,66426,6,68947,2525,66428,18.97440630691146
gorm,toileán,4,220,47,4.737377136078698,3.737377136078698,4,216,43,68690,220,68733,47,68906,18.96297681817728
chiana,tír,2,152,4,7.8253981878374095,6.8253981878374095,2,150,2,68799,152,68801,4,68949,18.959107441479837
fada,áth,9,381,249,2.7096015831619042,1.7096015831619042,9,372,240,68332,381,68572,249,68704,18.950642602703212
dealgan,abhainn,4,519,21,4.661417550144354,3.661417550144354,4,515,17,68417,519,68434,21,68932,18.949494804727216
chaisil,achadh,5,477,45,4.005555243833171,3.0055552438331707,5,472,40,68436,477,68476,45,68908,18.94368509446262
phádraig,domhnach,4,82,125,4.749989412000824,3.749989412000824,4,78,121,68750,82,68871,125,68828,18.941227410893536
albanach,carn,2,114,5,7.918507592228891,6.918507592228891,2,112,3,68836,114,68839,5,68948,18.934802011170536
tuama,dumha,2,33,15,8.122040986314023,7.122040986314023,2,31,13,68907,33,68920,15,68938,18.933830353416813
dhuibh,choire,2,7,76,8.018043265779806,7.018043265779806,2,5,74,68872,7,68946,76,68877,18.929793799558936
carrach,fál,2,26,19,8.124958469696317,7.124958469696317,2,24,17,68910,26,68927,19,68934,18.91522665951156
sionainne,caladh,2,42,12,8.096045777781079,7.096045777781079,2,40,10,68901,42,68911,12,68941,18.908909588648815
dhuibh,mac,8,980,76,2.8887602488348385,1.8887602488348385,8,972,68,67905,980,67973,76,68877,18.907204437430728
doire,chúl,2,4,154,7.806539160586093,6.806539160586093,2,2,152,68797,4,68949,154,68799,18.906590624527773
muaidhe,ghleann,2,92,6,7.964801244502826,6.964801244502826,2,90,4,68857,92,68861,6,68947,18.893585342330773
cruithneachta,tulaigh,3,318,12,5.760442745996639,4.760442745996639,3,315,9,68626,318,68635,12,68941,18.88941867960687
eoin,prióireacht,2,8,66,8.028931581922542,7.028931581922542,2,6,64,68881,8,68945,66,68887,18.88105396801372
tuath,theas,2,7,77,7.999184238528489,6.999184238528489,2,5,75,68871,7,68946,77,68876,18.876954986502323
naodha,mac,3,980,5,5.399722168112218,4.399722168112218,3,977,2,67971,980,67973,5,68948,18.85779776647206
treana,mac,3,980,5,5.399722168112218,4.399722168112218,3,977,2,67971,980,67973,5,68948,18.85779776647206
suibhne,mac,3,980,5,5.399722168112218,4.399722168112218,3,977,2,67971,980,67973,5,68948,18.85779776647206
uiginn,mac,3,980,5,5.399722168112218,4.399722168112218,3,977,2,67971,980,67973,5,68948,18.85779776647206
calláin,mac,3,980,5,5.399722168112218,4.399722168112218,3,977,2,67971,980,67973,5,68948,18.85779776647206
bhata,muileann,2,93,6,7.949204389451808,6.949204389451808,2,91,4,68856,93,68860,6,68947,18.849983499756927
pádraig,domhnach,3,82,43,5.874471442681969,4.874471442681969,3,79,40,68831,82,68871,43,68910,18.848315879327412
gclochán,gleann,3,755,6,5.5129928670685535,4.5129928670685535,3,752,3,68195,755,68198,6,68947,18.846615145979584
gheis,gleann,3,755,6,5.5129928670685535,4.5129928670685535,3,752,3,68195,755,68198,6,68947,18.846615145979584
cionaoith,inis,3,355,11,5.7271813689728095,4.7271813689728095,3,352,8,68590,355,68598,11,68942,18.83060767218845
aogáin,uí,6,2137,19,3.348989495898754,2.348989495898754,6,2131,13,66803,2137,66816,19,68934,18.82208280546203
ghé,both,2,67,8,8.007236510823223,7.007236510823223,2,65,6,68880,67,68886,8,68945,18.820153540675918
thoir,ramhar,4,11,1115,4.49106608783603,3.49106608783603,4,7,1111,67831,11,68942,1115,67838,18.817537472214774
chatha,átha,4,437,25,4.657980042005671,3.657980042005671,4,433,21,68495,437,68516,25,68928,18.80760934751863
léime,ceann,3,251,15,5.779854052442861,4.779854052442861,3,248,12,68690,251,68702,15,68938,18.804648354636498
eascrach,ceann,3,251,15,5.779854052442861,4.779854052442861,3,248,12,68690,251,68702,15,68938,18.804648354636498
habha,baile,11,8348,22,2.0461108161211596,1.0461108161211596,11,8337,11,60594,8348,60605,22,68931,18.800920009331712
bán,téadan,3,12,323,5.73793534658707,4.73793534658707,3,9,320,68621,12,68941,323,68630,18.796683591904483
choinn,ceapach,3,112,32,5.850933279944546,4.850933279944546,3,109,29,68812,112,68841,32,68921,18.796558573419457
tír,rátha,2,37,14,8.05651741359444,7.05651741359444,2,35,12,68904,37,68916,14,68939,18.760032131886515
ciaráin,díseart,2,37,14,8.05651741359444,7.05651741359444,2,35,12,68904,37,68916,14,68939,18.760032131886515
phádraig,paróiste,4,84,125,4.715223993840148,3.715223993840148,4,80,121,68748,84,68869,125,68828,18.75068025507302
life,barr,2,246,3,7.545848695220599,6.545848695220599,2,244,1,68706,246,68707,3,68950,18.747646905403208
bú,cluain,3,1448,4,5.158442314918945,4.158442314918945,3,1445,1,67504,1448,67505,4,68949,18.72921917922329
tiompair,cluain,3,1448,4,5.158442314918945,4.158442314918945,3,1445,1,67504,1448,67505,4,68949,18.72921917922329
mac,tír,11,152,981,2.3467204802554678,1.3467204802554678,11,141,970,67831,152,68801,981,67972,18.723714246137924
aifrinn,sruthán,3,186,20,5.797201296006757,4.797201296006757,3,183,17,68750,186,68767,20,68933,18.723128057243898
ard,bán,7,157,341,3.1724319454227996,2.1724319454227996,7,150,334,68462,157,68796,341,68612,18.704729892862037
chróine,maigh,3,363,11,5.695030845369104,4.695030845369104,3,360,8,68582,363,68590,11,68942,18.698201707755064
móire,ceathrún,2,10,54,7.996510104230164,6.996510104230164,2,8,52,68891,10,68943,54,68899,18.687756582843956
meannán,oileán,4,786,15,4.54804960341387,3.5480496034138698,4,782,11,68156,786,68167,15,68938,18.667456125850336
poill,ceann,2,251,3,7.5168196466090675,6.5168196466090675,2,249,1,68701,251,68702,3,68950,18.66698118825339
féar,ceann,2,251,3,7.5168196466090675,6.5168196466090675,2,249,1,68701,251,68702,3,68950,18.66698118825339
cléire,ceann,2,251,3,7.5168196466090675,6.5168196466090675,2,249,1,68701,251,68702,3,68950,18.66698118825339
fhaoitigh,caisleán,5,480,46,3.9648012445028256,2.9648012445028256,5,475,41,68432,480,68473,46,68907,18.665168152794095
leac,áth,4,381,29,4.6416975186601,3.6416975186601004,4,377,25,68547,381,68572,29,68924,18.63413705708647
mheáin,áth,4,381,29,4.6416975186601,3.6416975186601004,4,377,25,68547,381,68572,29,68924,18.63413705708647
lóiste,diméin,2,123,5,7.808883101054392,6.808883101054392,2,121,3,68827,123,68830,5,68948,18.62904619524832
gaillimhe,cuan,2,123,5,7.808883101054392,6.808883101054392,2,121,3,68827,123,68830,5,68948,18.62904619524832
gharbh,páirc,7,599,91,3.1464737903511164,2.1464737903511164,7,592,84,68270,599,68354,91,68862,18.617446143813613
ciarraí,oileán,3,786,6,5.4549401990223885,4.4549401990223885,3,783,3,68164,786,68167,6,68947,18.607437547110845
bportán,oileán,3,786,6,5.4549401990223885,4.4549401990223885,3,783,3,68164,786,68167,6,68947,18.607437547110845
ladhrach,bealach,2,166,4,7.698286269934069,6.698286269934069,2,164,2,68785,166,68787,4,68949,18.605254178175038
tine,droim,4,1146,11,4.451502753886793,3.4515027538867926,4,1142,7,67800,1146,67807,11,68942,18.60416206344263
thiar,ramhar,4,11,1146,4.451502753886793,3.4515027538867926,4,7,1142,67800,11,68942,1146,67807,18.60416206344263
chaoláin,droim,4,1146,11,4.451502753886793,3.4515027538867926,4,1142,7,67800,1146,67807,11,68942,18.60416206344263
gcon,log,3,133,28,5.795650844443357,4.795650844443357,3,130,25,68795,133,68820,28,68925,18.5994305643077
tuaithe,teampall,3,305,13,5.70518305141081,4.70518305141081,3,302,10,68638,305,68648,13,68940,18.597177384255158
chláir,mainistir,4,143,75,4.684635674006724,3.6846356740067243,4,139,71,68739,143,68810,75,68878,18.593786943381875
chnoc,droichead,5,444,50,3.9569817400435263,2.9569817400435263,5,439,45,68464,444,68509,50,68903,18.57647817096679
beag,daingean,7,37,1558,3.0657477396479798,2.0657477396479798,7,30,1551,67365,37,68916,1558,67395,18.56322290144325
coise,ceapaigh,2,42,13,7.980568560361142,6.980568560361142,2,40,11,68900,42,68911,13,68940,18.561140788943042
dtrod,dún,2,667,2,6.691782750096409,5.691782750096409,2,665,0,68286,667,68286,2,68951,18.559506378009637
ceartáin,dún,2,667,2,6.691782750096409,5.691782750096409,2,665,0,68286,667,68286,2,68951,18.559506378009637
mbeann,dún,2,667,2,6.691782750096409,5.691782750096409,2,665,0,68286,667,68286,2,68951,18.559506378009637
mholainn,dún,2,667,2,6.691782750096409,5.691782750096409,2,665,0,68286,667,68286,2,68951,18.559506378009637
géagáin,dún,2,667,2,6.691782750096409,5.691782750096409,2,665,0,68286,667,68286,2,68951,18.559506378009637
sadhairc,dún,2,667,2,6.691782750096409,5.691782750096409,2,665,0,68286,667,68286,2,68951,18.559506378009637
gcoimín,dún,2,667,2,6.691782750096409,5.691782750096409,2,665,0,68286,667,68286,2,68951,18.559506378009637
béacáin,dún,2,667,2,6.691782750096409,5.691782750096409,2,665,0,68286,667,68286,2,68951,18.559506378009637
másc,dún,2,667,2,6.691782750096409,5.691782750096409,2,665,0,68286,667,68286,2,68951,18.559506378009637
urchaille,dún,2,667,2,6.691782750096409,5.691782750096409,2,665,0,68286,667,68286,2,68951,18.559506378009637
chichester,dún,2,667,2,6.691782750096409,5.691782750096409,2,665,0,68286,667,68286,2,68951,18.559506378009637
eadradh,dún,2,667,2,6.691782750096409,5.691782750096409,2,665,0,68286,667,68286,2,68951,18.559506378009637
dolraic,dún,2,667,2,6.691782750096409,5.691782750096409,2,665,0,68286,667,68286,2,68951,18.559506378009637
bonnáin,dún,2,667,2,6.691782750096409,5.691782750096409,2,665,0,68286,667,68286,2,68951,18.559506378009637
eadrad,mullach,2,258,3,7.477135945136585,6.477135945136585,2,256,1,68694,258,68695,3,68950,18.55672373747834
droim,ceann,6,251,145,3.5068355580364443,2.5068355580364443,6,245,139,68563,251,68702,145,68808,18.555492306440797
ghabhair,binn,3,125,30,5.785613321731545,4.785613321731545,3,122,27,68801,125,68828,30,68923,18.54032488715729
mhaoil,giolla,2,56,10,7.9440426843360274,6.9440426843360274,2,54,8,68889,56,68897,10,68943,18.540039027604877
aonghais,taobh,2,63,9,7.926120776338766,6.926120776338766,2,61,7,68883,63,68890,9,68944,18.533979596336025
sin,gairdíní,2,9,63,7.926120776338766,6.926120776338766,2,7,61,68883,9,68944,63,68890,18.53397959633602
rosann,pointe,2,126,5,7.774117682893716,6.774117682893716,2,124,3,68824,126,68827,5,68948,18.53213482600074
fhuar,ghráinseach,2,72,8,7.9034006998386825,6.9034006998386825,2,70,6,68875,72,68881,8,68945,18.52890327505286
rua,mhadra,4,17,694,4.547071007452394,3.547071007452394,4,13,690,68246,17,68936,694,68259,18.523846839159766
rua,cheathrú,13,300,694,2.106154876347945,1.106154876347945,13,287,681,67972,300,68653,694,68259,18.481214274358038
sealbhaigh,cill,4,2693,6,4.093364686058167,3.093364686058167,4,2689,2,66258,2693,66260,6,68947,18.468821771439483
ulta,cill,4,2693,6,4.093364686058167,3.093364686058167,4,2689,2,66258,2693,66260,6,68947,18.468821771439483
brógáin,cill,4,2693,6,4.093364686058167,3.093364686058167,4,2689,2,66258,2693,66260,6,68947,18.468821771439483
mhantáin,cill,4,2693,6,4.093364686058167,3.093364686058167,4,2689,2,66258,2693,66260,6,68947,18.468821771439483
fhiachna,cill,4,2693,6,4.093364686058167,3.093364686058167,4,2689,2,66258,2693,66260,6,68947,18.468821771439483
mhíona,cill,4,2693,6,4.093364686058167,3.093364686058167,4,2689,2,66258,2693,66260,6,68947,18.468821771439483
dairbhre,cill,4,2693,6,4.093364686058167,3.093364686058167,4,2689,2,66258,2693,66260,6,68947,18.468821771439483
cheanainn,uí,4,2137,7,4.20459958656358,3.20459958656358,4,2133,3,66813,2137,66816,7,68946,18.427274724306518
uaithnín,uí,4,2137,7,4.20459958656358,3.20459958656358,4,2133,3,66813,2137,66816,7,68946,18.427274724306518
glas,magh,3,13,314,5.663227734969432,4.663227734969432,3,10,311,68629,13,68940,314,68639,18.424461280394983
thoir,glas,7,51,1115,3.0854272865594363,2.0854272865594363,7,44,1108,67794,51,68902,1115,67838,18.418686869291957
bhacaigh,tor,2,74,8,7.863872335652045,6.863872335652045,2,72,6,68873,74,68879,8,68945,18.418126317790826
ghabhláin,allt,2,35,16,7.9440426843360274,6.9440426843360274,2,33,14,68904,35,68918,16,68937,18.416558539507665
bearú,teach,2,174,4,7.630382205432267,6.630382205432267,2,172,2,68777,174,68779,4,68949,18.416332721374275
leathan,táth,3,38,100,5.766504498783841,4.766504498783841,3,35,97,68818,38,68915,100,68853,18.41490588584111
charna,áth,3,381,11,5.625209395871532,4.625209395871532,3,378,8,68564,381,68572,11,68942,18.410844440612713
domhan,gleann,4,755,16,4.5129928670685535,3.5129928670685535,4,751,12,68186,755,68198,16,68937,18.404841734331214
rua,mhurcha,2,2,694,6.634533848702734,5.634533848702734,2,0,692,68259,2,68951,694,68259,18.400544948575803
rua,crícheán,2,2,694,6.634533848702734,5.634533848702734,2,0,692,68259,2,68951,694,68259,18.400544948575803
rua,chlasach,2,2,694,6.634533848702734,5.634533848702734,2,0,692,68259,2,68951,694,68259,18.400544948575803
ghabhann,brí,2,10,58,7.893416611266061,6.893416611266061,2,8,56,68887,10,68943,58,68895,18.397615995102598
adhmad,cé,2,58,10,7.893416611266061,6.893416611266061,2,56,8,68887,58,68895,10,68943,18.397615995102598
nua,droichead,13,444,470,2.1028326065069813,1.1028326065069813,13,431,457,68052,444,68509,470,68483,18.39300833490633
loiste,chaisleán,2,20,28,7.9440426843360274,6.9440426843360274,2,18,26,68907,20,68933,28,68925,18.39249121924164
cúlach,ré,2,75,8,7.844507010785114,6.844507010785114,2,73,6,68872,75,68878,8,68945,18.363874578317102
bportán,carraig,3,819,6,5.395606059639986,4.395606059639986,3,816,3,68131,819,68134,6,68947,18.36311667284584
chiarraí,carraig,3,819,6,5.395606059639986,4.395606059639986,3,816,3,68131,819,68134,6,68947,18.36311667284584
cit,dún,3,667,7,5.469390328759961,4.469390328759961,3,664,4,68282,667,68286,7,68946,18.36042856446501
mosheanóg,dún,3,667,7,5.469390328759961,4.469390328759961,3,664,4,68282,667,68286,7,68946,18.36042856446501
lú,suí,2,38,15,7.918507592228891,6.918507592228891,2,36,13,68902,38,68915,15,68938,18.354824653016646
ghiobúin,garrán,3,223,18,5.687463300639534,4.687463300639534,3,220,15,68715,223,68730,18,68935,18.32014365153133
scoil,fearann,3,388,11,5.5989437411777265,4.5989437411777265,3,385,8,68557,388,68565,11,68942,18.302813751046237
beag,ghreanach,3,4,1558,5.052808683940482,4.052808683940482,3,1,1555,67394,4,68949,1558,67395,18.292723540008996
cofaigh,tí,2,134,5,7.685308415935859,6.685308415935859,2,132,3,68816,134,68819,5,68948,18.28468574016682
gearr,tacra,2,12,49,7.873653356444631,6.873653356444631,2,10,47,68894,12,68941,49,68904,18.280318397860427
liatroma,mín,2,180,4,7.58147260495132,6.58147260495132,2,178,2,68771,180,68773,4,68949,18.28030337171705
cathair,halla,3,69,56,5.742408823166378,4.742408823166378,3,66,53,68831,69,68884,56,68897,18.27945982252368
chollaigh,coill,4,896,14,4.458615857165786,3.4586158571657863,4,892,10,68047,896,68057,14,68939,18.272472322712662
ard,garrán,8,223,341,2.8587978723365173,1.8587978723365173,8,215,333,68397,223,68730,341,68612,18.268979042577257
bhreac,leargain,2,10,60,7.844507010785114,6.844507010785114,2,8,58,68885,10,68943,60,68893,18.260122121504526
chomhraic,átha,3,437,10,5.56487063761419,4.56487063761419,3,434,7,68509,437,68516,10,68943,18.259113707602253
uisce,ime,2,5,135,7.674582009342801,6.674582009342801,2,3,133,68815,5,68948,135,68818,18.254809680556424
bhig,dúin,2,20,29,7.893416611266061,6.893416611266061,2,18,27,68906,20,68933,29,68924,18.24747881579809
asáin,ráth,3,1086,5,5.251551719310427,4.251551719310427,3,1083,2,67865,1086,67867,5,68948,18.246918800523485
durlais,ráth,3,1086,5,5.251551719310427,4.251551719310427,3,1083,2,67865,1086,67867,5,68948,18.246918800523485
dúin,achadh,7,477,117,3.1124704477496823,2.1124704477496823,7,470,110,68366,477,68476,117,68836,18.239602766216958
chiaráin,tobar,5,514,45,3.8977761506448045,2.8977761506448045,5,509,40,68399,514,68439,45,68908,18.23607011356054
bró,inis,3,355,12,5.60165048688895,4.60165048688895,3,352,9,68589,355,68598,12,68941,18.235759518254216
sagart,dhoire,3,43,91,5.7242288071013565,4.7242288071013565,3,40,88,68822,43,68910,91,68862,18.22281895123972
seamar,cnoc,5,2293,12,3.647270655866407,2.647270655866407,5,2288,7,66653,2293,66660,12,68941,18.21804055094657
michíl,ráth,4,1086,12,4.403554812755477,3.403554812755477,4,1082,8,67859,1086,67867,12,68941,18.198660025935546
caisil,machaire,2,137,5,7.653365523433106,6.653365523433106,2,135,3,68813,137,68816,5,68948,18.195722632743482
fhaoitigh,chúirt,2,13,46,7.849324027082889,6.849324027082889,2,11,44,68896,13,68940,46,68907,18.189988851914244
sheanadh,loch,4,1826,8,4.238854651296773,3.238854651296773,4,1822,4,67123,1826,67127,8,68945,18.182812764405927
ghiolcaigh,loch,4,1826,8,4.238854651296773,3.238854651296773,4,1822,4,67123,1826,67127,8,68945,18.182812764405927
gcliath,corr,3,503,9,5.513948610754311,4.513948610754311,3,500,6,68444,503,68450,9,68944,18.171424543478818
drisligh,inse,2,185,4,7.541944240764682,6.541944240764682,2,183,2,68766,185,68768,4,68949,18.170393275779613
chairthe,ghleann,2,92,7,7.742408823166378,6.742408823166378,2,90,5,68856,92,68861,7,68946,18.15859354702715
scoithín,tigh,2,285,3,7.333545091507734,6.333545091507734,2,283,1,68667,285,68668,3,68950,18.15791554008266
bródáin,tigh,2,285,3,7.333545091507734,6.333545091507734,2,283,1,68667,285,68668,3,68950,18.15791554008266
aodha,uí,16,2137,148,1.8025011429922337,0.8025011429922337,16,2121,132,66684,2137,66816,148,68805,18.150961425659776
saileach,tom,3,46,86,5.70846149124304,4.70846149124304,3,43,83,68824,46,68907,86,68867,18.150251956204823
mín,gaorthadh,2,14,43,7.839706024521292,6.839706024521292,2,12,41,68898,14,68939,43,68910,18.145382656597707
thoirc,dhoire,2,43,14,7.839706024521292,6.839706024521292,2,41,12,68898,43,68910,14,68939,18.145382656597707
eochaille,achadh,4,477,25,4.5316240555007585,3.5316240555007585,4,473,21,68455,477,68476,25,68928,18.12838535778442
rua,bhánóg,3,7,694,5.4121414273662865,4.4121414273662865,3,4,691,68255,7,68946,694,68259,18.12497445955747
rua,tsí,3,7,694,5.4121414273662865,4.4121414273662865,3,4,691,68255,7,68946,694,68259,18.12497445955747
ghainimhe,clais,2,93,7,7.726811968115359,6.726811968115359,2,91,5,68855,93,68860,7,68946,18.11502075056894
ngabhar,carraig,7,819,70,3.073677964752624,2.073677964752624,7,812,63,68071,819,68134,70,68883,18.104459745700847
riocaird,caisleán,4,480,25,4.522578915897752,3.5225789158977516,4,476,21,68452,480,68473,25,68928,18.079858017619934
haibhle,bun,2,291,3,7.303487857651554,6.303487857651554,2,289,1,68661,291,68662,3,68950,18.074463225122436
ghaoith,bun,2,291,3,7.303487857651554,6.303487857651554,2,289,1,68661,291,68662,3,68950,18.074463225122436
naeú,bun,2,291,3,7.303487857651554,6.303487857651554,2,289,1,68661,291,68662,3,68950,18.074463225122436
tóchair,carraig,6,819,48,3.395606059639986,2.395606059639986,6,813,42,68092,819,68134,48,68905,18.06745338944495
con,cionn,3,109,37,5.680650511596275,4.680650511596275,3,106,34,68810,109,68844,37,68916,18.063111106366122
ghormlaithe,gleann,2,755,2,6.5129928670685535,5.5129928670685535,2,753,0,68198,755,68198,2,68951,18.06309525777844
searúill,gleann,2,755,2,6.5129928670685535,5.5129928670685535,2,753,0,68198,755,68198,2,68951,18.06309525777844
éadach,gleann,2,755,2,6.5129928670685535,5.5129928670685535,2,753,0,68198,755,68198,2,68951,18.06309525777844
eatharlaí,gleann,2,755,2,6.5129928670685535,5.5129928670685535,2,753,0,68198,755,68198,2,68951,18.06309525777844
dríth,gleann,2,755,2,6.5129928670685535,5.5129928670685535,2,753,0,68198,755,68198,2,68951,18.06309525777844
chiúnais,gleann,2,755,2,6.5129928670685535,5.5129928670685535,2,753,0,68198,755,68198,2,68951,18.06309525777844
banbha,gleann,2,755,2,6.5129928670685535,5.5129928670685535,2,753,0,68198,755,68198,2,68951,18.06309525777844
fhógra,gleann,2,755,2,6.5129928670685535,5.5129928670685535,2,753,0,68198,755,68198,2,68951,18.06309525777844
aola,gleann,2,755,2,6.5129928670685535,5.5129928670685535,2,753,0,68198,755,68198,2,68951,18.06309525777844
urchair,taobh,2,63,10,7.774117682893716,6.774117682893716,2,61,8,68882,63,68890,10,68943,18.062413056833318
deargáin,locha,2,57,11,7.781004068478956,6.781004068478956,2,55,9,68887,57,68896,11,68942,18.046769202090392
mhuiris,clann,2,15,41,7.808883101054392,6.808883101054392,2,13,39,68899,15,68938,41,68912,18.044040112210492
cearúill,lios,3,1124,5,5.201933786893862,4.201933786893862,3,1121,2,67827,1124,67829,5,68948,18.04252327201465
luath,leaca,2,95,7,7.696115170892443,6.696115170892443,2,93,5,68853,95,68858,7,68946,18.029283072573655
coille,ceathrú,9,452,223,2.6221718403878147,1.6221718403878147,9,443,214,68287,452,68501,223,68730,18.026658922012956
phroinsias,mainistir,2,143,5,7.591526269615244,6.591526269615244,2,141,3,68807,143,68810,5,68948,18.0235541319551
dubh,gcaorán,2,2,763,6.497786454446465,5.497786454446465,2,0,761,68190,2,68951,763,68190,18.020878482570545
dubh,chria,2,2,763,6.497786454446465,5.497786454446465,2,0,761,68190,2,68951,763,68190,18.020878482570545
dubh,fód,2,2,763,6.497786454446465,5.497786454446465,2,0,761,68190,2,68951,763,68190,18.020878482570545
dubh,siopa,2,2,763,6.497786454446465,5.497786454446465,2,0,761,68190,2,68951,763,68190,18.020878482570545
liath,chillín,2,3,295,7.283792056310634,6.283792056310634,2,1,293,68657,3,68950,295,68658,18.019784150448707
croise,sheanadh,2,8,82,7.715773696662911,6.715773696662911,2,6,80,68865,8,68945,82,68871,18.003537860287782
thoir,ghléib,4,12,1115,4.365535205752171,3.3655352057521712,4,8,1111,67830,12,68941,1115,67838,17.994289204176184
bhfearnóg,lisín,2,72,9,7.7334756983963695,6.7334756983963695,2,70,7,68874,72,68881,9,68944,17.99358565629892
chláirín,abhainn,3,519,9,5.468772472201958,4.468772472201958,3,516,6,68428,519,68434,9,68944,17.985793910410443
gránna,currach,2,298,3,7.2691946800976766,6.2691946800976766,2,296,1,68654,298,68655,3,68950,17.97926190180271
deirg,droim,5,1146,22,3.7734308487741552,2.7734308487741552,5,1141,17,67790,1146,67807,22,68931,17.978158132569376
heilte,léim,2,58,11,7.755913087516126,6.755913087516126,2,56,9,68886,58,68895,11,68942,17.97622478092701
fuinseoige,garrán,3,223,19,5.60946078863826,4.60946078863826,3,220,16,68714,223,68730,19,68934,17.972571883740375
tsonnaigh,lios,4,1124,12,4.353936880338913,3.353936880338913,4,1120,8,67821,1124,67829,12,68941,17.93198222702745
dheá,uí,5,2137,13,3.633442885367454,2.633442885367454,5,2132,8,66808,2137,66816,13,68940,17.930917080160086
bolg,cluain,5,1448,18,3.725482907642839,2.725482907642839,5,1443,13,67492,1448,67505,18,68935,17.92899638338671
chiara,droim,3,1146,5,5.173968778357883,4.173968778357883,3,1143,2,67805,1146,67807,5,68948,17.927363695127497
chraobh,droim,3,1146,5,5.173968778357883,4.173968778357883,3,1143,2,67805,1146,67807,5,68948,17.927363695127497
aonaigh,cnocán,4,332,36,4.528361268491757,3.528361268491757,4,328,32,68589,332,68621,36,68917,17.925862333609526
róin,carraig,5,819,30,3.8106435589188297,2.8106435589188297,5,814,25,68109,819,68134,30,68923,17.921435786000828
mhaighréide,paróiste,2,84,8,7.681008278502235,6.681008278502235,2,82,6,68863,84,68869,8,68945,17.906315707289547
stiabhna,paróiste,2,84,8,7.681008278502235,6.681008278502235,2,82,6,68863,84,68869,8,68945,17.906315707289547
ghearráin,easca,2,21,30,7.774117682893716,6.774117682893716,2,19,28,68904,21,68932,30,68923,17.903037283114664
bhanna,oileán,2,786,2,6.4549401990223885,5.4549401990223885,2,784,0,68167,786,68167,2,68951,17.901929767893055
pailme,oileán,2,786,2,6.4549401990223885,5.4549401990223885,2,784,0,68167,786,68167,2,68951,17.901929767893055
fainge,oileán,2,786,2,6.4549401990223885,5.4549401990223885,2,784,0,68167,786,68167,2,68951,17.901929767893055
tsindile,oileán,2,786,2,6.4549401990223885,5.4549401990223885,2,784,0,68167,786,68167,2,68951,17.901929767893055
ngeabhróg,oileán,2,786,2,6.4549401990223885,5.4549401990223885,2,784,0,68167,786,68167,2,68951,17.901929767893055
clutharach,oileán,2,786,2,6.4549401990223885,5.4549401990223885,2,784,0,68167,786,68167,2,68951,17.901929767893055
máisean,oileán,2,786,2,6.4549401990223885,5.4549401990223885,2,784,0,68167,786,68167,2,68951,17.901929767893055
bhromaigh,oileán,2,786,2,6.4549401990223885,5.4549401990223885,2,784,0,68167,786,68167,2,68951,17.901929767893055
fhiarach,cúl,3,886,6,5.282162812725977,4.282162812725977,3,883,3,68064,886,68067,6,68947,17.89638968799009
gcorra,cúl,3,886,6,5.282162812725977,4.282162812725977,3,883,3,68064,886,68067,6,68947,17.89638968799009
chromáin,ard,3,527,9,5.446704048922625,4.446704048922625,3,524,6,68420,527,68426,9,68944,17.89515262045645
sratha,baile,9,8348,16,2.216035817563472,1.2160358175634718,9,8339,7,60598,8348,60605,16,68937,17.8886716049006
gcon,cúl,5,886,28,3.7967359855557343,2.7967359855557343,5,881,23,68044,886,68067,28,68925,17.887865410196987
maoilíosa,teampall,2,305,3,7.235697768109589,6.235697768109589,2,303,1,68647,305,68648,3,68950,17.88628323736048
fiontain,teampall,2,305,3,7.235697768109589,6.235697768109589,2,303,1,68647,305,68648,3,68950,17.88628323736048
haithrí,teampall,2,305,3,7.235697768109589,6.235697768109589,2,303,1,68647,305,68648,3,68950,17.88628323736048
tsnámha,bhéal,2,54,12,7.7334756983963695,6.7334756983963695,2,52,10,68889,54,68899,12,68941,17.88535420800072
theas,ria,3,6,888,5.2789098349308885,4.2789098349308885,3,3,885,68062,6,68947,888,68065,17.883014306913
íochtair,leath,2,9,74,7.693947334209732,6.693947334209732,2,7,72,68872,9,68944,74,68879,17.882866776526534
riabhach,léana,4,39,307,4.5258286370485665,3.5258286370485665,4,35,303,68611,39,68914,307,68646,17.882060038011772
bean,faill,3,92,45,5.642873149615464,4.642873149615464,3,89,42,68819,92,68861,45,68908,17.879954564073046
riabh,cnoc,4,2293,7,4.102950139642597,3.102950139642597,4,2289,3,66657,2293,66660,7,68946,17.877125830928755
beitheach,tom,2,46,14,7.742408823166378,6.742408823166378,2,44,12,68895,46,68907,14,68939,17.870407399119344
gall,dún,4,667,19,4.443855236652825,3.4438552366528246,4,663,15,68271,667,68286,19,68934,17.86400822727456
mbó,átha,4,437,28,4.494481309722793,3.4944813097227927,4,433,24,68492,437,68516,28,68925,17.862400708667195
trá,béal,5,479,50,3.8475157606574517,2.8475157606574517,5,474,45,68429,479,68474,50,68903,17.8595798025071
meacan,alt,2,43,15,7.740170350970379,6.740170350970379,2,41,13,68897,43,68910,15,68938,17.84959537166301
dúlas,garraí,2,308,3,7.221576659864938,6.221576659864938,2,306,1,68644,308,68645,3,68950,17.847090317283925
nuinseannaigh,sliabh,2,309,3,7.216900172655465,6.216900172655465,2,307,1,68643,309,68644,3,68950,17.834111265692123
mairge,sliabh,2,309,3,7.216900172655465,6.216900172655465,2,307,1,68643,309,68644,3,68950,17.834111265692123
gcuillinn,sliabh,2,309,3,7.216900172655465,6.216900172655465,2,307,1,68643,309,68644,3,68950,17.834111265692123
ghairr,coill,3,896,6,5.26597077922339,4.26597077922339,3,893,3,68054,896,68057,6,68947,17.829816856567227
liatháin,cill,8,2693,32,2.678327186779323,1.678327186779323,8,2685,24,66236,2693,66260,32,68921,17.824747879964256
fhionn,mhainistir,2,23,28,7.742408823166378,6.742408823166378,2,21,26,68904,23,68930,28,68925,17.80787087197735
bhreacáin,cill,7,2693,24,2.9007196081157707,1.9007196081157707,7,2686,17,66243,2693,66260,24,68929,17.792917068978227
locha,ceann,7,251,229,3.069933281290883,2.069933281290883,7,244,222,68480,251,68702,229,68724,17.780003258479177
naodha,tír,2,152,5,7.503470092950047,6.503470092950047,2,150,3,68798,152,68801,5,68948,17.778524029353655
chait,carraig,4,819,16,4.395606059639986,3.395606059639986,4,815,12,68122,819,68134,16,68937,17.774784594871637
grian,crochta,2,13,51,7.700460641168408,6.700460641168408,2,11,49,68891,13,68940,51,68902,17.770080760945085
droim,ráth,11,1086,145,2.268039842098996,1.2680398420989958,11,1075,134,67733,1086,67867,145,68808,17.768272723267923
meacan,loch,5,1826,15,3.653892150575617,2.653892150575617,5,1821,10,67117,1826,67127,15,68938,17.766253671385872
duibh,con,2,15,44,7.707003487035179,6.707003487035179,2,13,42,68896,15,68938,44,68909,17.755833344599537
chróine,cill,5,2693,11,3.540823663029388,2.540823663029388,5,2688,6,66254,2693,66260,11,68942,17.75563183718939
damháin,cill,5,2693,11,3.540823663029388,2.540823663029388,5,2688,6,66254,2693,66260,11,68942,17.75563183718939
mhílis,baile,8,8348,13,2.3456710979800675,1.3456710979800675,8,8340,5,60600,8348,60605,13,68940,17.75531800746955
chuasáin,cúl,4,886,15,4.375272217117457,3.375272217117457,4,882,11,68056,886,68067,15,68938,17.739369920076324
gcoinneall,carraig,2,819,2,6.395606059639986,5.395606059639986,2,817,0,68134,819,68134,2,68951,17.7372152070833
shleáin,carraig,2,819,2,6.395606059639986,5.395606059639986,2,817,0,68134,819,68134,2,68951,17.7372152070833
mhuirne,carraig,2,819,2,6.395606059639986,5.395606059639986,2,817,0,68134,819,68134,2,68951,17.7372152070833
chlíona,carraig,2,819,2,6.395606059639986,5.395606059639986,2,817,0,68134,819,68134,2,68951,17.7372152070833
gcaoindealbháin,carraig,2,819,2,6.395606059639986,5.395606059639986,2,817,0,68134,819,68134,2,68951,17.7372152070833
aonar,carraig,2,819,2,6.395606059639986,5.395606059639986,2,817,0,68134,819,68134,2,68951,17.7372152070833
fost,carraig,2,819,2,6.395606059639986,5.395606059639986,2,817,0,68134,819,68134,2,68951,17.7372152070833
dísirt,cill,6,2693,17,3.1758268462501396,2.1758268462501396,6,2687,11,66249,2693,66260,17,68936,17.72625184750072
rón,cloch,3,220,20,5.555000393590129,4.555000393590129,3,217,17,68716,220,68733,20,68933,17.725106405134994
cruinn,toileán,3,220,20,5.555000393590129,4.555000393590129,3,217,17,68716,220,68733,20,68933,17.725106405134994
choscair,tulaigh,2,318,3,7.175480245275483,6.175480245275483,2,316,1,68634,318,68635,3,68950,17.719165150289278
naosca,tulaigh,2,318,3,7.175480245275483,6.175480245275483,2,316,1,68634,318,68635,3,68950,17.719165150289278
comair,cluain,4,1448,10,4.251551719310427,3.2515517193104273,4,1444,6,67499,1448,67505,10,68943,17.710525428077915
fobhair,cluain,4,1448,10,4.251551719310427,3.2515517193104273,4,1444,6,67499,1448,67505,10,68943,17.710525428077915
ghamhna,pholl,2,30,22,7.707003487035179,6.707003487035179,2,28,20,68903,30,68923,22,68931,17.708534019317693
aille,bhearna,2,30,22,7.707003487035179,6.707003487035179,2,28,20,68903,30,68923,22,68931,17.708534019317693
dáith,inis,3,355,13,5.486173269469014,4.486173269469014,3,352,10,68588,355,68598,13,68940,17.69673315009024
mór,tallt,6,18,2525,3.1862955280333196,2.1862955280333196,6,12,2519,66416,18,68935,2525,66428,17.67879091690824
loistreáin,tuar,2,89,8,7.597592270314597,6.597592270314597,2,87,6,68858,89,68864,8,68945,17.673191484074227
chuileannáin,ráithín,2,104,7,7.565531061082299,6.565531061082299,2,102,5,68844,104,68849,7,68946,17.664840809312363
fearna,easca,2,21,32,7.681008278502235,6.681008278502235,2,19,30,68902,21,68932,32,68921,17.637275581384404
ghearr,chrois,2,32,21,7.681008278502235,6.681008278502235,2,30,19,68902,32,68921,21,68932,17.637275581384404
seanáin,clochán,2,70,10,7.622114589448666,6.622114589448666,2,68,8,68875,70,68883,10,68943,17.63611712730663
naíon,crois,2,126,6,7.511083277059922,6.511083277059922,2,124,4,68823,126,68827,6,68947,17.627681654654747
chairthe,gleann,3,755,7,5.290600445732105,4.290600445732105,3,752,4,68194,755,68198,7,68946,17.625601697079233
lasrach,cillín,2,79,9,7.599619951661579,6.599619951661579,2,77,7,68867,79,68874,9,68944,17.618870071541195
bhuí,chreig,3,20,224,5.529005185057184,4.529005185057184,3,17,221,68712,20,68933,224,68729,17.618237176830643
choiléir,poll,3,394,12,5.451273881824618,4.451273881824618,3,391,9,68550,394,68559,12,68941,17.618074922920023
íochtarach,fearna,3,6,931,5.210688343722201,4.210688343722201,3,3,928,68019,6,68947,931,68022,17.60261173403402
bhodaigh,cnocán,3,332,14,5.475893848597622,4.475893848597622,3,329,11,68610,332,68621,14,68939,17.600331254759297
dearg,bhó,2,8,91,7.565531061082299,6.565531061082299,2,6,89,68856,8,68945,91,68862,17.583644809997924
leac,átha,4,437,29,4.443855236652825,3.4438552366528246,4,433,25,68491,437,68516,29,68924,17.572506631257298
dubh,slí,3,7,763,5.275394033110016,4.275394033110016,3,4,760,68186,7,68946,763,68190,17.56317321515477
dearg,teanach,3,48,91,5.565531061082298,4.565531061082298,3,45,88,68817,48,68905,91,68862,17.55277850890351
phobóil,cnocán,2,332,3,7.113323769212914,6.113323769212914,2,330,1,68620,332,68621,3,68950,17.5467061946619
cobhra,cnocán,2,332,3,7.113323769212914,6.113323769212914,2,330,1,68620,332,68621,3,68950,17.5467061946619
móire,habhann,2,13,54,7.617998480976434,6.617998480976434,2,11,52,68888,13,68940,54,68899,17.53793376705874
gaoth,muileann,4,93,132,4.489772770814509,3.4897727708145094,4,89,128,68732,93,68860,132,68821,17.524342168937384
bhairéadaigh,gráinseach,2,72,10,7.58147260495132,6.58147260495132,2,70,8,68873,72,68881,10,68943,17.52228044843845
raithin,mhaí,2,11,65,7.591526269615244,6.591526269615244,2,9,63,68879,11,68942,65,68888,17.51468416329526
gabhla,droim,5,1146,23,3.709300511354439,2.709300511354439,5,1141,18,67789,1146,67807,23,68930,17.508804603775726
loch,abhainn,5,519,48,3.7907005670893197,2.7907005670893197,5,514,43,68391,519,68434,48,68905,17.50674357267568
mac,coill,30,896,981,1.2347520486126704,0.2347520486126704,30,866,951,67106,896,68057,981,67972,17.499722225832222
uachtarach,fearna,3,6,948,5.1845824523827355,4.1845824523827355,3,3,945,68002,6,68947,948,68005,17.49536639576236
beag,dubh,10,86,1558,2.36350952340459,1.36350952340459,10,76,1548,67319,86,68867,1558,67395,17.49248123801589
gcrann,achadh,4,477,27,4.420592743112015,3.4205927431120147,4,473,23,68453,477,68476,27,68926,17.487321332094055
breaca,cloch,2,220,4,7.291965987756335,6.291965987756335,2,218,2,68731,220,68733,4,68949,17.47587997431966
dúna,léana,2,39,18,7.617998480976434,6.617998480976434,2,37,16,68898,39,68914,18,68935,17.474003461597224
thuaidh,sláine,2,2,876,6.298538641679821,5.298538641679821,2,0,874,68077,2,68951,876,68077,17.46776888248459
chontúirte,doire,2,876,2,6.298538641679821,5.298538641679821,2,874,0,68077,876,68077,2,68951,17.46776888248459
coinche,doire,2,876,2,6.298538641679821,5.298538641679821,2,874,0,68077,876,68077,2,68951,17.46776888248459
íce,doire,2,876,2,6.298538641679821,5.298538641679821,2,874,0,68077,876,68077,2,68951,17.46776888248459
broscaidh,doire,2,876,2,6.298538641679821,5.298538641679821,2,874,0,68077,876,68077,2,68951,17.46776888248459
ghualainne,doire,2,876,2,6.298538641679821,5.298538641679821,2,874,0,68077,876,68077,2,68951,17.46776888248459
bhriosc,doire,2,876,2,6.298538641679821,5.298538641679821,2,874,0,68077,876,68077,2,68951,17.46776888248459
laghadagáin,doire,2,876,2,6.298538641679821,5.298538641679821,2,874,0,68077,876,68077,2,68951,17.46776888248459
uchtach,doire,2,876,2,6.298538641679821,5.298538641679821,2,874,0,68077,876,68077,2,68951,17.46776888248459
mheithean,doire,2,876,2,6.298538641679821,5.298538641679821,2,874,0,68077,876,68077,2,68951,17.46776888248459
lúráin,doire,2,876,2,6.298538641679821,5.298538641679821,2,874,0,68077,876,68077,2,68951,17.46776888248459
bhroc,doire,2,876,2,6.298538641679821,5.298538641679821,2,874,0,68077,876,68077,2,68951,17.46776888248459
gasan,doire,2,876,2,6.298538641679821,5.298538641679821,2,874,0,68077,876,68077,2,68951,17.46776888248459
chanabhail,doire,2,876,2,6.298538641679821,5.298538641679821,2,874,0,68077,876,68077,2,68951,17.46776888248459
úbair,doire,2,876,2,6.298538641679821,5.298538641679821,2,874,0,68077,876,68077,2,68951,17.46776888248459
chrith,doire,2,876,2,6.298538641679821,5.298538641679821,2,874,0,68077,876,68077,2,68951,17.46776888248459
bhéal,loc,2,13,55,7.591526269615244,6.591526269615244,2,11,53,68887,13,68940,55,68898,17.463475860249208
ghuaire,ráth,4,1086,13,4.288077595335541,3.2880775953355412,4,1082,9,67858,1086,67867,13,68940,17.45835236993792
eilte,ráth,4,1086,13,4.288077595335541,3.2880775953355412,4,1082,9,67858,1086,67867,13,68940,17.45835236993792
uirbeach,thuaidh,2,8,94,7.518736849603358,6.518736849603358,2,6,92,68853,8,68945,94,68859,17.453003112885238
tuathail,glas,2,51,14,7.593545437251896,6.593545437251896,2,49,12,68890,51,68902,14,68939,17.450644460773624
bheagáin,imleach,2,32,22,7.613894082643697,6.613894082643697,2,30,20,68901,32,68921,22,68931,17.44283037065867
bó,oileán,8,786,104,2.754500480881296,1.7545004808812958,8,778,96,68071,786,68167,104,68849,17.44140307510984
saidhbhín,cathair,2,341,3,7.0747352715356655,6.0747352715356655,2,339,1,68611,341,68612,3,68950,17.43965923733631
chuileannach,cathair,2,341,3,7.0747352715356655,6.0747352715356655,2,339,1,68611,341,68612,3,68950,17.43965923733631
chríonaigh,doirín,2,110,7,7.484611065698731,6.484611065698731,2,108,5,68838,110,68843,7,68946,17.439230047206394
marcaigh,drom,2,342,3,7.070510685673941,6.070510685673941,2,340,1,68610,342,68611,3,68950,17.427940914712398
asáin,bealach,2,166,5,7.3763581750467075,6.3763581750467075,2,164,3,68784,166,68787,5,68948,17.42507779305371
thaidhgín,bealach,2,166,5,7.3763581750467075,6.3763581750467075,2,164,3,68784,166,68787,5,68948,17.42507779305371
garbháin,dún,4,667,20,4.369854655209047,3.369854655209047,4,663,16,68270,667,68286,20,68933,17.4240606050448
chnó,cúl,2,886,2,6.282162812725977,5.282162812725977,2,884,0,68067,886,68067,2,68951,17.422313828316693
cheárta,cúl,2,886,2,6.282162812725977,5.282162812725977,2,884,0,68067,886,68067,2,68951,17.422313828316693
eanga,cúl,2,886,2,6.282162812725977,5.282162812725977,2,884,0,68067,886,68067,2,68951,17.422313828316693
choirn,cúl,2,886,2,6.282162812725977,5.282162812725977,2,884,0,68067,886,68067,2,68951,17.422313828316693
airgthigh,cúl,2,886,2,6.282162812725977,5.282162812725977,2,884,0,68067,886,68067,2,68951,17.422313828316693
chneadáin,cúl,2,886,2,6.282162812725977,5.282162812725977,2,884,0,68067,886,68067,2,68951,17.422313828316693
gcuaráin,cúl,2,886,2,6.282162812725977,5.282162812725977,2,884,0,68067,886,68067,2,68951,17.422313828316693
birte,cúl,2,886,2,6.282162812725977,5.282162812725977,2,884,0,68067,886,68067,2,68951,17.422313828316693
eimhne,cúl,2,886,2,6.282162812725977,5.282162812725977,2,884,0,68067,886,68067,2,68951,17.422313828316693
haragaile,cúl,2,886,2,6.282162812725977,5.282162812725977,2,884,0,68067,886,68067,2,68951,17.422313828316693
chnáidí,cúl,2,886,2,6.282162812725977,5.282162812725977,2,884,0,68067,886,68067,2,68951,17.422313828316693
gheimhligh,cúl,2,886,2,6.282162812725977,5.282162812725977,2,884,0,68067,886,68067,2,68951,17.422313828316693
mholt,cúl,2,886,2,6.282162812725977,5.282162812725977,2,884,0,68067,886,68067,2,68951,17.422313828316693
dásanaigh,garrán,2,223,4,7.27242580136069,6.27242580136069,2,221,2,68728,223,68730,4,68949,17.421631587925628
ceol,garrán,2,223,4,7.27242580136069,6.27242580136069,2,221,2,68728,223,68730,4,68949,17.421631587925628
chiniféicigh,garrán,2,223,4,7.27242580136069,6.27242580136069,2,221,2,68728,223,68730,4,68949,17.421631587925628
caoin,teach,5,174,141,3.8127589479208353,2.8127589479208353,5,169,136,68643,174,68779,141,68812,17.420365613694322
tsneachta,log,2,133,6,7.433080765058649,6.433080765058649,2,131,4,68816,133,68820,6,68947,17.41053820728836
chrom,leaca,2,95,8,7.503470092950047,6.503470092950047,2,93,6,68852,95,68858,8,68945,17.410394603018677
mhanach,both,2,67,11,7.547804892185924,6.547804892185924,2,65,9,68877,67,68886,11,68942,17.392110441544787
ngall,mhachaire,2,13,56,7.565531061082299,6.565531061082299,2,11,54,68886,13,68940,56,68897,17.390390406331136
mhadaidh,lag,2,23,31,7.595567434837107,6.595567434837107,2,21,29,68901,23,68930,31,68922,17.388083318147533
fínín,tí,2,134,6,7.4222740101020666,6.4222740101020666,2,132,4,68815,134,68819,6,68947,17.380465061020836
ghabhlach,coill,2,896,2,6.265970779223391,5.265970779223391,2,894,0,68057,896,68057,2,68951,17.377369516334447
seoch,coill,2,896,2,6.265970779223391,5.265970779223391,2,894,0,68057,896,68057,2,68951,17.377369516334447
seansián,coill,2,896,2,6.265970779223391,5.265970779223391,2,894,0,68057,896,68057,2,68951,17.377369516334447
duithir,coill,2,896,2,6.265970779223391,5.265970779223391,2,894,0,68057,896,68057,2,68951,17.377369516334447
síochaire,coill,2,896,2,6.265970779223391,5.265970779223391,2,894,0,68057,896,68057,2,68951,17.377369516334447
pháide,coill,2,896,2,6.265970779223391,5.265970779223391,2,894,0,68057,896,68057,2,68951,17.377369516334447
dúda,coill,2,896,2,6.265970779223391,5.265970779223391,2,894,0,68057,896,68057,2,68951,17.377369516334447
úgáin,coill,2,896,2,6.265970779223391,5.265970779223391,2,894,0,68057,896,68057,2,68951,17.377369516334447
hiúraí,coill,2,896,2,6.265970779223391,5.265970779223391,2,894,0,68057,896,68057,2,68951,17.377369516334447
naonach,coill,2,896,2,6.265970779223391,5.265970779223391,2,894,0,68057,896,68057,2,68951,17.377369516334447
bhreacán,coill,2,896,2,6.265970779223391,5.265970779223391,2,894,0,68057,896,68057,2,68951,17.377369516334447
neantóige,coill,2,896,2,6.265970779223391,5.265970779223391,2,894,0,68057,896,68057,2,68951,17.377369516334447
mhaoiléidigh,coill,2,896,2,6.265970779223391,5.265970779223391,2,894,0,68057,896,68057,2,68951,17.377369516334447
chlochráin,coill,2,896,2,6.265970779223391,5.265970779223391,2,894,0,68057,896,68057,2,68951,17.377369516334447
úllaigh,coill,2,896,2,6.265970779223391,5.265970779223391,2,894,0,68057,896,68057,2,68951,17.377369516334447
fhallúin,coill,2,896,2,6.265970779223391,5.265970779223391,2,894,0,68057,896,68057,2,68951,17.377369516334447
fulachta,coill,2,896,2,6.265970779223391,5.265970779223391,2,894,0,68057,896,68057,2,68951,17.377369516334447
hume,coill,2,896,2,6.265970779223391,5.265970779223391,2,894,0,68057,896,68057,2,68951,17.377369516334447
mbuadáin,coill,2,896,2,6.265970779223391,5.265970779223391,2,894,0,68057,896,68057,2,68951,17.377369516334447
odhar,mullán,2,40,18,7.58147260495132,6.58147260495132,2,38,16,68897,40,68913,18,68935,17.37054253827349
luath,ceapach,2,112,7,7.458615857165786,6.458615857165786,2,110,5,68836,112,68841,7,68946,17.36678929779967
uchta,dún,3,667,8,5.276745250817566,4.276745250817566,3,664,5,68281,667,68286,8,68945,17.35548516249883
fhíne,dún,3,667,8,5.276745250817566,4.276745250817566,3,664,5,68281,667,68286,8,68945,17.35548516249883
chrupáin,loch,3,1826,4,4.823817152017929,3.823817152017929,3,1823,1,67126,1826,67127,4,68949,17.347494717783643
gile,loch,3,1826,4,4.823817152017929,3.823817152017929,3,1823,1,67126,1826,67127,4,68949,17.347494717783643
abhla,cluain,5,1448,19,3.647480395641566,2.647480395641566,5,1443,14,67491,1448,67505,19,68934,17.340930623289694
dara,cill,8,2693,33,2.633933067420869,1.6339330674208692,8,2685,25,66235,2693,66260,33,68920,17.339028175932825
doirín,loch,7,1826,35,2.9169265564094102,1.9169265564094102,7,1819,28,67099,1826,67127,35,68918,17.3337450697432
gcuach,buaile,2,170,5,7.34200667025593,6.34200667025593,2,168,3,68780,170,68783,5,68948,17.329612604374837
sceiche,corrán,3,62,73,5.514267332735258,4.514267332735258,3,59,70,68821,62,68891,73,68880,17.325544815555922
churaigh,scoilt,2,62,12,7.534166890172963,6.534166890172963,2,60,10,68881,62,68891,12,68941,17.32529076872872
bró,chluain,2,62,12,7.534166890172963,6.534166890172963,2,60,10,68881,62,68891,12,68941,17.32529076872872
uachtair,leath,2,9,85,7.494009763700981,6.494009763700981,2,7,83,68861,9,68944,85,68868,17.3236428203163
chuilinn,alt,3,43,106,5.504102992736853,4.504102992736853,3,40,103,68807,43,68910,106,68847,17.31048653182892
dhuibh,ghleanna,2,10,76,7.503470092950047,6.503470092950047,2,8,74,68869,10,68943,76,68877,17.303962990133506
mór,fhorrach,5,12,2525,3.508223622920682,2.508223622920682,5,7,2520,66421,12,68941,2525,66428,17.30204924043954
nua,bábhún,4,28,470,4.389453832658391,3.3894538326583907,4,24,466,68459,28,68925,470,68483,17.300547064075943
chonaill,rú,2,16,46,7.549763745223982,6.549763745223982,2,14,44,68893,16,68937,46,68907,17.29957298475232
aoidh,mac,3,980,6,5.136687762278424,4.136687762278424,3,977,3,67970,980,67973,6,68947,17.298691385655758
uidhilín,mac,3,980,6,5.136687762278424,4.136687762278424,3,977,3,67970,980,67973,6,68947,17.298691385655758
fhearaigh,mac,3,980,6,5.136687762278424,4.136687762278424,3,977,3,67970,980,67973,6,68947,17.298691385655758
céin,mac,3,980,6,5.136687762278424,4.136687762278424,3,977,3,67970,980,67973,6,68947,17.298691385655758
iarainn,fhir,2,14,53,7.538050324660192,6.538050324660192,2,12,51,68888,14,68939,53,68900,17.294438197556357
locha,cionn,5,109,229,3.7878656832944873,2.7878656832944873,5,104,224,68620,109,68844,229,68724,17.275410326277843
choiligh,cnoc,5,2293,13,3.5317934384464715,2.5317934384464715,5,2288,8,66652,2293,66660,13,68940,17.262941948866818
muice,ghlaise,2,12,63,7.511083277059922,6.511083277059922,2,10,61,68880,12,68941,63,68890,17.260533288344078
geargáin,gort,2,923,2,6.22313886363522,5.22313886363522,2,921,0,68030,923,68030,2,68951,17.2584834471766
greancha,gort,2,923,2,6.22313886363522,5.22313886363522,2,921,0,68030,923,68030,2,68951,17.2584834471766
lomán,gort,2,923,2,6.22313886363522,5.22313886363522,2,921,0,68030,923,68030,2,68951,17.2584834471766
dtíobh,gort,2,923,2,6.22313886363522,5.22313886363522,2,921,0,68030,923,68030,2,68951,17.2584834471766
hiomna,gort,2,923,2,6.22313886363522,5.22313886363522,2,921,0,68030,923,68030,2,68951,17.2584834471766
hurra,gort,2,923,2,6.22313886363522,5.22313886363522,2,921,0,68030,923,68030,2,68951,17.2584834471766
bheathaigh,gort,2,923,2,6.22313886363522,5.22313886363522,2,921,0,68030,923,68030,2,68951,17.2584834471766
abhall,doire,4,876,16,4.298538641679822,3.298538641679822,4,872,12,68065,876,68077,16,68937,17.255341594755844
garbh,drom,6,342,120,3.3335450915077343,2.3335450915077343,6,336,114,68497,342,68611,120,68833,17.25289420261793
bhláin,teach,2,174,5,7.308454110544904,6.308454110544904,2,172,3,68776,174,68779,5,68948,17.236388960333198
dhoire,cnoic,2,15,50,7.5225789158977525,6.5225789158977525,2,13,48,68890,15,68938,50,68903,17.23553386533814
tseiscinn,tigh,3,285,17,5.416007251699708,4.416007251699708,3,282,14,68654,285,68668,17,68936,17.234496612843103
darach,ais,2,9,87,7.460457203989954,6.460457203989954,2,7,85,68859,9,68944,87,68866,17.229923088345803
bréan,lochán,2,70,11,7.484611065698731,6.484611065698731,2,68,9,68874,70,68883,11,68942,17.215074342662927
bric,leitir,2,117,7,7.395606059639986,6.395606059639986,2,115,5,68831,117,68836,7,68946,17.191271138563835
fhód,maigh,2,363,3,6.984537462564088,5.984537462564088,2,361,1,68589,363,68590,3,68950,17.18950557554437
mhórdha,maigh,2,363,3,6.984537462564088,5.984537462564088,2,361,1,68589,363,68590,3,68950,17.18950557554437
cliara,maigh,2,363,3,6.984537462564088,5.984537462564088,2,361,1,68589,363,68590,3,68950,17.18950557554437
gcaisil,maigh,2,363,3,6.984537462564088,5.984537462564088,2,361,1,68589,363,68590,3,68950,17.18950557554437
bhachla,maigh,2,363,3,6.984537462564088,5.984537462564088,2,361,1,68589,363,68590,3,68950,17.18950557554437
chró,glais,2,18,42,7.511083277059922,6.511083277059922,2,16,40,68895,18,68935,42,68911,17.171387950020232
pholl,droichead,4,444,30,4.37201923932237,3.37201923932237,4,440,26,68483,444,68509,30,68923,17.171257107068264
chloichir,cúl,4,886,16,4.282162812725976,3.282162812725976,4,882,12,68055,886,68067,16,68937,17.16785393132845
chill,reilig,3,45,104,5.465995387531384,4.465995387531384,3,42,101,68807,45,68908,104,68849,17.147460235764903
beag,sagart,4,10,1558,4.145918088331963,3.145918088331963,4,6,1554,67389,10,68943,1558,67395,17.143557590733515
loiste,caisleán,4,480,28,4.359080183614872,3.3590801836148723,4,476,24,68449,480,68473,28,68925,17.138417342424017
réidh,maol,2,38,20,7.503470092950047,6.503470092950047,2,36,18,68897,38,68915,20,68933,17.13696337127756
caladh,tigh,4,285,46,4.394945636171878,3.3949456361718777,4,281,42,68626,285,68668,46,68907,17.128441077739925
fhinn,ghiolla,2,16,48,7.488363200559839,6.488363200559839,2,14,46,68891,16,68937,48,68905,17.126417890694455
mór,chloich,4,7,2525,3.9639031066968715,2.9639031066968715,4,3,2521,66425,7,68946,2525,66428,17.126362505904044
bhreac,chúirt,2,13,60,7.465995387531384,6.465995387531384,2,11,58,68882,13,68940,60,68893,17.11082190448228
crib,ros,2,371,3,6.953087823939035,5.953087823939035,2,369,1,68581,371,68582,3,68950,17.1023034681448
deochan,ros,2,371,3,6.953087823939035,5.953087823939035,2,369,1,68581,371,68582,3,68950,17.1023034681448
dumhach,ros,2,371,3,6.953087823939035,5.953087823939035,2,369,1,68581,371,68582,3,68950,17.1023034681448
gcairbre,ros,2,371,3,6.953087823939035,5.953087823939035,2,369,1,68581,371,68582,3,68950,17.1023034681448
chormaic,ráth,6,1086,40,3.251551719310427,2.251551719310427,6,1080,34,67833,1086,67867,40,68913,17.10091149719921
chladaigh,bá,2,80,10,7.429469511506269,6.429469511506269,2,78,8,68865,80,68873,10,68943,17.09704160875833
phádraig,eaglais,3,38,125,5.444576403896479,4.444576403896479,3,35,122,68793,38,68915,125,68828,17.083141389987848
bán,cnocán,9,332,323,2.532820916682457,1.5328209166824571,9,323,314,68307,332,68621,323,68630,17.055111974976285
fhinn,leac,3,99,48,5.443969081201385,4.443969081201385,3,96,45,68809,99,68854,48,68905,17.0495115015435
pháidín,ceathrú,4,452,30,4.346256143257289,3.346256143257289,4,448,26,68475,452,68501,30,68923,17.033828241664484
dtaobhán,barr,2,246,4,7.130811195941756,6.130811195941756,2,244,2,68705,246,68707,4,68949,17.02864466737571
thamhnaigh,barr,2,246,4,7.130811195941756,6.130811195941756,2,244,2,68705,246,68707,4,68949,17.02864466737571
gcurraithe,barr,2,246,4,7.130811195941756,6.130811195941756,2,244,2,68705,246,68707,4,68949,17.02864466737571
droichid,chill,4,185,71,4.392197121260001,3.3921971212600006,4,181,67,68701,185,68768,71,68882,17.02450572464209
ngabhar,gráig,3,68,70,5.441542343806845,4.441542343806845,3,65,67,68818,68,68885,70,68883,17.021844329470625
croí,mac,2,980,2,6.136687762278425,5.136687762278425,2,978,0,67973,980,67973,2,68951,17.018537682618902
giobac,mac,2,980,2,6.136687762278425,5.136687762278425,2,978,0,67973,980,67973,2,68951,17.018537682618902
shráidín,mac,2,980,2,6.136687762278425,5.136687762278425,2,978,0,67973,980,67973,2,68951,17.018537682618902
íre,mac,2,980,2,6.136687762278425,5.136687762278425,2,978,0,67973,980,67973,2,68951,17.018537682618902
cannagáin,mac,2,980,2,6.136687762278425,5.136687762278425,2,978,0,67973,980,67973,2,68951,17.018537682618902
cróinín,mac,2,980,2,6.136687762278425,5.136687762278425,2,978,0,67973,980,67973,2,68951,17.018537682618902
dhúg,mac,2,980,2,6.136687762278425,5.136687762278425,2,978,0,67973,980,67973,2,68951,17.018537682618902
cullach,mac,2,980,2,6.136687762278425,5.136687762278425,2,978,0,67973,980,67973,2,68951,17.018537682618902
éinigh,mac,2,980,2,6.136687762278425,5.136687762278425,2,978,0,67973,980,67973,2,68951,17.018537682618902
rá,mac,2,980,2,6.136687762278425,5.136687762278425,2,978,0,67973,980,67973,2,68951,17.018537682618902
lionnáin,mac,2,980,2,6.136687762278425,5.136687762278425,2,978,0,67973,980,67973,2,68951,17.018537682618902
raith,mac,2,980,2,6.136687762278425,5.136687762278425,2,978,0,67973,980,67973,2,68951,17.018537682618902
leoid,mac,2,980,2,6.136687762278425,5.136687762278425,2,978,0,67973,980,67973,2,68951,17.018537682618902
cuirc,mac,2,980,2,6.136687762278425,5.136687762278425,2,978,0,67973,980,67973,2,68951,17.018537682618902
thalmhaigh,mac,2,980,2,6.136687762278425,5.136687762278425,2,978,0,67973,980,67973,2,68951,17.018537682618902
cionaín,mac,2,980,2,6.136687762278425,5.136687762278425,2,978,0,67973,980,67973,2,68951,17.018537682618902
comhghaill,mac,2,980,2,6.136687762278425,5.136687762278425,2,978,0,67973,980,67973,2,68951,17.018537682618902
cuaille,mac,2,980,2,6.136687762278425,5.136687762278425,2,978,0,67973,980,67973,2,68951,17.018537682618902
iair,mac,2,980,2,6.136687762278425,5.136687762278425,2,978,0,67973,980,67973,2,68951,17.018537682618902
cuidithigh,mac,2,980,2,6.136687762278425,5.136687762278425,2,978,0,67973,980,67973,2,68951,17.018537682618902
stola,mac,2,980,2,6.136687762278425,5.136687762278425,2,978,0,67973,980,67973,2,68951,17.018537682618902
fhailígh,mac,2,980,2,6.136687762278425,5.136687762278425,2,978,0,67973,980,67973,2,68951,17.018537682618902
shéathrúin,mac,2,980,2,6.136687762278425,5.136687762278425,2,978,0,67973,980,67973,2,68951,17.018537682618902
cnáimhín,mac,2,980,2,6.136687762278425,5.136687762278425,2,978,0,67973,980,67973,2,68951,17.018537682618902
gruagáin,mac,2,980,2,6.136687762278425,5.136687762278425,2,978,0,67973,980,67973,2,68951,17.018537682618902
ceoch,mac,2,980,2,6.136687762278425,5.136687762278425,2,978,0,67973,980,67973,2,68951,17.018537682618902
róin,cladach,2,26,30,7.465995387531384,6.465995387531384,2,24,28,68899,26,68927,30,68923,17.01392528547722
léithín,ghleann,2,92,9,7.37983874378167,6.37983874378167,2,90,7,68854,92,68861,9,68944,17.004881168647923
mhíl,rinn,3,236,21,5.383327729861549,4.383327729861549,3,233,18,68699,236,68717,21,68932,16.999249169627536
muir,rinn,3,236,21,5.383327729861549,4.383327729861549,3,233,18,68699,236,68717,21,68932,16.999249169627536
óraí,áth,2,381,3,6.914716013066516,5.914716013066516,2,379,1,68571,381,68572,3,68950,16.99592187199696
trasnáin,áth,2,381,3,6.914716013066516,5.914716013066516,2,379,1,68571,381,68572,3,68950,16.99592187199696
cros,áth,2,381,3,6.914716013066516,5.914716013066516,2,379,1,68571,381,68572,3,68950,16.99592187199696
bheannlomáin,áth,2,381,3,6.914716013066516,5.914716013066516,2,379,1,68571,381,68572,3,68950,16.99592187199696
tobair,cnoc,14,2293,115,1.87216993281343,0.87216993281343,14,2279,101,66559,2293,66660,115,68838,16.991858944634572
bheagnait,chill,2,185,5,7.22001614587732,6.22001614587732,2,183,3,68765,185,68768,5,68948,16.990769417037416
lomáin,port,3,189,26,5.395606059639986,4.395606059639986,3,186,23,68741,189,68764,26,68927,16.97200879521325
gcreach,loch,4,1826,9,4.068929649854461,3.0689296498544607,4,1822,5,67122,1826,67127,9,68944,16.96142432444825
neachtain,mac,4,980,15,4.229797166669906,3.229797166669906,4,976,11,67962,980,67973,15,68938,16.961353098136776
nialláin,uí,4,2137,8,4.011954508621184,3.0119545086211836,4,2133,4,66812,2137,66816,8,68945,16.96048559842435
laoigh,uí,4,2137,8,4.011954508621184,3.0119545086211836,4,2133,4,66812,2137,66816,8,68945,16.96048559842435
chonaire,uí,4,2137,8,4.011954508621184,3.0119545086211836,4,2133,4,66812,2137,66816,8,68945,16.96048559842435
duimhche,ceann,2,251,4,7.101782147330222,6.101782147330222,2,249,2,68700,251,68702,4,68949,16.948124504266836
cruinn,charraig,3,251,20,5.364816553164016,4.364816553164016,3,248,17,68685,251,68702,20,68933,16.944398074998187
ghuail,glaise,2,40,20,7.429469511506269,6.429469511506269,2,38,18,68895,40,68913,20,68933,16.927384668645104
uamha,binn,2,125,7,7.300186494561303,6.300186494561303,2,123,5,68823,125,68828,7,68946,16.92566174604539
tseoinín,fearann,2,388,3,6.888450358372711,5.888450358372711,2,386,1,68564,388,68565,3,68950,16.923112122130338
tulcháin,port,2,189,5,7.18915518217256,6.18915518217256,2,187,3,68761,189,68764,5,68948,16.905092784425108
stapail,baile,4,8348,4,3.046110816121159,2.046110816121159,4,8344,0,60605,8348,60605,4,68949,16.89290987728183
brigín,baile,4,8348,4,3.046110816121159,2.046110816121159,4,8344,0,60605,8348,60605,4,68949,16.89290987728183
gunnair,baile,4,8348,4,3.046110816121159,2.046110816121159,4,8344,0,60605,8348,60605,4,68949,16.89290987728183
formaid,baile,4,8348,4,3.046110816121159,2.046110816121159,4,8344,0,60605,8348,60605,4,68949,16.89290987728183
naosa,baile,4,8348,4,3.046110816121159,2.046110816121159,4,8344,0,60605,8348,60605,4,68949,16.89290987728183
luibhéid,baile,4,8348,4,3.046110816121159,2.046110816121159,4,8344,0,60605,8348,60605,4,68949,16.89290987728183
tsailéaraigh,baile,4,8348,4,3.046110816121159,2.046110816121159,4,8344,0,60605,8348,60605,4,68949,16.89290987728183
fraghain,baile,4,8348,4,3.046110816121159,2.046110816121159,4,8344,0,60605,8348,60605,4,68949,16.89290987728183
bharbaigh,baile,4,8348,4,3.046110816121159,2.046110816121159,4,8344,0,60605,8348,60605,4,68949,16.89290987728183
mharascail,baile,4,8348,4,3.046110816121159,2.046110816121159,4,8344,0,60605,8348,60605,4,68949,16.89290987728183
ghib,baile,4,8348,4,3.046110816121159,2.046110816121159,4,8344,0,60605,8348,60605,4,68949,16.89290987728183
liopaigh,baile,4,8348,4,3.046110816121159,2.046110816121159,4,8344,0,60605,8348,60605,4,68949,16.89290987728183
abhallortaigh,baile,4,8348,4,3.046110816121159,2.046110816121159,4,8344,0,60605,8348,60605,4,68949,16.89290987728183
mhúráin,baile,4,8348,4,3.046110816121159,2.046110816121159,4,8344,0,60605,8348,60605,4,68949,16.89290987728183
sonnáin,baile,4,8348,4,3.046110816121159,2.046110816121159,4,8344,0,60605,8348,60605,4,68949,16.89290987728183
hartaigh,baile,4,8348,4,3.046110816121159,2.046110816121159,4,8344,0,60605,8348,60605,4,68949,16.89290987728183
phirín,baile,4,8348,4,3.046110816121159,2.046110816121159,4,8344,0,60605,8348,60605,4,68949,16.89290987728183
gháire,baile,4,8348,4,3.046110816121159,2.046110816121159,4,8344,0,60605,8348,60605,4,68949,16.89290987728183
úlaidh,baile,4,8348,4,3.046110816121159,2.046110816121159,4,8344,0,60605,8348,60605,4,68949,16.89290987728183
huntaigh,baile,4,8348,4,3.046110816121159,2.046110816121159,4,8344,0,60605,8348,60605,4,68949,16.89290987728183
tiúigh,baile,4,8348,4,3.046110816121159,2.046110816121159,4,8344,0,60605,8348,60605,4,68949,16.89290987728183
nodach,baile,4,8348,4,3.046110816121159,2.046110816121159,4,8344,0,60605,8348,60605,4,68949,16.89290987728183
mhontáin,baile,4,8348,4,3.046110816121159,2.046110816121159,4,8344,0,60605,8348,60605,4,68949,16.89290987728183
fhuarthain,baile,4,8348,4,3.046110816121159,2.046110816121159,4,8344,0,60605,8348,60605,4,68949,16.89290987728183
órlaithe,baile,4,8348,4,3.046110816121159,2.046110816121159,4,8344,0,60605,8348,60605,4,68949,16.89290987728183
bhromáin,baile,4,8348,4,3.046110816121159,2.046110816121159,4,8344,0,60605,8348,60605,4,68949,16.89290987728183
chleiméasaigh,baile,4,8348,4,3.046110816121159,2.046110816121159,4,8344,0,60605,8348,60605,4,68949,16.89290987728183
charránaigh,baile,4,8348,4,3.046110816121159,2.046110816121159,4,8344,0,60605,8348,60605,4,68949,16.89290987728183
thréidín,baile,4,8348,4,3.046110816121159,2.046110816121159,4,8344,0,60605,8348,60605,4,68949,16.89290987728183
féitheán,baile,4,8348,4,3.046110816121159,2.046110816121159,4,8344,0,60605,8348,60605,4,68949,16.89290987728183
bhaspailigh,baile,4,8348,4,3.046110816121159,2.046110816121159,4,8344,0,60605,8348,60605,4,68949,16.89290987728183
eaglais,reilig,2,45,18,7.411547603509007,6.411547603509007,2,43,16,68892,45,68908,18,68935,16.89025872037749
péiste,allt,2,35,23,7.420480728279015,6.420480728279015,2,33,21,68897,35,68918,23,68930,16.889704589811224
baile,gléib,4,31,445,4.3214678650403595,3.3214678650403595,4,27,441,68481,31,68922,445,68508,16.885582161227198
dhuibh,shéamais,2,11,76,7.365966569200112,6.365966569200112,2,9,74,68868,11,68942,76,68877,16.88309444303472
buí,currach,9,298,364,2.516287542062449,1.5162875420624489,9,289,355,68300,298,68655,364,68589,16.88279736485194
chléithe,tír,2,152,6,7.2404356871162525,6.2404356871162525,2,150,4,68797,152,68801,6,68947,16.87482655661453
grian,tuaim,3,96,51,5.4009003593094995,4.4009003593094995,3,93,48,68809,96,68857,51,68902,16.865978723337612
chosáin,poll,2,394,3,6.866311381103462,5.866311381103462,2,392,1,68558,394,68559,3,68950,16.861747337221654
coimín,baile,6,8348,8,2.631073316842316,1.6310733168423162,6,8342,2,60603,8348,60605,8,68945,16.85911727435893
cheantaigh,baile,6,8348,8,2.631073316842316,1.6310733168423162,6,8342,2,60603,8348,60605,8,68945,16.85911727435893
chradógaigh,baile,6,8348,8,2.631073316842316,1.6310733168423162,6,8342,2,60603,8348,60605,8,68945,16.85911727435893
gallda,baile,6,8348,8,2.631073316842316,1.6310733168423162,6,8342,2,60603,8348,60605,8,68945,16.85911727435893
giolcaí,gort,4,923,16,4.223138863635221,3.2231388636352207,4,919,12,68018,923,68030,16,68937,16.852880272244384
mhártain,díseart,2,37,22,7.404440717014747,6.404440717014747,2,35,20,68896,37,68916,22,68931,16.84742641826961
ghrianáin,cloch,3,220,23,5.353366532420479,4.353366532420479,3,217,20,68713,220,68733,23,68930,16.84061876874192
phrióra,cloch,3,220,23,5.353366532420479,4.353366532420479,3,217,20,68713,220,68733,23,68930,16.84061876874192
tsleasa,choill,2,258,4,7.062098445857741,6.062098445857741,2,256,2,68693,258,68695,4,68949,16.838070846932894
cló,mullach,2,258,4,7.062098445857741,6.062098445857741,2,256,2,68693,258,68695,4,68949,16.838070846932894
beag,liath,7,42,1558,2.882883682498169,1.8828836824981692,7,35,1551,67360,42,68911,1558,67395,16.83705802301767
héille,tuaim,2,96,9,7.318438199117526,6.318438199117526,2,94,7,68850,96,68857,9,68944,16.833618288560206
sionnach,droim,6,1146,39,3.2104946543829973,2.2104946543829973,6,1140,33,67774,1146,67807,39,68914,16.81018182711917
bhuí,mhóin,5,117,224,3.7175341545273484,2.7175341545273484,5,112,219,68617,117,68836,224,68729,16.810058753402963
chnoic,baile,31,8348,120,1.0934165308995163,0.09341653089951629,31,8317,89,60516,8348,60605,120,68833,16.80101300916465
míoltóg,tamhnaigh,2,97,9,7.303487857651554,6.303487857651554,2,95,7,68849,97,68856,9,68944,16.791934889821796
buí,táth,4,38,364,4.317603547638713,3.317603547638713,4,34,360,68555,38,68915,364,68589,16.778483708041065
fraoigh,inis,4,355,39,4.316248268026702,3.316248268026702,4,351,35,68563,355,68598,39,68914,16.761771645522888
mhuire,reilig,3,45,111,5.37201923932237,4.37201923932237,3,42,108,68800,45,68908,111,68842,16.759606692242563
barr,portach,2,32,26,7.372885983139903,6.372885983139903,2,30,24,68897,32,68921,26,68927,16.748453857422373
bhoithe,doire,3,876,7,5.076146220343373,4.076146220343373,3,873,4,68073,876,68077,7,68946,16.746268006285803
mór,cheapach,10,57,2525,2.260296109477096,1.2602961094770961,10,47,2515,66381,57,68896,2525,66428,16.73400621650844
thuaidh,iúir,4,17,876,4.211075800429482,3.211075800429482,4,13,872,68064,17,68936,876,68077,16.725310719589288
chait,cnocán,3,332,16,5.283248770655226,4.283248770655226,3,329,13,68608,332,68621,16,68937,16.725219978659762
mhaoir,leac,2,99,9,7.274044079759072,6.274044079759072,2,97,7,68847,99,68854,9,68944,16.70986149069872
fada,drom,8,342,249,2.6954712543270163,1.6954712543270163,8,334,241,68370,342,68611,249,68704,16.68604688424052
sceiche,meall,3,69,73,5.359939186343965,4.359939186343965,3,66,70,68814,69,68884,73,68880,16.682751819445862
ard,dún,13,667,341,1.9785945392133293,0.9785945392133293,13,654,328,67958,667,68286,341,68612,16.680344730596797
mhaine,cúl,3,886,7,5.059770391389528,4.059770391389528,3,883,4,68063,886,68067,7,68946,16.679221886023846
seamróg,cúl,3,886,7,5.059770391389528,4.059770391389528,3,883,4,68063,886,68067,7,68946,16.679221886023846
bharúnaigh,fearann,3,388,14,5.251020437757419,4.251020437757419,3,385,11,68554,388,68565,14,68939,16.67913692340123
theas,bheathach,3,7,888,5.056517413594441,4.056517413594441,3,4,885,68061,7,68946,888,68065,16.665905274458286
sláine,tí,2,134,7,7.199881588765619,6.199881588765619,2,132,5,68814,134,68819,7,68946,16.646693566356618
flainn,tí,2,134,7,7.199881588765619,6.199881588765619,2,132,5,68814,134,68819,7,68946,16.646693566356618
bhfia,leacain,2,39,22,7.32849186378145,6.32849186378145,2,37,20,68894,39,68914,22,68931,16.632265806051013
bhfia,léana,2,39,22,7.32849186378145,6.32849186378145,2,37,20,68894,39,68914,22,68931,16.632265806051013
iarla,móin,4,279,50,4.305348199677082,3.3053481996770824,4,275,46,68628,279,68674,50,68903,16.627997912237394
cholgan,cill,4,2693,7,3.870972264721719,2.870972264721719,4,2689,3,66257,2693,66260,7,68946,16.6258426762328
aodháin,cill,4,2693,7,3.870972264721719,2.870972264721719,4,2689,3,66257,2693,66260,7,68946,16.6258426762328
chéire,cill,4,2693,7,3.870972264721719,2.870972264721719,4,2689,3,66257,2693,66260,7,68946,16.6258426762328
mosheanóg,cill,4,2693,7,3.870972264721719,2.870972264721719,4,2689,3,66257,2693,66260,7,68946,16.6258426762328
bharróg,cill,4,2693,7,3.870972264721719,2.870972264721719,4,2689,3,66257,2693,66260,7,68946,16.6258426762328
chomháin,cill,4,2693,7,3.870972264721719,2.870972264721719,4,2689,3,66257,2693,66260,7,68946,16.6258426762328
iníne,cill,4,2693,7,3.870972264721719,2.870972264721719,4,2689,3,66257,2693,66260,7,68946,16.6258426762328
martra,cill,4,2693,7,3.870972264721719,2.870972264721719,4,2689,3,66257,2693,66260,7,68946,16.6258426762328
síoláin,cill,4,2693,7,3.870972264721719,2.870972264721719,4,2689,3,66257,2693,66260,7,68946,16.6258426762328
chárthaigh,cill,4,2693,7,3.870972264721719,2.870972264721719,4,2689,3,66257,2693,66260,7,68946,16.6258426762328
molaise,cill,4,2693,7,3.870972264721719,2.870972264721719,4,2689,3,66257,2693,66260,7,68946,16.6258426762328
ala,cill,4,2693,7,3.870972264721719,2.870972264721719,4,2689,3,66257,2693,66260,7,68946,16.6258426762328
leaba,gleann,3,755,8,5.09795536778971,4.09795536778971,3,752,5,68193,755,68198,8,68945,16.62323752242725
theas,iúir,4,17,888,4.191446993680549,3.1914469936805494,4,13,884,68052,17,68936,888,68065,16.62080181952516
gharbh,abha,3,56,91,5.343138639745851,4.343138639745851,3,53,88,68809,56,68897,91,68862,16.620453128912175
aille,dún,4,667,22,4.2323511314591125,3.2323511314591125,4,663,18,68268,667,68286,22,68931,16.61668668327949
áine,dún,4,667,22,4.2323511314591125,3.2323511314591125,4,663,18,68268,667,68286,22,68931,16.61668668327949
dúin,cnoc,14,2293,117,1.8472952641744007,0.8472952641744007,14,2279,103,66557,2293,66660,117,68836,16.612045471263716
cheinnigh,ráth,2,1086,2,5.988517313476634,4.988517313476634,2,1084,0,67867,1086,67867,2,68951,16.607323059572263
leigéadaigh,ráth,2,1086,2,5.988517313476634,4.988517313476634,2,1084,0,67867,1086,67867,2,68951,16.607323059572263
cláiris,ráth,2,1086,2,5.988517313476634,4.988517313476634,2,1084,0,67867,1086,67867,2,68951,16.607323059572263
thoirtín,ráth,2,1086,2,5.988517313476634,4.988517313476634,2,1084,0,67867,1086,67867,2,68951,16.607323059572263
fiachrach,ráth,2,1086,2,5.988517313476634,4.988517313476634,2,1084,0,67867,1086,67867,2,68951,16.607323059572263
dhreóin,ráth,2,1086,2,5.988517313476634,4.988517313476634,2,1084,0,67867,1086,67867,2,68951,16.607323059572263
gcuanáin,ráth,2,1086,2,5.988517313476634,4.988517313476634,2,1084,0,67867,1086,67867,2,68951,16.607323059572263
bhaightiúnaigh,ráth,2,1086,2,5.988517313476634,4.988517313476634,2,1084,0,67867,1086,67867,2,68951,16.607323059572263
aibhistín,ráth,2,1086,2,5.988517313476634,4.988517313476634,2,1084,0,67867,1086,67867,2,68951,16.607323059572263
ghreanachair,ráth,2,1086,2,5.988517313476634,4.988517313476634,2,1084,0,67867,1086,67867,2,68951,16.607323059572263
cuala,ráth,2,1086,2,5.988517313476634,4.988517313476634,2,1084,0,67867,1086,67867,2,68951,16.607323059572263
cae,ráth,2,1086,2,5.988517313476634,4.988517313476634,2,1084,0,67867,1086,67867,2,68951,16.607323059572263
bhroíle,ráth,2,1086,2,5.988517313476634,4.988517313476634,2,1084,0,67867,1086,67867,2,68951,16.607323059572263
fulrachta,ráth,2,1086,2,5.988517313476634,4.988517313476634,2,1084,0,67867,1086,67867,2,68951,16.607323059572263
thóma,ráth,2,1086,2,5.988517313476634,4.988517313476634,2,1084,0,67867,1086,67867,2,68951,16.607323059572263
loisc,ráth,2,1086,2,5.988517313476634,4.988517313476634,2,1084,0,67867,1086,67867,2,68951,16.607323059572263
bhoidhbh,ráth,2,1086,2,5.988517313476634,4.988517313476634,2,1084,0,67867,1086,67867,2,68951,16.607323059572263
cabáin,ráth,2,1086,2,5.988517313476634,4.988517313476634,2,1084,0,67867,1086,67867,2,68951,16.607323059572263
mhallacht,ráth,2,1086,2,5.988517313476634,4.988517313476634,2,1084,0,67867,1086,67867,2,68951,16.607323059572263
phiastúin,ráth,2,1086,2,5.988517313476634,4.988517313476634,2,1084,0,67867,1086,67867,2,68951,16.607323059572263
chonaíolaigh,ráth,2,1086,2,5.988517313476634,4.988517313476634,2,1084,0,67867,1086,67867,2,68951,16.607323059572263
críodáin,ráth,2,1086,2,5.988517313476634,4.988517313476634,2,1084,0,67867,1086,67867,2,68951,16.607323059572263
fhoirbe,ráth,2,1086,2,5.988517313476634,4.988517313476634,2,1084,0,67867,1086,67867,2,68951,16.607323059572263
bhearnait,ráth,2,1086,2,5.988517313476634,4.988517313476634,2,1084,0,67867,1086,67867,2,68951,16.607323059572263
ana,ráth,2,1086,2,5.988517313476634,4.988517313476634,2,1084,0,67867,1086,67867,2,68951,16.607323059572263
choire,poll,4,394,36,4.281348880382306,3.281348880382306,4,390,32,68527,394,68559,36,68917,16.606359085633308
bhiocáire,baile,9,8348,17,2.1285729763131327,1.1285729763131327,9,8339,8,60597,8348,60605,17,68936,16.568443904602947
phearsúin,baile,9,8348,17,2.1285729763131327,1.1285729763131327,9,8339,8,60597,8348,60605,17,68936,16.568443904602947
chora,carraigeacha,2,38,23,7.301836231780397,6.301836231780397,2,36,21,68894,38,68915,23,68930,16.553213844990122
ghalláin,meall,2,69,13,7.264361526361734,6.264361526361734,2,67,11,68873,69,68884,13,68940,16.54576795097978
ciara,cluain,3,1448,5,4.836514220031583,3.8365142200315834,3,1445,2,67503,1448,67505,5,68948,16.540144467514885
thoir,ngabhar,3,6,1115,4.950497706473327,3.9504977064733273,3,3,1112,67835,6,68947,1115,67838,16.535163260224202
bhanú,móin,2,279,4,6.949204389451808,5.949204389451808,2,277,2,68672,279,68674,4,68949,16.525112265583235
gcuanach,dún,3,667,9,5.106820249375254,4.106820249375254,3,664,6,68280,667,68286,9,68944,16.502597168560555
machan,dún,3,667,9,5.106820249375254,4.106820249375254,3,664,6,68280,667,68286,9,68944,16.502597168560555
cathair,sráid,2,16,56,7.26597077922339,6.26597077922339,2,14,54,68883,16,68937,56,68897,16.50084549915483
dubh,toileán,11,220,763,2.175858359559102,1.175858359559102,11,209,752,67981,220,68733,763,68190,16.488659152016908
ghuail,gleann,4,755,20,4.191064772181191,3.191064772181191,4,751,16,68182,755,68198,20,68933,16.47110220785496
cartáin,lios,2,1124,2,5.938899381060069,4.938899381060069,2,1122,0,67829,1124,67829,2,68951,16.469628266840253
ndufaigh,lios,2,1124,2,5.938899381060069,4.938899381060069,2,1122,0,67829,1124,67829,2,68951,16.469628266840253
dubhairt,lios,2,1124,2,5.938899381060069,4.938899381060069,2,1122,0,67829,1124,67829,2,68951,16.469628266840253
glinn,lios,2,1124,2,5.938899381060069,4.938899381060069,2,1122,0,67829,1124,67829,2,68951,16.469628266840253
ród,lios,2,1124,2,5.938899381060069,4.938899381060069,2,1122,0,67829,1124,67829,2,68951,16.469628266840253
ardachaidh,lios,2,1124,2,5.938899381060069,4.938899381060069,2,1122,0,67829,1124,67829,2,68951,16.469628266840253
teileáin,lios,2,1124,2,5.938899381060069,4.938899381060069,2,1122,0,67829,1124,67829,2,68951,16.469628266840253
ndróin,lios,2,1124,2,5.938899381060069,4.938899381060069,2,1122,0,67829,1124,67829,2,68951,16.469628266840253
feannáin,lios,2,1124,2,5.938899381060069,4.938899381060069,2,1122,0,67829,1124,67829,2,68951,16.469628266840253
coinéad,lios,2,1124,2,5.938899381060069,4.938899381060069,2,1122,0,67829,1124,67829,2,68951,16.469628266840253
comhain,lios,2,1124,2,5.938899381060069,4.938899381060069,2,1122,0,67829,1124,67829,2,68951,16.469628266840253
maoileachlainn,lios,2,1124,2,5.938899381060069,4.938899381060069,2,1122,0,67829,1124,67829,2,68951,16.469628266840253
mhaighreáin,lios,2,1124,2,5.938899381060069,4.938899381060069,2,1122,0,67829,1124,67829,2,68951,16.469628266840253
seandrom,lios,2,1124,2,5.938899381060069,4.938899381060069,2,1122,0,67829,1124,67829,2,68951,16.469628266840253
maothaile,lios,2,1124,2,5.938899381060069,4.938899381060069,2,1122,0,67829,1124,67829,2,68951,16.469628266840253
teilice,lios,2,1124,2,5.938899381060069,4.938899381060069,2,1122,0,67829,1124,67829,2,68951,16.469628266840253
ciaráin,dhún,2,65,14,7.243602966194937,6.243602966194937,2,63,12,68876,65,68888,14,68939,16.467977634234334
háithe,gort,5,923,31,3.590870648135707,2.590870648135707,5,918,26,68004,923,68030,31,68922,16.467606664788036
rosann,trá,2,211,5,7.030298417686447,6.030298417686447,2,209,3,68739,211,68742,5,68948,16.464346725880144
fearna,bealach,3,166,32,5.283248770655226,4.283248770655226,3,163,29,68758,166,68787,32,68921,16.45461073584079
meantán,átha,2,437,3,6.71687373105924,5.71687373105924,2,435,1,68515,437,68516,3,68950,16.447670798617025
ghártha,átha,2,437,3,6.71687373105924,5.71687373105924,2,435,1,68515,437,68516,3,68950,16.447670798617025
lúb,átha,2,437,3,6.71687373105924,5.71687373105924,2,435,1,68515,437,68516,3,68950,16.447670798617025
tseagail,sraith,2,32,28,7.26597077922339,6.26597077922339,2,30,26,68895,32,68921,28,68925,16.442198761710884
creiche,gort,3,923,7,5.000746442298772,4.000746442298772,3,920,4,68026,923,68030,7,68946,16.437690045349036
chonnaidh,cnoicín,2,25,36,7.259544510063958,6.259544510063958,2,23,34,68894,25,68928,36,68917,16.428039228689443
chochláin,uí,3,2137,4,4.596917009342341,3.5969170093423406,3,2134,1,66815,2137,66816,4,68949,16.41241314760486
mhaolagáin,uí,3,2137,4,4.596917009342341,3.5969170093423406,3,2134,1,66815,2137,66816,4,68949,16.41241314760486
mhaoileoin,uí,3,2137,4,4.596917009342341,3.5969170093423406,3,2134,1,66815,2137,66816,4,68949,16.41241314760486
shírín,uí,3,2137,4,4.596917009342341,3.5969170093423406,3,2134,1,66815,2137,66816,4,68949,16.41241314760486
sháithil,uí,3,2137,4,4.596917009342341,3.5969170093423406,3,2134,1,66815,2137,66816,4,68949,16.41241314760486
mhuimhneacháin,uí,3,2137,4,4.596917009342341,3.5969170093423406,3,2134,1,66815,2137,66816,4,68949,16.41241314760486
fhlaithnín,uí,3,2137,4,4.596917009342341,3.5969170093423406,3,2134,1,66815,2137,66816,4,68949,16.41241314760486
mhothláin,uí,3,2137,4,4.596917009342341,3.5969170093423406,3,2134,1,66815,2137,66816,4,68949,16.41241314760486
longáin,uí,3,2137,4,4.596917009342341,3.5969170093423406,3,2134,1,66815,2137,66816,4,68949,16.41241314760486
núnáin,uí,3,2137,4,4.596917009342341,3.5969170093423406,3,2134,1,66815,2137,66816,4,68949,16.41241314760486
sagart,léim,3,58,91,5.2925125666758825,4.2925125666758825,3,55,88,68807,58,68895,91,68862,16.409273222661103
scoilte,chloch,2,95,10,7.181541998062685,6.181541998062685,2,93,8,68850,95,68858,10,68943,16.405107772062745
tséipéil,páirc,3,599,10,5.1099479143260025,4.1099479143260025,3,596,7,68347,599,68354,10,68943,16.394693868772677
chlocháin,droichead,4,444,33,4.234515715572435,3.234515715572435,4,440,29,68480,444,68509,33,68920,16.394166352030215
gcreamha,droim,2,1146,2,5.91093437252409,4.91093437252409,2,1144,0,67807,1146,67807,2,68951,16.392024401721603
luifearnaí,droim,2,1146,2,5.91093437252409,4.91093437252409,2,1144,0,67807,1146,67807,2,68951,16.392024401721603
sruith,droim,2,1146,2,5.91093437252409,4.91093437252409,2,1144,0,67807,1146,67807,2,68951,16.392024401721603
giolra,droim,2,1146,2,5.91093437252409,4.91093437252409,2,1144,0,67807,1146,67807,2,68951,16.392024401721603
cruithean,droim,2,1146,2,5.91093437252409,4.91093437252409,2,1144,0,67807,1146,67807,2,68951,16.392024401721603
goireadh,droim,2,1146,2,5.91093437252409,4.91093437252409,2,1144,0,67807,1146,67807,2,68951,16.392024401721603
eachlaisce,droim,2,1146,2,5.91093437252409,4.91093437252409,2,1144,0,67807,1146,67807,2,68951,16.392024401721603
gcolbha,droim,2,1146,2,5.91093437252409,4.91093437252409,2,1144,0,67807,1146,67807,2,68951,16.392024401721603
éag,droim,2,1146,2,5.91093437252409,4.91093437252409,2,1144,0,67807,1146,67807,2,68951,16.392024401721603
liagach,droim,2,1146,2,5.91093437252409,4.91093437252409,2,1144,0,67807,1146,67807,2,68951,16.392024401721603
geimhil,droim,2,1146,2,5.91093437252409,4.91093437252409,2,1144,0,67807,1146,67807,2,68951,16.392024401721603
sealann,droim,2,1146,2,5.91093437252409,4.91093437252409,2,1144,0,67807,1146,67807,2,68951,16.392024401721603
arlamáin,droim,2,1146,2,5.91093437252409,4.91093437252409,2,1144,0,67807,1146,67807,2,68951,16.392024401721603
thamhain,droim,2,1146,2,5.91093437252409,4.91093437252409,2,1144,0,67807,1146,67807,2,68951,16.392024401721603
chearbán,droim,2,1146,2,5.91093437252409,4.91093437252409,2,1144,0,67807,1146,67807,2,68951,16.392024401721603
breastail,droim,2,1146,2,5.91093437252409,4.91093437252409,2,1144,0,67807,1146,67807,2,68951,16.392024401721603
loinne,droim,2,1146,2,5.91093437252409,4.91093437252409,2,1144,0,67807,1146,67807,2,68951,16.392024401721603
raithleann,droim,2,1146,2,5.91093437252409,4.91093437252409,2,1144,0,67807,1146,67807,2,68951,16.392024401721603
nao,droim,2,1146,2,5.91093437252409,4.91093437252409,2,1144,0,67807,1146,67807,2,68951,16.392024401721603
málla,droim,2,1146,2,5.91093437252409,4.91093437252409,2,1144,0,67807,1146,67807,2,68951,16.392024401721603
caiside,droim,2,1146,2,5.91093437252409,4.91093437252409,2,1144,0,67807,1146,67807,2,68951,16.392024401721603
hadhairce,droim,2,1146,2,5.91093437252409,4.91093437252409,2,1144,0,67807,1146,67807,2,68951,16.392024401721603
nguthann,droim,2,1146,2,5.91093437252409,4.91093437252409,2,1144,0,67807,1146,67807,2,68951,16.392024401721603
aidhnín,droim,2,1146,2,5.91093437252409,4.91093437252409,2,1144,0,67807,1146,67807,2,68951,16.392024401721603
rathúil,droim,2,1146,2,5.91093437252409,4.91093437252409,2,1144,0,67807,1146,67807,2,68951,16.392024401721603
dallach,droim,2,1146,2,5.91093437252409,4.91093437252409,2,1144,0,67807,1146,67807,2,68951,16.392024401721603
colpa,droim,2,1146,2,5.91093437252409,4.91093437252409,2,1144,0,67807,1146,67807,2,68951,16.392024401721603
chartach,droim,2,1146,2,5.91093437252409,4.91093437252409,2,1144,0,67807,1146,67807,2,68951,16.392024401721603
íochtarach,dreas,3,7,931,4.988295922385753,3.9882959223857526,3,4,928,68018,7,68946,931,68022,16.38676666402499
chearúill,bearna,2,86,11,7.1876293279415995,6.1876293279415995,2,84,9,68858,86,68867,11,68942,16.385029337143703
rose,droichead,2,444,3,6.693947334209732,5.693947334209732,2,442,1,68508,444,68509,3,68950,16.384164925647195
dothra,droichead,2,444,3,6.693947334209732,5.693947334209732,2,442,1,68508,444,68509,3,68950,16.384164925647195
barrington,droichead,2,444,3,6.693947334209732,5.693947334209732,2,442,1,68508,444,68509,3,68950,16.384164925647195
baile,teabhar,2,3,445,6.690701674706078,5.690701674706078,2,1,443,68507,3,68950,445,68508,16.375174934482516
thiar,ngabhar,3,6,1146,4.91093437252409,3.91093437252409,3,3,1143,67804,6,68947,1146,67807,16.37314776050763
cláidí,bun,2,291,4,6.888450358372711,5.888450358372711,2,289,2,68660,291,68662,4,68949,16.356771355048647
scainimh,bun,2,291,4,6.888450358372711,5.888450358372711,2,289,2,68660,291,68662,4,68949,16.356771355048647
tsoirn,bun,2,291,4,6.888450358372711,5.888450358372711,2,289,2,68660,291,68662,4,68949,16.356771355048647
leacaí,bun,2,291,4,6.888450358372711,5.888450358372711,2,289,2,68660,291,68662,4,68949,16.356771355048647
háithe,achadh,4,477,31,4.221283934888608,3.221283934888608,4,473,27,68449,477,68476,31,68922,16.352852549344718
chrónáin,cillín,2,79,12,7.1845824523827355,6.1845824523827355,2,77,10,68864,79,68874,12,68941,16.346817623344805
ghadaí,glaise,2,40,23,7.227835650336619,6.227835650336619,2,38,21,68892,40,68913,23,68930,16.343809321720492
aille,ceann,3,251,22,5.2273130294140815,4.2273130294140815,3,248,19,68683,251,68702,22,68931,16.34166552366402
cláir,áth,3,381,15,5.1777504189003105,4.1777504189003105,3,378,12,68560,381,68572,15,68938,16.33371426272611
naomháin,teach,2,174,6,7.04541970471111,6.04541970471111,2,172,4,68775,174,68779,6,68947,16.33333114799122
sinche,teach,2,174,6,7.04541970471111,6.04541970471111,2,172,4,68775,174,68779,6,68947,16.33333114799122
ghlasáin,tamhnaigh,2,97,10,7.151484764206505,6.151484764206505,2,95,8,68848,97,68856,10,68943,16.32135578238231
hoiste,cloch,3,220,25,5.2330722987027665,4.2330722987027665,3,217,22,68711,220,68733,25,68928,16.318750995106384
anraí,moin,2,33,28,7.221576659864938,6.221576659864938,2,31,26,68894,33,68920,28,68925,16.315915897304144
chomair,caisleán,4,480,31,4.212238795285601,3.212238795285601,4,476,27,68446,480,68473,31,68922,16.30485113667395
neach,creig,2,32,29,7.215344706153423,6.215344706153423,2,30,27,68894,32,68921,29,68924,16.29753468667269
ráiligh,cloch,2,220,5,6.970037892868972,5.970037892868972,2,218,3,68730,220,68733,5,68948,16.297274327008274
rodáin,uí,5,2137,15,3.4269920079000276,2.4269920079000276,5,2132,10,66806,2137,66816,15,68938,16.284388294685357
uachtarach,dreas,3,7,948,4.962190031046288,3.962190031046288,3,4,945,68001,7,68946,948,68005,16.280021252211746
beithe,átha,4,437,34,4.214373390530056,3.2143733905300564,4,433,30,68486,437,68516,34,68919,16.27422403116667
bó,moing,3,52,104,5.257408765719966,4.257408765719966,3,49,101,68800,52,68901,104,68849,16.27241507238854
rua,reannaigh,3,9,694,5.049571347981578,4.049571347981578,3,6,691,68253,9,68944,694,68259,16.268725075613247
cló,currach,2,298,4,6.8541571808188335,5.8541571808188335,2,296,2,68653,298,68655,4,68949,16.26177394393344
choill,mhuine,2,12,81,7.148513197675214,6.148513197675214,2,10,79,68862,12,68941,81,68872,16.24612180179519
droim,cora,4,100,145,4.249560421491336,3.249560421491336,4,96,141,68712,100,68853,145,68808,16.231199539547383
beag,corra,4,11,1558,4.0084145645820275,3.0084145645820275,4,7,1554,67388,11,68942,1558,67395,16.228788792338136
ghabha,meall,2,69,14,7.157446322445221,6.157446322445221,2,67,12,68872,69,68884,14,68939,16.226854287521682
ruaige,meall,2,69,14,7.157446322445221,6.157446322445221,2,67,12,68872,69,68884,14,68939,16.226854287521682
ngaibhlte,mór,2,224,5,6.9440426843360274,5.9440426843360274,2,222,3,68726,224,68729,5,68948,16.22522286128338
bhuí,átháin,2,5,224,6.9440426843360274,5.9440426843360274,2,3,222,68726,5,68948,224,68729,16.22522286128338
risteaird,baile,8,8348,14,2.2387558940635555,1.2387558940635555,8,8340,6,60599,8348,60605,14,68939,16.215015910967402
cuinge,mín,2,180,6,6.996510104230164,5.996510104230164,2,178,4,68769,180,68773,6,68947,16.197650772516933
cúl,tuaim,3,96,57,5.240435687116253,4.240435687116253,3,93,54,68803,96,68857,57,68896,16.19553727411337
réidh,aird,2,48,20,7.166435105672477,6.166435105672477,2,46,18,68887,48,68905,20,68933,16.18508425940811
logach,srath,2,129,8,7.062098445857741,6.062098445857741,2,127,6,68818,129,68824,8,68945,16.181344874880455
hobac,baile,7,8348,11,2.3940341195414665,1.3940341195414665,7,8341,4,60601,8348,60605,11,68942,16.1758068388905
mhadóg,baile,7,8348,11,2.3940341195414665,1.3940341195414665,7,8341,4,60601,8348,60605,11,68942,16.1758068388905
scorlógaigh,baile,7,8348,11,2.3940341195414665,1.3940341195414665,7,8341,4,60601,8348,60605,11,68942,16.1758068388905
scuaibe,teampall,2,305,4,6.820660268830746,5.820660268830746,2,303,2,68646,305,68648,4,68949,16.168999212486547
rua,barr,11,246,694,2.151450962000791,1.1514509620007911,11,235,683,68024,246,68707,694,68259,16.168366807156634
garbh,tom,3,46,120,5.227835650336619,4.227835650336619,3,43,117,68790,46,68907,120,68833,16.163610896696238
nua,chéibh,2,3,470,6.611846253994838,5.611846253994838,2,1,468,68482,3,68950,470,68483,16.156791739806366
áine,cnoc,6,2293,22,3.0358359437840603,2.0358359437840603,6,2287,16,66644,2293,66660,22,68931,16.15562973046979
craoibhe,oileán,6,786,59,3.157259650381703,2.157259650381703,6,780,53,68114,786,68167,59,68894,16.145200885630793
bháid,caladh,2,42,23,7.157446322445221,6.157446322445221,2,40,21,68890,42,68911,23,68930,16.14494503662319
mhaighin,carraig,3,819,8,4.980568560361142,3.9805685603611423,3,816,5,68129,819,68134,8,68945,16.143494807903938
riabhach,ghréach,2,4,307,6.811230855910816,5.811230855910816,2,2,305,68644,4,68949,307,68646,16.142886056220846
gcolúr,cuas,2,152,7,7.018043265779805,6.018043265779805,2,150,5,68796,152,68801,7,68946,16.1415782759221
aindrín,garraí,2,308,4,6.806539160586093,5.806539160586093,2,306,2,68643,308,68645,4,68949,16.12989369863335
chluain,loch,8,1826,51,2.566429309325277,1.5664293093252768,8,1818,43,67084,1826,67127,51,68902,16.121871832227068
riabhach,tóin,6,148,307,3.1867399910030216,2.1867399910030216,6,142,301,68504,148,68805,307,68646,16.11451923945925
croise,mín,4,180,82,4.223920600333236,3.223920600333236,4,176,78,68695,180,68773,82,68871,16.109028782893468
beag,driseán,3,5,1558,4.730880589053119,3.730880589053119,3,2,1555,67393,5,68948,1558,67395,16.10691057688209
beag,ghabhla,3,5,1558,4.730880589053119,3.730880589053119,3,2,1555,67393,5,68948,1558,67395,16.10691057688209
beag,deirc,3,5,1558,4.730880589053119,3.730880589053119,3,2,1555,67393,5,68948,1558,67395,16.10691057688209
beag,liaigh,3,5,1558,4.730880589053119,3.730880589053119,3,2,1555,67393,5,68948,1558,67395,16.10691057688209
ard,sceach,4,44,341,4.200266153619525,3.200266153619525,4,40,337,68572,44,68909,341,68612,16.105366441612816
éadain,leacain,2,39,25,7.144067292644022,6.144067292644022,2,37,23,68891,39,68914,25,68928,16.10100704770445
choradh,achadh,2,477,3,6.590517744554327,5.590517744554327,2,475,1,68475,477,68476,3,68950,16.09773575041519
sciadh,achadh,2,477,3,6.590517744554327,5.590517744554327,2,475,1,68475,477,68476,3,68950,16.09773575041519
míolta,achadh,2,477,3,6.590517744554327,5.590517744554327,2,475,1,68475,477,68476,3,68950,16.09773575041519
tséin,achadh,2,477,3,6.590517744554327,5.590517744554327,2,475,1,68475,477,68476,3,68950,16.09773575041519
cholgáin,chill,2,185,6,6.956981740043527,5.956981740043527,2,183,4,68764,185,68768,6,68947,16.08803151164178
mhantáin,chill,2,185,6,6.956981740043527,5.956981740043527,2,183,4,68764,185,68768,6,68947,16.08803151164178
roisín,port,3,189,30,5.189155182172559,4.189155182172559,3,186,27,68737,189,68764,30,68923,16.085260569436294
chláir,áth,5,381,75,3.592787918179154,2.592787918179154,5,376,70,68502,381,68572,75,68878,16.075802541358158
oircín,caisleán,2,480,3,6.58147260495132,5.58147260495132,2,478,1,68472,480,68473,3,68950,16.072692365435856
hoireanaí,caisleán,2,480,3,6.58147260495132,5.58147260495132,2,478,1,68472,480,68473,3,68950,16.072692365435856
mainge,caisleán,2,480,3,6.58147260495132,5.58147260495132,2,478,1,68472,480,68473,3,68950,16.072692365435856
giobach,sruthán,2,186,6,6.949204389451808,5.949204389451808,2,184,4,68763,186,68767,6,68947,16.066467366856227
ghoirtín,coill,4,896,18,4.096045777781078,3.096045777781078,4,892,14,68043,896,68057,18,68935,16.058787981301826
fhinn,mhóin,3,117,48,5.20296098169759,4.20296098169759,3,114,45,68791,117,68836,48,68905,16.05647337221987
glas,lathach,2,4,314,6.7787049523893685,5.7787049523893685,2,2,312,68637,4,68949,314,68639,16.052821303484343
feannóige,tobar,3,514,12,5.067701152087117,4.067701152087117,3,511,9,68430,514,68439,12,68941,16.04901922826184
ndamh,maol,2,38,26,7.124958469696317,6.124958469696317,2,36,24,68891,38,68915,26,68927,16.04470377354407
tsrutháin,faill,3,92,61,5.203988908382251,4.203988908382251,3,89,58,68803,92,68861,61,68892,16.041470490475746
beara,leitir,2,117,9,7.033035980255279,6.033035980255279,2,115,7,68829,117,68836,9,68944,16.03901135124633
seanaidh,leitir,2,117,9,7.033035980255279,6.033035980255279,2,115,7,68829,117,68836,9,68944,16.03901135124633
bhogaigh,taobh,2,63,16,7.096045777781079,6.096045777781079,2,61,14,68876,63,68890,16,68937,16.024438996334855
sin,toghroinn,2,16,63,7.096045777781079,6.096045777781079,2,14,61,68876,16,68937,63,68890,16.024438996334855
cathair,abhainn,5,519,56,3.5683081457528725,2.5683081457528725,5,514,51,68383,519,68434,56,68897,16.005462943730905
dois,tulaigh,2,318,4,6.76044274599664,5.76044274599664,2,316,2,68633,318,68635,4,68949,16.002259913296758
gcraiceann,tulaigh,2,318,4,6.76044274599664,5.76044274599664,2,316,2,68633,318,68635,4,68949,16.002259913296758
ramhar,charraig,4,251,60,4.194891551721704,3.194891551721704,4,247,56,68646,251,68702,60,68893,16.000178813484958
bhréanail,cnoc,3,2293,4,4.495267562421358,3.4952675624213576,3,2290,1,66659,2293,66660,4,68949,15.994053235622324
haoine,cnoc,3,2293,4,4.495267562421358,3.4952675624213576,3,2290,1,66659,2293,66660,4,68949,15.994053235622324
mbláth,cnoc,3,2293,4,4.495267562421358,3.4952675624213576,3,2290,1,66659,2293,66660,4,68949,15.994053235622324
phónaire,cnoc,3,2293,4,4.495267562421358,3.4952675624213576,3,2290,1,66659,2293,66660,4,68949,15.994053235622324
dailtín,cnoc,3,2293,4,4.495267562421358,3.4952675624213576,3,2290,1,66659,2293,66660,4,68949,15.994053235622324
fhóid,átha,3,437,14,5.079443810443949,4.079443810443949,3,434,11,68505,437,68516,14,68939,15.978685345216904
donaigh,baile,5,8348,6,2.7830764102873657,1.7830764102873657,5,8343,1,60604,8348,60605,6,68947,15.967881880437401
ghambúnaigh,baile,5,8348,6,2.7830764102873657,1.7830764102873657,5,8343,1,60604,8348,60605,6,68947,15.967881880437401
ghróntaigh,baile,5,8348,6,2.7830764102873657,1.7830764102873657,5,8343,1,60604,8348,60605,6,68947,15.967881880437401
mhistéalaigh,baile,5,8348,6,2.7830764102873657,1.7830764102873657,5,8343,1,60604,8348,60605,6,68947,15.967881880437401
naisigh,baile,5,8348,6,2.7830764102873657,1.7830764102873657,5,8343,1,60604,8348,60605,6,68947,15.967881880437401
toim,baile,5,8348,6,2.7830764102873657,1.7830764102873657,5,8343,1,60604,8348,60605,6,68947,15.967881880437401
bánóige,baile,5,8348,6,2.7830764102873657,1.7830764102873657,5,8343,1,60604,8348,60605,6,68947,15.967881880437401
fhainínigh,baile,5,8348,6,2.7830764102873657,1.7830764102873657,5,8343,1,60604,8348,60605,6,68947,15.967881880437401
stiofáin,baile,5,8348,6,2.7830764102873657,1.7830764102873657,5,8343,1,60604,8348,60605,6,68947,15.967881880437401
bhfear,cnocán,3,332,18,5.113323769212914,4.113323769212914,3,329,15,68606,332,68621,18,68935,15.966634415500156
doire,sruthán,5,186,154,3.5893084443654244,2.5893084443654244,5,181,149,68618,186,68767,154,68799,15.962757877494008
móin,gort,11,923,188,2.1279816305948804,1.1279816305948804,11,912,177,67853,923,68030,188,68765,15.956757116335332
ghainimh,oileán,6,786,60,3.133012104135026,2.133012104135026,6,780,54,68113,786,68167,60,68893,15.955378797365507
neanta,tor,2,74,14,7.05651741359444,6.05651741359444,2,72,12,68867,74,68879,14,68939,15.94477054175795
bán,cúlach,2,4,323,6.73793534658707,5.73793534658707,2,2,321,68628,4,68949,323,68630,15.939952033562431
chnoic,ceathrúin,2,9,120,6.996510104230164,5.996510104230164,2,7,118,68826,9,68944,120,68833,15.937485866755052
chom,locha,2,57,18,7.070510685673941,6.070510685673941,2,55,16,68880,57,68896,18,68935,15.93105247254503
iolair,binn,3,125,46,5.168941961283051,4.168941961283051,3,122,43,68785,125,68828,46,68907,15.921878193788807
doirín,bealach,3,166,35,5.153965753710259,4.153965753710259,3,163,32,68755,166,68787,35,68918,15.905491126639072
lios,portach,2,32,32,7.073325701280996,6.073325701280996,2,30,30,68891,32,68921,32,68921,15.892859379767573
rátha,maigh,6,363,128,3.1544624640064005,2.1544624640064005,6,357,122,68468,363,68590,128,68825,15.890846468076763
sú,corr,2,503,3,6.513948610754311,5.513948610754311,2,501,1,68449,503,68450,3,68950,15.885765931570738
loinge,port,3,189,31,5.141849467394204,4.141849467394204,3,186,28,68736,189,68764,31,68922,15.883563259265527
loiscthe,both,3,67,86,5.165934256842281,4.165934256842281,3,64,83,68803,67,68886,86,68867,15.880902293294234
graí,garraí,4,308,50,4.162682970811368,3.1626829708113684,4,304,46,68599,308,68645,50,68903,15.87031604319218
láir,cheathrú,6,300,155,3.153345106232033,2.153345106232033,6,294,149,68504,300,68653,155,68798,15.859200657073405
slaite,barr,2,246,5,6.808883101054393,5.808883101054393,2,244,3,68704,246,68707,5,68948,15.850795741429327
habhann,baile,20,8348,65,1.3456710979800675,0.34567109798006745,20,8328,45,60560,8348,60605,65,68888,15.849071707481723
aifrinn,carraig,4,819,20,4.073677964752624,3.0736779647526236,4,815,16,68118,819,68134,20,68933,15.848557687806583
riabhach,leaca,5,95,307,3.5633033424672296,2.5633033424672296,5,90,302,68556,95,68858,307,68646,15.839022493731251
dhuibh,mhuiris,2,14,76,7.018043265779805,6.018043265779805,2,12,74,68865,14,68939,76,68877,15.837346213413696
brandán,cnocán,2,332,4,6.698286269934069,5.698286269934069,2,330,2,68619,332,68621,4,68949,15.830208963334556
ambróis,cnocán,2,332,4,6.698286269934069,5.698286269934069,2,330,2,68619,332,68621,4,68949,15.830208963334556
gcurraithe,cnocán,2,332,4,6.698286269934069,5.698286269934069,2,330,2,68619,332,68621,4,68949,15.830208963334556
buí,achadh,11,477,364,2.127117223714084,1.1271172237140838,11,466,353,68123,477,68476,364,68589,15.82723374358062
rua,charraig,11,251,694,2.122421913389259,1.122421913389259,11,240,683,68019,251,68702,694,68259,15.815507274100849
uí,acraí,4,9,2121,3.852871794308127,2.852871794308127,4,5,2117,66827,9,68944,2121,66832,15.806169849983245
dheirbhile,tobar,2,514,3,6.4827386513659615,5.4827386513659615,2,512,1,68438,514,68439,3,68950,15.799384348072696
gobnatan,tobar,2,514,3,6.4827386513659615,5.4827386513659615,2,512,1,68438,514,68439,3,68950,15.799384348072696
féilim,tobar,2,514,3,6.4827386513659615,5.4827386513659615,2,512,1,68438,514,68439,3,68950,15.799384348072696
seisrí,tobar,2,514,3,6.4827386513659615,5.4827386513659615,2,512,1,68438,514,68439,3,68950,15.799384348072696
chláraigh,ceapaigh,2,42,25,7.0371520887275105,6.0371520887275105,2,40,23,68888,42,68911,25,68928,15.799001177171474
chraoi,bealach,2,166,7,6.8909313478764656,5.8909313478764656,2,164,5,68782,166,68787,7,68946,15.788946111428842
mór,ghráinseach,11,72,2525,2.06076464594946,1.06076464594946,11,61,2514,66367,72,68881,2525,66428,15.778638760759234
gharbh,tsraith,2,12,91,6.980568560361142,5.980568560361142,2,10,89,68852,12,68941,91,68862,15.777872154660454
ghadaí,tom,2,46,23,7.0262017891669695,6.0262017891669695,2,44,21,68886,46,68907,23,68930,15.774954320614054
míol,binn,2,125,9,6.9376164151765956,5.9376164151765956,2,123,7,68821,125,68828,9,68944,15.77386689932463
máil,gleann,3,755,9,4.9280303663473966,3.9280303663473966,3,752,6,68192,755,68198,9,68944,15.772928793606221
chabhaltaigh,charraig,2,251,5,6.77985405244286,5.77985405244286,2,249,3,68699,251,68702,5,68948,15.770421134491786
buí,sruthán,7,186,364,2.833727172031871,1.833727172031871,7,179,357,68410,186,68767,364,68589,15.761195868205846
fairche,abhainn,2,519,3,6.468772472201958,5.468772472201958,2,517,1,68433,519,68434,3,68950,15.76073283299216
shraith,abhainn,2,519,3,6.468772472201958,5.468772472201958,2,517,1,68433,519,68434,3,68950,15.76073283299216
chalatroma,abhainn,2,519,3,6.468772472201958,5.468772472201958,2,517,1,68433,519,68434,3,68950,15.76073283299216
eoghain,chluain,3,62,95,5.134236283284328,4.134236283284328,3,59,92,68799,62,68891,95,68858,15.753489019096758
ard,tom,4,46,341,4.136135816199809,3.1361358161998094,4,42,337,68570,46,68907,341,68612,15.752547663132624
mheannáin,uí,4,2137,9,3.8420295071788715,2.8420295071788715,4,2133,5,66811,2137,66816,9,68944,15.748385332030534
dhonnaíle,uí,4,2137,9,3.8420295071788715,2.8420295071788715,4,2133,5,66811,2137,66816,9,68944,15.748385332030534
mhealláin,uí,4,2137,9,3.8420295071788715,2.8420295071788715,4,2133,5,66811,2137,66816,9,68944,15.748385332030534
thuaidh,iarla,3,8,876,4.883501142400977,3.883501142400977,3,5,873,68072,8,68945,876,68077,15.74745570904583
thairbh,doire,3,876,8,4.883501142400977,3.883501142400977,3,873,5,68072,876,68077,8,68945,15.74745570904583
chonaire,doire,3,876,8,4.883501142400977,3.883501142400977,3,873,5,68072,876,68077,8,68945,15.74745570904583
pheadair,eaglais,2,38,28,7.018043265779805,6.018043265779805,2,36,26,68889,38,68915,28,68925,15.738797044153982
bhán,stiall,2,5,253,6.768404031699323,5.768404031699323,2,3,251,68697,5,68948,253,68700,15.738722961023171
bearna,baile,12,8348,29,1.7730923217147438,0.7730923217147438,12,8336,17,60588,8348,60605,29,68924,15.734980959155271
thuaidh,rua,7,79,876,2.8021128155603225,1.8021128155603225,7,72,869,68005,79,68874,876,68077,15.714158992866883
droim,cor,2,8,145,6.89341661126606,5.89341661126606,2,6,143,68802,8,68945,145,68808,15.712994362532712
cléibh,drom,2,342,4,6.655473186395097,5.655473186395097,2,340,2,68609,342,68611,4,68949,15.711735166947385
ceachan,drom,2,342,4,6.655473186395097,5.655473186395097,2,340,2,68609,342,68611,4,68949,15.711735166947385
dubh,reannaigh,3,9,763,4.912823953725308,3.912823953725308,3,6,760,68184,9,68944,763,68190,15.710969595573154
naoscan,ard,2,527,3,6.446704048922624,5.446704048922624,2,525,1,68425,527,68426,3,68950,15.699662693349698
garbh,barr,5,246,120,3.5458486952205988,2.5458486952205988,5,241,115,68592,246,68707,120,68833,15.697219069678669
eoghain,mac,8,980,95,2.5668321539474763,1.5668321539474763,8,972,87,67886,980,67973,95,68858,15.697182689352246
mhaighin,cúl,3,886,8,4.867125313447133,3.867125313447133,3,883,5,68062,886,68067,8,68945,15.680703414794127
chaoith,cúl,3,886,8,4.867125313447133,3.867125313447133,3,883,5,68062,886,68067,8,68945,15.680703414794127
dreas,cúl,3,886,8,4.867125313447133,3.867125313447133,3,883,5,68062,886,68067,8,68945,15.680703414794127
aonaigh,bhearna,2,30,36,6.996510104230164,5.996510104230164,2,28,34,68889,30,68923,36,68917,15.675640288802999
theas,iarla,3,8,888,4.8638723356520455,3.8638723356520455,3,5,885,68060,8,68945,888,68065,15.667445573585212
mór,léana,8,39,2525,2.485855809892227,1.485855809892227,8,31,2517,66397,39,68914,2525,66428,15.666187918517448
loiscthe,mhachaire,2,13,86,6.946621228437805,5.946621228437805,2,11,84,68856,13,68940,86,68867,15.658572358424028
rí,átha,6,437,109,3.1186144077246265,2.1186144077246265,6,431,103,68413,437,68516,109,68844,15.651404096507099
ceárta,corr,3,503,13,4.983433894055532,3.9834338940555316,3,500,10,68440,503,68450,13,68940,15.641603071716112
bhfeannóg,corr,3,503,13,4.983433894055532,3.9834338940555316,3,500,10,68440,503,68450,13,68940,15.641603071716112
tobair,páirc,7,599,115,2.808778379605438,1.808778379605438,7,592,108,68246,599,68354,115,68838,15.637117593086279
phóire,tóin,2,148,8,6.8638723356520455,5.8638723356520455,2,146,6,68799,148,68805,8,68945,15.63103914402249
chríonaigh,gob,2,173,7,6.8313425515866655,5.8313425515866655,2,171,5,68775,173,68780,7,68946,15.62376587004497
carrach,cnocán,3,332,19,5.03532125721164,4.03532125721164,3,329,16,68605,332,68621,19,68934,15.622237713943168
poll,mín,3,180,34,5.078972264422137,4.078972264422137,3,177,31,68742,180,68773,34,68919,15.605254903025358
scairte,tigh,3,285,22,5.0440384743127495,4.0440384743127495,3,282,19,68649,285,68668,22,68931,15.59395124031818
geal,tobar,5,514,59,3.5069861976126377,2.5069861976126377,5,509,54,68385,514,68439,59,68894,15.593811835947434
laighean,chluain,2,62,18,6.949204389451808,5.949204389451808,2,60,16,68875,62,68891,18,68935,15.591253046091849
droim,cionn,4,109,145,4.125232286489134,3.125232286489134,4,105,141,68703,109,68844,145,68808,15.565120530197746
chathail,rátha,2,37,30,6.956981740043527,5.956981740043527,2,35,28,68888,37,68916,30,68923,15.563739694972117
déise,inis,2,355,4,6.60165048688895,5.60165048688895,2,353,2,68596,355,68598,4,68949,15.56283498900878
madadh,ceathrú,4,452,36,4.083221737423495,3.0832217374234947,4,448,32,68469,452,68501,36,68917,15.55664348362122
eochaille,dún,4,667,25,4.047926560321685,3.0479265603216854,4,663,21,68265,667,68286,25,68928,15.553312968079494
droim,achadh,7,477,145,2.8029260773181526,1.8029260773181526,7,470,138,68338,477,68476,145,68808,15.535602533981342
maí,bábhún,2,28,40,6.9440426843360274,5.9440426843360274,2,26,38,68887,28,68925,40,68913,15.529682836677965
cláir,átha,3,437,15,4.979908136893034,3.979908136893034,3,434,12,68504,437,68516,15,68938,15.527478867255581
airt,sraith,2,32,35,6.9440426843360274,5.9440426843360274,2,30,33,68888,32,68921,35,68918,15.5258613230136
cluana,uachtar,2,32,35,6.9440426843360274,5.9440426843360274,2,30,33,68888,32,68921,35,68918,15.5258613230136
rodaigh,tír,2,152,8,6.8253981878374095,5.8253981878374095,2,150,6,68795,152,68801,8,68945,15.524346205412314
laidhre,áth,3,381,17,4.99717817325849,3.99717817325849,3,378,14,68558,381,68572,17,68936,15.523805654671984
fhíona,tuar,2,89,13,6.897152552173505,5.897152552173505,2,87,11,68853,89,68864,13,68940,15.520782408361027
trá,cuan,3,123,50,5.0719175068881865,4.0719175068881865,3,120,47,68783,123,68830,50,68903,15.514661639539156
mór,fhir,5,14,2525,3.2858312015842337,2.2858312015842337,5,9,2520,66419,14,68939,2525,66428,15.502457291963479
raifeartaigh,maigh,2,363,4,6.569499963285243,5.569499963285243,2,361,2,68588,363,68590,4,68949,15.473912081625949
achair,maigh,2,363,4,6.569499963285243,5.569499963285243,2,361,2,68588,363,68590,4,68949,15.473912081625949
arbha,bun,3,291,22,5.01398124045657,4.01398124045657,3,288,19,68643,291,68662,22,68931,15.471611977276268
chnoic,craig,2,10,120,6.844507010785114,5.844507010785114,2,8,118,68825,10,68943,120,68833,15.46757500457604
manrach,mín,2,180,7,6.774117682893716,5.774117682893716,2,178,5,68768,180,68773,7,68946,15.465216652389147
bhó,achadh,3,477,14,4.953087823939035,3.9530878239390352,3,474,11,68465,477,68476,14,68939,15.464299416708077
thuaidh,caoin,5,36,876,3.4505417351248715,2.4505417351248715,5,31,871,68046,36,68917,876,68077,15.462991465723105
oirbhe,cluain,2,1448,2,5.573479814197789,4.573479814197789,2,1446,0,67505,1448,67505,2,68951,15.455672969040474
meilsí,cluain,2,1448,2,5.573479814197789,4.573479814197789,2,1446,0,67505,1448,67505,2,68951,15.455672969040474
fiacal,cluain,2,1448,2,5.573479814197789,4.573479814197789,2,1446,0,67505,1448,67505,2,68951,15.455672969040474
cúrabháin,cluain,2,1448,2,5.573479814197789,4.573479814197789,2,1446,0,67505,1448,67505,2,68951,15.455672969040474
big,cluain,2,1448,2,5.573479814197789,4.573479814197789,2,1446,0,67505,1448,67505,2,68951,15.455672969040474
simhne,cluain,2,1448,2,5.573479814197789,4.573479814197789,2,1446,0,67505,1448,67505,2,68951,15.455672969040474
báinín,cluain,2,1448,2,5.573479814197789,4.573479814197789,2,1446,0,67505,1448,67505,2,68951,15.455672969040474
bainneach,cluain,2,1448,2,5.573479814197789,4.573479814197789,2,1446,0,67505,1448,67505,2,68951,15.455672969040474
leamhais,cluain,2,1448,2,5.573479814197789,4.573479814197789,2,1446,0,67505,1448,67505,2,68951,15.455672969040474
sonnaigh,cluain,2,1448,2,5.573479814197789,4.573479814197789,2,1446,0,67505,1448,67505,2,68951,15.455672969040474
cuanna,cluain,2,1448,2,5.573479814197789,4.573479814197789,2,1446,0,67505,1448,67505,2,68951,15.455672969040474
eachlaise,cluain,2,1448,2,5.573479814197789,4.573479814197789,2,1446,0,67505,1448,67505,2,68951,15.455672969040474
seanmhaoil,cluain,2,1448,2,5.573479814197789,4.573479814197789,2,1446,0,67505,1448,67505,2,68951,15.455672969040474
dolcáinan,cluain,2,1448,2,5.573479814197789,4.573479814197789,2,1446,0,67505,1448,67505,2,68951,15.455672969040474
eamhain,cluain,2,1448,2,5.573479814197789,4.573479814197789,2,1446,0,67505,1448,67505,2,68951,15.455672969040474
thiompar,cluain,2,1448,2,5.573479814197789,4.573479814197789,2,1446,0,67505,1448,67505,2,68951,15.455672969040474
lúirne,cluain,2,1448,2,5.573479814197789,4.573479814197789,2,1446,0,67505,1448,67505,2,68951,15.455672969040474
meoin,cluain,2,1448,2,5.573479814197789,4.573479814197789,2,1446,0,67505,1448,67505,2,68951,15.455672969040474
buiríosa,cluain,2,1448,2,5.573479814197789,4.573479814197789,2,1446,0,67505,1448,67505,2,68951,15.455672969040474
bréine,cluain,2,1448,2,5.573479814197789,4.573479814197789,2,1446,0,67505,1448,67505,2,68951,15.455672969040474
damhna,cluain,2,1448,2,5.573479814197789,4.573479814197789,2,1446,0,67505,1448,67505,2,68951,15.455672969040474
uaille,cluain,2,1448,2,5.573479814197789,4.573479814197789,2,1446,0,67505,1448,67505,2,68951,15.455672969040474
mocóg,cluain,2,1448,2,5.573479814197789,4.573479814197789,2,1446,0,67505,1448,67505,2,68951,15.455672969040474
brosc,cluain,2,1448,2,5.573479814197789,4.573479814197789,2,1446,0,67505,1448,67505,2,68951,15.455672969040474
comhartha,cluain,2,1448,2,5.573479814197789,4.573479814197789,2,1446,0,67505,1448,67505,2,68951,15.455672969040474
mionda,cluain,2,1448,2,5.573479814197789,4.573479814197789,2,1446,0,67505,1448,67505,2,68951,15.455672969040474
peata,cluain,2,1448,2,5.573479814197789,4.573479814197789,2,1446,0,67505,1448,67505,2,68951,15.455672969040474
buac,cluain,2,1448,2,5.573479814197789,4.573479814197789,2,1446,0,67505,1448,67505,2,68951,15.455672969040474
gaoithín,cluain,2,1448,2,5.573479814197789,4.573479814197789,2,1446,0,67505,1448,67505,2,68951,15.455672969040474
bolg,maigh,3,363,18,4.984537462564088,3.984537462564088,3,360,15,68575,363,68590,18,68935,15.442255987130249
luchóg,gort,3,923,8,4.808101364356377,3.808101364356377,3,920,5,68025,923,68030,8,68945,15.440259105703674
molt,béal,3,479,14,4.947051434208367,3.947051434208367,3,476,11,68463,479,68474,14,68939,15.43975828779654
dearg,bruach,2,13,91,6.865091342941207,5.865091342941207,2,11,89,68851,13,68940,91,68862,15.431526201877412
tsrutháin,roinn,2,19,61,6.894660850274524,5.894660850274524,2,17,59,68875,19,68934,61,68892,15.429740889290322
mór,bhailisigh,3,4,2525,4.356220529475631,3.356220529475631,3,1,2522,66427,4,68949,2525,66428,15.422384838914676
mór,mhill,3,4,2525,4.356220529475631,3.356220529475631,3,1,2522,66427,4,68949,2525,66428,15.422384838914676
mór,thrá,3,4,2525,4.356220529475631,3.356220529475631,3,1,2522,66427,4,68949,2525,66428,15.422384838914676
beag,rua,9,79,1558,2.3339904364845347,1.3339904364845347,9,70,1549,67325,79,68874,1558,67395,15.420889526162286
cheallaigh,cathair,4,341,48,4.074735271535666,3.0747352715356664,4,337,44,68568,341,68612,48,68905,15.416309819594945
muice,oileán,6,786,63,3.062622776243628,2.062622776243628,6,780,57,68110,786,68167,63,68890,15.407638652914365
iúir,coill,9,896,135,2.3590801836148723,1.3590801836148723,9,887,126,67931,896,68057,135,68818,15.40289437795209
chuilinn,cruach,3,59,106,5.04772469807711,4.04772469807711,3,56,103,68791,59,68894,106,68847,15.401182981223844
gcailleach,mainistir,3,143,44,5.038985246586464,4.038985246586464,3,140,41,68769,143,68810,44,68909,15.395877667005529
rúsc,cloch,2,220,6,6.70700348703518,5.70700348703518,2,218,4,68729,220,68733,6,68947,15.395554647899155
íochtarach,bhrúnaigh,3,8,931,4.795650844443357,3.795650844443357,3,5,928,68017,8,68945,931,68022,15.38957094412988
cléibh,ros,2,371,4,6.538050324660192,5.538050324660192,2,369,2,68580,371,68582,4,68949,15.386943263069409
dora,ros,2,371,4,6.538050324660192,5.538050324660192,2,369,2,68580,371,68582,4,68949,15.386943263069409
mbanbh,ros,2,371,4,6.538050324660192,5.538050324660192,2,369,2,68580,371,68582,4,68949,15.386943263069409
cabha,ros,2,371,4,6.538050324660192,5.538050324660192,2,369,2,68580,371,68582,4,68949,15.386943263069409
liam,clann,2,15,79,6.862654357495373,5.862654357495373,2,13,77,68861,15,68938,79,68874,15.386757892795112
chaorthainn,cró,2,40,29,6.89341661126606,5.89341661126606,2,38,27,68886,40,68913,29,68924,15.385251014284426
ghiobúin,baile,9,8348,18,2.0461108161211596,1.0461108161211596,9,8339,9,60596,8348,60605,18,68935,15.381160341770924
dhún,ceann,4,251,65,4.0794143343017675,3.0794143343017675,4,247,61,68641,251,68702,65,68888,15.374321690233659
pise,gort,4,923,19,3.975211350191635,2.975211350191635,4,919,15,68015,923,68030,19,68934,15.371310385803817
abhla,chluain,2,62,19,6.871201877450535,5.871201877450535,2,60,17,68874,62,68891,19,68934,15.364111249177892
marbh,oileán,4,786,22,3.995508580385091,2.995508580385091,4,782,18,68149,786,68167,22,68931,15.362506613839248
aitinn,cúl,5,886,36,3.434165906171027,2.434165906171027,5,881,31,68036,886,68067,36,68917,15.358269614398145
chainnigh,giolla,2,56,21,6.873653356444631,5.873653356444631,2,54,19,68878,56,68897,21,68932,15.35665479847243
ala,chill,2,185,7,6.734589318707078,5.734589318707078,2,183,5,68763,185,68768,7,68946,15.355742812223285
charragáin,inse,2,185,7,6.734589318707078,5.734589318707078,2,183,5,68763,185,68768,7,68946,15.355742812223285
dhraighneach,inse,2,185,7,6.734589318707078,5.734589318707078,2,183,5,68763,185,68768,7,68946,15.355742812223285
bríce,móin,2,279,5,6.627276294564445,5.627276294564445,2,277,3,68671,279,68674,5,68948,15.348224206204296
craobh,lios,4,1124,16,3.938899381060068,2.938899381060068,4,1120,12,67817,1124,67829,16,68937,15.344634949859657
saileach,céim,2,14,86,6.839706024521293,5.839706024521293,2,12,84,68855,14,68939,86,68867,15.340152421703056
theas,caoin,5,36,888,3.4309129283759385,2.4309129283759385,5,31,883,68034,36,68917,888,68065,15.337480075755233
tseagail,ceapaigh,2,42,28,6.873653356444631,5.873653356444631,2,40,26,68885,42,68911,28,68925,15.331108875797959
dhoire,coimín,3,127,50,5.02574732545526,4.02574732545526,3,124,47,68779,127,68826,50,68903,15.325767862071533
thoir,uallacháin,3,7,1115,4.72810528513688,3.7281052851368797,3,4,1112,67834,7,68946,1115,67838,15.324735814021727
maigh,mór,2,224,6,6.681008278502235,5.681008278502235,2,222,4,68725,224,68729,6,68947,15.323619583876685
deirg,bhéal,2,54,22,6.859006580480229,5.859006580480229,2,52,20,68879,54,68899,22,68931,15.309927087375184
íochtarach,carraige,4,19,931,3.9627608302786155,2.9627608302786155,4,15,927,68007,19,68934,931,68022,15.305649109332695
raithin,caisleán,5,480,65,3.4659953875313843,2.4659953875313843,5,475,60,68413,480,68473,65,68888,15.301160191373961
uachtarach,bhrúnaigh,3,8,948,4.7695449531038925,3.7695449531038925,3,5,945,68000,8,68945,948,68005,15.283325466161738
héirice,áth,2,381,4,6.499678513787672,5.499678513787672,2,379,2,68570,381,68572,4,68949,15.280853316279345
leas,móinín,2,34,35,6.856579843085688,5.856579843085688,2,32,33,68886,34,68919,35,68918,15.277614030498938
gabhail,lios,3,1124,7,4.71650695972362,3.7165069597236204,3,1121,4,67825,1124,67829,7,68946,15.277496441270419
balla,lios,3,1124,7,4.71650695972362,3.7165069597236204,3,1121,4,67825,1124,67829,7,68946,15.277496441270419
cormaic,lios,3,1124,7,4.71650695972362,3.7165069597236204,3,1121,4,67825,1124,67829,7,68946,15.277496441270419
srathra,tigh,2,285,5,6.596579497341528,5.596579497341528,2,283,3,68665,285,68668,5,68948,15.2633355978957
farannáin,tigh,2,285,5,6.596579497341528,5.596579497341528,2,283,3,68665,285,68668,5,68948,15.2633355978957
slaite,tigh,2,285,5,6.596579497341528,5.596579497341528,2,283,3,68665,285,68668,5,68948,15.2633355978957
madadh,coill,5,896,36,3.4179738726684405,2.4179738726684405,5,891,31,68026,896,68057,36,68917,15.254830305584735
cloiche,tí,4,134,123,4.064722005483982,3.064722005483982,4,130,119,68700,134,68819,123,68830,15.241046110826892
domhnaigh,drom,4,342,49,4.040763342279889,3.040763342279889,4,338,45,68566,342,68611,49,68904,15.231707408590694
croise,áth,5,381,82,3.464054604056951,2.464054604056951,5,376,77,68495,381,68572,82,68871,15.230402348874737
dísirt,gráinseach,2,72,17,6.8159378585883434,5.8159378585883434,2,70,15,68866,72,68881,17,68936,15.229392561273958
hiníne,fearann,2,388,4,6.473412859093867,5.473412859093867,2,386,2,68563,388,68565,4,68949,15.20824774625249
athroinnte,fearann,2,388,4,6.473412859093867,5.473412859093867,2,386,2,68563,388,68565,4,68949,15.20824774625249
daill,tuar,2,89,14,6.790237348256993,5.790237348256993,2,87,12,68852,89,68864,14,68939,15.202449612575247
mhártain,teampall,3,305,22,4.946191150914605,3.946191150914605,3,302,19,68629,305,68648,22,68931,15.196001638516814
fhíonáin,doire,5,876,37,3.411013370938234,2.411013370938234,5,871,32,68045,876,68077,37,68916,15.193758655580538
duibhe,bun,3,291,23,4.949850903036855,3.9498509030368547,3,288,20,68642,291,68662,23,68930,15.1937294744799
bhacastúin,páirc,2,599,3,6.261951007771053,5.261951007771053,2,597,1,68353,599,68354,3,68950,15.188609569775526
fhiaidh,páirc,2,599,3,6.261951007771053,5.261951007771053,2,597,1,68353,599,68354,3,68950,15.188609569775526
bun,droichead,5,444,71,3.451090810313569,2.451090810313569,5,439,66,68443,444,68509,71,68882,15.181528757981043
bhaic,bun,2,291,5,6.566522263485348,5.566522263485348,2,289,3,68659,291,68662,5,68948,15.180232816172097
bhile,ceapach,3,112,58,4.992952284816974,3.9929522848169743,3,109,55,68786,112,68841,58,68895,15.178079091511773
comair,srath,2,129,10,6.740170350970379,5.740170350970379,2,127,8,68816,129,68824,10,68943,15.178033811741422
chonáin,cill,4,2693,8,3.6783271867793226,2.6783271867793226,4,2689,4,66256,2693,66260,8,68945,15.175766781396023
chaise,cill,4,2693,8,3.6783271867793226,2.6783271867793226,4,2689,4,66256,2693,66260,8,68945,15.175766781396023
ia,cill,4,2693,8,3.6783271867793226,2.6783271867793226,4,2689,4,66256,2693,66260,8,68945,15.175766781396023
tóibínigh,bealach,2,166,8,6.698286269934069,5.698286269934069,2,164,6,68781,166,68787,8,68945,15.172121085691748
seanadh,loch,3,1826,5,4.501889057130566,3.5018890571305663,3,1823,2,67125,1826,67127,5,68948,15.169650899662006
thulach,loch,3,1826,5,4.501889057130566,3.5018890571305663,3,1823,2,67125,1826,67127,5,68948,15.169650899662006
uachtarach,carraige,4,19,948,3.9366549389391503,2.9366549389391503,4,15,944,67990,19,68934,948,68005,15.168077585699336
gabhail,droim,3,1146,7,4.688541951187642,3.6885419511876423,3,1143,4,67803,1146,67807,7,68946,15.163634512407675
thiar,uallacháin,3,7,1146,4.688541951187642,3.6885419511876423,3,4,1143,67803,7,68946,1146,67807,15.163634512407675
hátha,droim,3,1146,7,4.688541951187642,3.6885419511876423,3,1143,4,67803,1146,67807,7,68946,15.163634512407675
dhamh,droim,3,1146,7,4.688541951187642,3.6885419511876423,3,1143,4,67803,1146,67807,7,68946,15.163634512407675
scine,droim,3,1146,7,4.688541951187642,3.6885419511876423,3,1143,4,67803,1146,67807,7,68946,15.163634512407675
beag,fachna,2,2,1558,5.467846183219326,4.467846183219326,2,0,1556,67395,2,68951,1558,67395,15.162599144830768
beag,sceacha,2,2,1558,5.467846183219326,4.467846183219326,2,0,1556,67395,2,68951,1558,67395,15.162599144830768
beag,doirí,2,2,1558,5.467846183219326,4.467846183219326,2,0,1556,67395,2,68951,1558,67395,15.162599144830768
beag,tiarachtaí,2,2,1558,5.467846183219326,4.467846183219326,2,0,1556,67395,2,68951,1558,67395,15.162599144830768
anna,páirc,4,599,29,3.9889325133646367,2.9889325133646367,4,595,25,68329,599,68354,29,68924,15.15830691941226
tsléibhe,clárach,2,14,90,6.774117682893716,5.774117682893716,2,12,88,68851,14,68939,90,68863,15.157598013630114
bhó,corr,3,503,14,4.87651869013902,3.8765186901390196,3,500,11,68439,503,68450,14,68939,15.153233608299745
caocháin,leitir,2,117,11,6.743529363060293,5.743529363060293,2,115,9,68827,117,68836,11,68942,15.149335796403626
glas,cora,5,100,314,3.4567768575020055,2.4567768575020055,5,95,309,68544,100,68853,314,68639,15.148521547466336
gcarrach,poll,2,394,4,6.451273881824618,5.451273881824618,2,392,2,68557,394,68559,4,68949,15.147057989249248
thiar,bhuí,5,29,1146,3.37488147228388,2.37488147228388,5,24,1141,67783,29,68924,1146,67807,15.13188844492468
réidh,drom,3,342,20,4.918507592228891,3.918507592228891,3,339,17,68594,342,68611,20,68933,15.123714585853854
troisc,rinn,2,236,6,6.605720151197998,5.605720151197998,2,234,4,68713,236,68717,6,68947,15.115360231864654
phúca,lios,6,1124,46,3.0002999257242116,2.0002999257242116,6,1118,40,67789,1124,67829,46,68907,15.114644885058935
liath,mhainistir,3,23,295,4.930155101695934,3.9301551016959344,3,20,292,68638,23,68930,295,68658,15.113725356971333
mheáin,cill,7,2693,29,2.627701113709355,1.6277011137093549,7,2686,22,66238,2693,66260,29,68924,15.110443647505328
spidéil,átha,3,437,16,4.8867987325015525,3.8867987325015525,3,434,13,68503,437,68516,16,68937,15.109700404061405
doire,alt,3,43,154,4.965236906605152,3.965236906605152,3,40,151,68759,43,68910,154,68799,15.098323606669956
fhéich,alt,2,43,29,6.789079951451325,5.789079951451325,2,41,27,68883,43,68910,29,68924,15.091110026247671
garbh,trian,3,55,120,4.970037892868973,3.970037892868973,3,52,117,68781,55,68898,120,68833,15.08869668951589
duach,mac,3,980,8,4.721650262999581,3.7216502629995807,3,977,5,67968,980,67973,8,68945,15.088533224334505
ia,mac,3,980,8,4.721650262999581,3.7216502629995807,3,977,5,67968,980,67973,8,68945,15.088533224334505
léinín,mac,3,980,8,4.721650262999581,3.7216502629995807,3,977,5,67968,980,67973,8,68945,15.088533224334505
aindriú,mac,3,980,8,4.721650262999581,3.7216502629995807,3,977,5,67968,980,67973,8,68945,15.088533224334505
cairbre,mac,3,980,8,4.721650262999581,3.7216502629995807,3,977,5,67968,980,67973,8,68945,15.088533224334505
chlocháin,eaglais,2,38,33,6.781004068478956,5.781004068478956,2,36,31,68884,38,68915,33,68920,15.064161880760414
corr,suí,2,38,33,6.781004068478956,5.781004068478956,2,36,31,68884,38,68915,33,68920,15.064161880760414
logáin,com,2,109,12,6.720178875782913,5.720178875782913,2,107,10,68834,109,68844,12,68941,15.05378968741233
óráin,goirtín,2,120,11,6.70700348703518,5.70700348703518,2,118,9,68824,120,68833,11,68942,15.04798466338319
deilge,cill,3,2693,4,4.263289687500479,3.263289687500479,3,2690,1,66259,2693,66260,4,68949,15.04073835598226
ura,cill,3,2693,4,4.263289687500479,3.263289687500479,3,2690,1,66259,2693,66260,4,68949,15.04073835598226
laobháin,cill,3,2693,4,4.263289687500479,3.263289687500479,3,2690,1,66259,2693,66260,4,68949,15.04073835598226
chisín,cill,3,2693,4,4.263289687500479,3.263289687500479,3,2690,1,66259,2693,66260,4,68949,15.04073835598226
onchon,cill,3,2693,4,4.263289687500479,3.263289687500479,3,2690,1,66259,2693,66260,4,68949,15.04073835598226
riáin,cill,3,2693,4,4.263289687500479,3.263289687500479,3,2690,1,66259,2693,66260,4,68949,15.04073835598226
fhoibhrigh,cill,3,2693,4,4.263289687500479,3.263289687500479,3,2690,1,66259,2693,66260,4,68949,15.04073835598226
bhearnada,cill,3,2693,4,4.263289687500479,3.263289687500479,3,2690,1,66259,2693,66260,4,68949,15.04073835598226
abáin,cill,3,2693,4,4.263289687500479,3.263289687500479,3,2690,1,66259,2693,66260,4,68949,15.04073835598226
chota,cill,3,2693,4,4.263289687500479,3.263289687500479,3,2690,1,66259,2693,66260,4,68949,15.04073835598226
bhairméidín,cill,3,2693,4,4.263289687500479,3.263289687500479,3,2690,1,66259,2693,66260,4,68949,15.04073835598226
chrónata,cill,3,2693,4,4.263289687500479,3.263289687500479,3,2690,1,66259,2693,66260,4,68949,15.04073835598226
abhaicín,cill,3,2693,4,4.263289687500479,3.263289687500479,3,2690,1,66259,2693,66260,4,68949,15.04073835598226
tóime,cill,3,2693,4,4.263289687500479,3.263289687500479,3,2690,1,66259,2693,66260,4,68949,15.04073835598226
laithín,cill,3,2693,4,4.263289687500479,3.263289687500479,3,2690,1,66259,2693,66260,4,68949,15.04073835598226
chuallachta,cill,3,2693,4,4.263289687500479,3.263289687500479,3,2690,1,66259,2693,66260,4,68949,15.04073835598226
eoghain,cill,13,2693,95,1.8089112965894671,0.8089112965894671,13,2680,82,66178,2693,66260,95,68858,15.033012699395048
bhfaoileán,loch,4,1826,11,3.7794230326594755,2.7794230326594755,4,1822,7,67120,1826,67127,11,68942,15.013266139395999
bhfraochóg,loch,4,1826,11,3.7794230326594755,2.7794230326594755,4,1822,7,67120,1826,67127,11,68942,15.013266139395999
leaca,loch,4,1826,11,3.7794230326594755,2.7794230326594755,4,1822,7,67120,1826,67127,11,68942,15.013266139395999
mhianaigh,gob,2,173,8,6.63869747364427,5.63869747364427,2,171,6,68774,173,68780,8,68945,15.007144397801358
téad,cluain,3,1448,6,4.573479814197789,3.573479814197789,3,1445,3,67502,1448,67505,6,68947,14.994856393269872
dúghlaise,cluain,3,1448,6,4.573479814197789,3.573479814197789,3,1445,3,67502,1448,67505,6,68947,14.994856393269872
rúsc,cluain,3,1448,6,4.573479814197789,3.573479814197789,3,1445,3,67502,1448,67505,6,68947,14.994856393269872
bán,garrán,7,223,323,2.7443903687243694,1.7443903687243694,7,216,316,68414,223,68730,323,68630,14.993555183909448
fhiachrach,tír,2,152,9,6.655473186395097,5.655473186395097,2,150,7,68794,152,68801,9,68944,14.991353002714638
dóite,toileán,3,220,31,4.922732178090616,3.922732178090616,3,217,28,68705,220,68733,31,68922,14.990759976120533
gcruach,lisín,2,72,18,6.7334756983963695,5.7334756983963695,2,70,16,68865,72,68881,18,68935,14.988627969288428
abha,ros,3,371,19,4.875085311937762,3.875085311937762,3,368,16,68566,371,68582,19,68934,14.971163252822938
ghabhla,abhainn,3,519,14,4.831342551586666,3.8313425515866664,3,516,11,68423,519,68434,14,68939,14.969941011402936
achadh,abhainn,3,519,14,4.831342551586666,3.8313425515866664,3,516,11,68423,519,68434,14,68939,14.969941011402936
riabhach,chros,2,5,307,6.4893027610234535,5.4893027610234535,2,3,305,68643,5,68948,307,68646,14.966813639734333
fhia,abhainn,4,519,34,3.9662721316727745,2.9662721316727745,4,515,30,68404,519,68434,34,68919,14.964507845281954
manach,garrán,4,223,77,4.005639260665789,3.005639260665789,4,219,73,68657,223,68730,77,68876,14.960135553648772
dhabhag,garraí,2,308,5,6.484611065698731,5.484611065698731,2,306,3,68642,308,68645,5,68948,14.953850418370102
taoibh,barr,2,246,6,6.545848695220599,5.545848695220599,2,244,4,68703,246,68707,6,68947,14.94983279470738
glaise,bun,3,291,24,4.888450358372711,3.888450358372711,3,288,21,68641,291,68662,24,68929,14.928904862829512
nua,halla,5,69,470,3.4102123928251884,2.4102123928251884,5,64,465,68419,69,68884,470,68483,14.928798730455634
raithní,tóin,3,148,46,4.9252728803161885,3.9252728803161885,3,145,43,68762,148,68805,46,68907,14.925881962968045
thuaidh,nua,8,112,876,2.4911837196222173,1.4911837196222173,8,104,868,67973,112,68841,876,68077,14.923301091738258
fhionnáin,mac,4,980,19,3.8887602488348385,2.8887602488348385,4,976,15,67958,980,67973,19,68934,14.91606188347054
chloch,ceapaigh,2,42,31,6.726811968115359,5.726811968115359,2,40,29,68882,42,68911,31,68922,14.912976061924093
coille,talamh,3,31,223,4.903191991694971,3.903191991694971,3,28,220,68702,31,68922,223,68730,14.911384050546426
eirc,cill,5,2693,14,3.192900359609081,2.192900359609081,5,2688,9,66251,2693,66260,14,68939,14.903275053350532
thuaidh,fionnghlas,3,9,876,4.713576140958665,3.713576140958665,3,6,873,68071,9,68944,876,68077,14.900698909754102
bhéil,binn,2,125,11,6.64810979798161,5.64810979798161,2,123,9,68819,125,68828,11,68942,14.884656298577495
phádraig,cros,2,11,125,6.64810979798161,5.64810979798161,2,9,123,68819,11,68942,125,68828,14.884656298577495
thoir,garbh,4,17,1115,3.8630348652229882,2.8630348652229882,4,13,1111,67825,17,68936,1115,67838,14.882884582077933
thoir,breac,4,17,1115,3.8630348652229882,2.8630348652229882,4,13,1111,67825,17,68936,1115,67838,14.882884582077933
thoir,uachtarach,4,17,1115,3.8630348652229882,2.8630348652229882,4,13,1111,67825,17,68936,1115,67838,14.882884582077933
ghabhla,ard,3,527,14,4.809274128307332,3.809274128307332,3,524,11,68415,527,68426,14,68939,14.88046894457064
chiarraí,ceann,2,251,6,6.516819646609067,5.516819646609067,2,249,4,68698,251,68702,6,68947,14.869603746041399
gainimh,ceann,2,251,6,6.516819646609067,5.516819646609067,2,249,4,68698,251,68702,6,68947,14.869603746041399
bhriotaigh,baile,8,8348,15,2.139220220512641,1.139220220512641,8,8340,7,60598,8348,60605,15,68938,14.866632888181654
shíomoin,baile,8,8348,15,2.139220220512641,1.139220220512641,8,8340,7,60598,8348,60605,15,68938,14.866632888181654
mhuine,cúl,5,886,38,3.356163394169753,2.356163394169753,5,881,33,68034,886,68067,38,68915,14.828841794852021
mbuí,tulaigh,2,318,5,6.438514651109277,5.438514651109277,2,316,3,68632,318,68635,5,68948,14.826508018946015
chuach,tulaigh,2,318,5,6.438514651109277,5.438514651109277,2,316,3,68632,318,68635,5,68948,14.826508018946015
fada,cluain,16,1448,249,1.6134778821297082,0.6134778821297082,16,1432,233,67272,1448,67505,249,68704,14.811416249868763
luachair,gort,6,923,57,2.975211350191635,1.975211350191635,6,917,51,67979,923,68030,57,68896,14.806881745315222
chrainn,buaile,3,170,41,4.891345261246365,3.8913452612463653,3,167,38,68745,170,68783,41,68912,14.805078541480757
dubh,abhainn,17,519,763,1.5656585673389227,0.5656585673389227,17,502,746,67688,519,68434,763,68190,14.802647362200844
chlaí,bearna,2,86,16,6.647060946578898,5.647060946578898,2,84,14,68853,86,68867,16,68937,14.771641090114763
dhuibh,thaidhg,2,18,76,6.655473186395097,5.655473186395097,2,16,74,68861,18,68935,76,68877,14.771239838539492
domhnaigh,ráth,6,1086,49,2.958769970082581,1.9587699700825811,6,1080,43,67824,1086,67867,49,68904,14.767920273708095
aitinne,mullach,2,258,6,6.477135945136585,5.477135945136585,2,256,4,68691,258,68695,6,68947,14.759957684561169
chríon,choill,2,258,6,6.477135945136585,5.477135945136585,2,256,4,68691,258,68695,6,68947,14.759957684561169
leicne,dún,2,667,3,6.106820249375254,5.106820249375254,2,665,1,68285,667,68286,3,68950,14.75980418921911
gcuaille,dún,2,667,3,6.106820249375254,5.106820249375254,2,665,1,68285,667,68286,3,68950,14.75980418921911
choill,bearna,3,86,81,4.892173444415429,3.8921734444154286,3,83,78,68789,86,68867,81,68872,14.752253200748417
theas,nua,8,112,888,2.4715549128732843,1.4715549128732843,8,104,880,67961,112,68841,888,68065,14.741312995412525
mocheallóg,chill,2,185,8,6.541944240764683,5.541944240764683,2,183,6,68762,185,68768,8,68945,14.739470336980611
tiarnáin,chill,2,185,8,6.541944240764683,5.541944240764683,2,183,6,68762,185,68768,8,68945,14.739470336980611
allt,sruthán,2,186,8,6.534166890172963,5.534166890172963,2,184,6,68761,186,68767,8,68945,14.717964363440355
mhóna,cionn,2,109,13,6.604701658362976,5.604701658362976,2,107,11,68833,109,68844,13,68940,14.707966667410647
cathair,pointe,3,126,56,4.87365335644463,3.8736533564446303,3,123,53,68774,126,68827,56,68897,14.693825154655842
beag,bhuiríos,4,13,1558,3.767406465078233,2.767406465078233,4,9,1554,67386,13,68940,1558,67395,14.692297586703972
mbráthar,páirc,5,599,56,3.361486681321967,2.361486681321967,5,594,51,68303,599,68354,56,68897,14.684766872596846
phúca,pholl,2,30,46,6.642873149615463,5.642873149615463,2,28,44,68879,30,68923,46,68907,14.678295448937346
thiar,breac,4,17,1146,3.8234715312737504,2.8234715312737504,4,13,1142,67794,17,68936,1146,67807,14.674994887678446
thiar,uachtarach,4,17,1146,3.8234715312737504,2.8234715312737504,4,13,1142,67794,17,68936,1146,67807,14.674994887678446
thiar,tobair,4,17,1146,3.8234715312737504,2.8234715312737504,4,13,1142,67794,17,68936,1146,67807,14.674994887678446
thiar,garbh,4,17,1146,3.8234715312737504,2.8234715312737504,4,13,1142,67794,17,68936,1146,67807,14.674994887678446
mhóna,doirín,2,110,13,6.591526269615244,5.591526269615244,2,108,11,68832,110,68843,13,68940,14.671418593943024
scuab,droichead,2,444,4,6.278909834930889,5.278909834930889,2,442,2,68507,444,68509,4,68949,14.670934739433191
geala,cloch,2,220,7,6.484611065698731,5.484611065698731,2,218,5,68728,220,68733,7,68946,14.664284189563551
ámainn,cloch,2,220,7,6.484611065698731,5.484611065698731,2,218,5,68728,220,68733,7,68946,14.664284189563551
páirce,baile,14,8348,39,1.5680635193165156,0.5680635193165156,14,8334,25,60580,8348,60605,39,68914,14.663004549532966
fháltaigh,baile,6,8348,9,2.4611483154000036,1.4611483154000036,6,8342,3,60602,8348,60605,9,68944,14.657155932472524
bpáistí,cnocán,2,332,5,6.3763581750467075,5.3763581750467075,2,330,3,68618,332,68621,5,68948,14.65486508057449
líne,cnocán,2,332,5,6.3763581750467075,5.3763581750467075,2,330,3,68618,332,68621,5,68948,14.65486508057449
eibhir,cnocán,2,332,5,6.3763581750467075,5.3763581750467075,2,330,3,68618,332,68621,5,68948,14.65486508057449
eoghain,uíbh,2,15,95,6.596579497341528,5.596579497341528,2,13,93,68845,15,68938,95,68858,14.646421226534734
tirialaigh,bealach,2,166,9,6.528361268491758,5.528361268491758,2,164,7,68780,166,68787,9,68944,14.639534933731337
ceann,bá,3,80,89,4.860626676148391,3.8606266761483914,3,77,86,68787,80,68873,89,68864,14.623168694795034
haitinne,páirc,3,599,13,4.731436291072273,3.7314362910722734,3,596,10,68344,599,68354,13,68940,14.61876778075498
trasna,mám,2,27,52,6.617998480976434,5.617998480976434,2,25,50,68876,27,68926,52,68901,14.61508393310889
laighin,tuaim,2,96,15,6.58147260495132,5.58147260495132,2,94,13,68844,96,68857,15,68938,14.604468836108058
rua,barraigh,2,3,694,6.049571347981577,5.049571347981577,2,1,692,68258,3,68950,694,68259,14.601633713624478
rua,fhásaigh,2,3,694,6.049571347981577,5.049571347981577,2,1,692,68258,3,68950,694,68259,14.601633713624478
héirice,ceathrú,2,452,4,6.253146738865807,5.253146738865807,2,450,2,68499,452,68501,4,68949,14.599811468177354
tiobraide,achadh,3,477,16,4.760442745996639,3.760442745996639,3,474,13,68463,477,68476,16,68937,14.597650787726934
óir,sceach,2,44,32,6.6138940826436965,5.6138940826436965,2,42,30,68879,44,68909,32,68921,14.594124337825514
mbroc,cruach,2,59,24,6.605720151197998,5.605720151197998,2,57,22,68872,59,68894,24,68929,14.591357031125877
molt,cluain,4,1448,14,3.7661248921401853,2.7661248921401853,4,1444,10,67495,1448,67505,14,68939,14.58855359914099
ghleanna,abhainn,5,519,65,3.353295254782022,2.353295254782022,5,514,60,68374,519,68434,65,68888,14.584439825745738
dhrom,diméin,2,123,12,6.545848695220599,5.545848695220599,2,121,10,68820,123,68830,12,68941,14.570285926723065
beag,corcaigh,3,6,1558,4.467846183219326,3.4678461832193257,3,3,1555,67392,6,68947,1558,67395,14.564884299576804
aille,dhún,2,65,22,6.591526269615244,5.591526269615244,2,63,20,68868,65,68888,22,68931,14.561875419251354
neach,chnoc,2,49,29,6.6006348620382145,5.6006348620382145,2,47,27,68877,49,68904,29,68924,14.561598763129751
mhargaidh,caisleán,3,480,16,4.751397606393633,3.751397606393633,3,477,13,68460,480,68473,16,68937,14.561053908238001
chré,cathair,2,341,5,6.33776967736946,5.33776967736946,2,339,3,68609,341,68612,5,68948,14.54834279369674
íochtarach,choileáin,3,9,931,4.625725843001044,3.625725843001044,3,6,928,68016,9,68944,931,68022,14.54443074597021
íochtarach,tseanchoill,3,9,931,4.625725843001044,3.625725843001044,3,6,928,68016,9,68944,931,68022,14.54443074597021
raithní,cnoc,8,2293,46,2.386743105643188,1.386743105643188,8,2285,38,66622,2293,66660,46,68907,14.538868568991441
fhiolúin,loch,2,1826,2,5.238854651296773,4.238854651296773,2,1824,0,67127,1826,67127,2,68951,14.52732269326389
bhéaláin,loch,2,1826,2,5.238854651296773,4.238854651296773,2,1824,0,67127,1826,67127,2,68951,14.52732269326389
druid,loch,2,1826,2,5.238854651296773,4.238854651296773,2,1824,0,67127,1826,67127,2,68951,14.52732269326389
measca,loch,2,1826,2,5.238854651296773,4.238854651296773,2,1824,0,67127,1826,67127,2,68951,14.52732269326389
bran,loch,2,1826,2,5.238854651296773,4.238854651296773,2,1824,0,67127,1826,67127,2,68951,14.52732269326389
eirg,loch,2,1826,2,5.238854651296773,4.238854651296773,2,1824,0,67127,1826,67127,2,68951,14.52732269326389
throiscín,loch,2,1826,2,5.238854651296773,4.238854651296773,2,1824,0,67127,1826,67127,2,68951,14.52732269326389
ghriail,loch,2,1826,2,5.238854651296773,4.238854651296773,2,1824,0,67127,1826,67127,2,68951,14.52732269326389
foirnéise,loch,2,1826,2,5.238854651296773,4.238854651296773,2,1824,0,67127,1826,67127,2,68951,14.52732269326389
dúthulach,loch,2,1826,2,5.238854651296773,4.238854651296773,2,1824,0,67127,1826,67127,2,68951,14.52732269326389
hóige,loch,2,1826,2,5.238854651296773,4.238854651296773,2,1824,0,67127,1826,67127,2,68951,14.52732269326389
ngoincíní,loch,2,1826,2,5.238854651296773,4.238854651296773,2,1824,0,67127,1826,67127,2,68951,14.52732269326389
doimhne,loch,2,1826,2,5.238854651296773,4.238854651296773,2,1824,0,67127,1826,67127,2,68951,14.52732269326389
goilí,loch,2,1826,2,5.238854651296773,4.238854651296773,2,1824,0,67127,1826,67127,2,68951,14.52732269326389
loirgín,loch,2,1826,2,5.238854651296773,4.238854651296773,2,1824,0,67127,1826,67127,2,68951,14.52732269326389
luchramán,loch,2,1826,2,5.238854651296773,4.238854651296773,2,1824,0,67127,1826,67127,2,68951,14.52732269326389
mháimín,loch,2,1826,2,5.238854651296773,4.238854651296773,2,1824,0,67127,1826,67127,2,68951,14.52732269326389
hoilí,loch,2,1826,2,5.238854651296773,4.238854651296773,2,1824,0,67127,1826,67127,2,68951,14.52732269326389
éirne,loch,2,1826,2,5.238854651296773,4.238854651296773,2,1824,0,67127,1826,67127,2,68951,14.52732269326389
gabhlach,loch,2,1826,2,5.238854651296773,4.238854651296773,2,1824,0,67127,1826,67127,2,68951,14.52732269326389
broin,loch,2,1826,2,5.238854651296773,4.238854651296773,2,1824,0,67127,1826,67127,2,68951,14.52732269326389
gcorrasán,loch,2,1826,2,5.238854651296773,4.238854651296773,2,1824,0,67127,1826,67127,2,68951,14.52732269326389
cútra,loch,2,1826,2,5.238854651296773,4.238854651296773,2,1824,0,67127,1826,67127,2,68951,14.52732269326389
tan,loch,2,1826,2,5.238854651296773,4.238854651296773,2,1824,0,67127,1826,67127,2,68951,14.52732269326389
cairlinn,loch,2,1826,2,5.238854651296773,4.238854651296773,2,1824,0,67127,1826,67127,2,68951,14.52732269326389
sálta,loch,2,1826,2,5.238854651296773,4.238854651296773,2,1824,0,67127,1826,67127,2,68951,14.52732269326389
náthanna,loch,2,1826,2,5.238854651296773,4.238854651296773,2,1824,0,67127,1826,67127,2,68951,14.52732269326389
leacrach,loch,2,1826,2,5.238854651296773,4.238854651296773,2,1824,0,67127,1826,67127,2,68951,14.52732269326389
sraithíní,loch,2,1826,2,5.238854651296773,4.238854651296773,2,1824,0,67127,1826,67127,2,68951,14.52732269326389
dhúleitir,loch,2,1826,2,5.238854651296773,4.238854651296773,2,1824,0,67127,1826,67127,2,68951,14.52732269326389
damh,dún,3,667,12,4.69178275009641,3.6917827500964098,3,664,9,68277,667,68286,12,68941,14.521876094195422
ruáin,uisce,2,23,63,6.572483821724066,5.572483821724066,2,21,61,68869,23,68930,63,68890,14.503275566608638
madadh,cró,2,40,36,6.58147260495132,5.58147260495132,2,38,34,68879,40,68913,36,68917,14.50009166169457
droim,cnoc,15,2293,145,1.6372865672937853,0.6372865672937853,15,2278,130,66530,2293,66660,145,68808,14.494709492764315
tuath,rois,2,19,77,6.558611647142508,5.558611647142508,2,17,75,68859,19,68934,77,68876,14.49201431187857
mhadra,poll,4,394,47,3.896685030146981,2.896685030146981,4,390,43,68516,394,68559,47,68906,14.486821440896176
theas,dubh,7,86,888,2.6600000022863948,1.6600000022863948,7,79,881,67986,86,68867,888,68065,14.486429001066712
ard,bóthar,6,155,341,2.9685358677037406,1.9685358677037406,6,149,335,68463,155,68798,341,68612,14.485603213466325
dhonncha,mac,4,980,20,3.8147596673910615,2.8147596673910615,4,976,16,67957,980,67973,20,68933,14.485304752196608
bán,cnoc,25,2293,323,1.218770896781001,0.21877089678100092,25,2268,298,66362,2293,66660,323,68630,14.475392149299207
eochaille,cluain,5,1448,25,3.251551719310427,2.251551719310427,5,1443,20,67485,1448,67505,25,68928,14.475380700913535
ruáin,baile,19,8348,63,1.3167584060648287,0.31675840606482875,19,8329,44,60561,8348,60605,63,68890,14.469561651340552
cuilinn,droim,5,1146,31,3.2786661570245768,2.2786661570245768,5,1141,26,67781,1146,67807,31,68922,14.469049092365754
dúigh,maigh,3,363,21,4.762145041227639,3.7621450412276394,3,360,18,68572,363,68590,21,68932,14.468990792404263
chloch,cúirt,2,47,31,6.564540539216483,5.564540539216483,2,45,29,68877,47,68906,31,68922,14.456826552364628
chille,móin,2,279,6,6.3642418887306516,5.3642418887306516,2,277,4,68670,279,68674,6,68947,14.448222140001482
bheitheach,cora,2,100,15,6.522578915897752,5.522578915897752,2,98,13,68840,100,68853,15,68938,14.441001716043505
lín,móinín,2,34,43,6.559598105328557,5.559598105328557,2,32,41,68878,34,68919,43,68910,14.439610073442456
gcaorach,clochán,3,70,105,4.814759667391062,3.814759667391062,3,67,102,68781,70,68883,105,68848,14.439356935814926
uachtarach,choileáin,3,9,948,4.599619951661579,3.5996199516615794,3,6,945,67999,9,68944,948,68005,14.43868520920449
uachtarach,leathan,3,9,948,4.599619951661579,3.5996199516615794,3,6,945,67999,9,68944,948,68005,14.43868520920449
uachtarach,tseanchoill,3,9,948,4.599619951661579,3.5996199516615794,3,6,945,67999,9,68944,948,68005,14.43868520920449
liam,clais,3,93,79,4.815348642717017,3.8153486427170167,3,90,76,68784,93,68860,79,68874,14.43821133654766
phádraig,leaba,3,59,125,4.809860867978222,3.809860867978222,3,56,122,68772,59,68894,125,68828,14.429725911191374
thiar,aird,6,48,1146,2.91093437252409,1.91093437252409,6,42,1140,67765,48,68905,1146,67807,14.427714606504736
fionn,droim,6,1146,48,2.91093437252409,1.91093437252409,6,1140,42,67765,1146,67807,48,68905,14.427714606504736
gcat,cnocán,3,332,23,4.759686814598213,3.759686814598213,3,329,20,68601,332,68621,23,68930,14.422910786928576
chluana,cill,6,2693,22,2.803858068863182,1.8038580688631818,6,2687,16,66244,2693,66260,22,68931,14.416377092699463
lao,lios,7,1124,69,2.6377298463395036,1.6377298463395036,7,1117,62,67767,1124,67829,69,68884,14.401426313431218
ghabha,cionn,2,109,14,6.497786454446465,5.497786454446465,2,107,12,68832,109,68844,14,68939,14.390214908033961
bharraigh,ladhar,2,28,53,6.538050324660192,5.538050324660192,2,26,51,68874,28,68925,53,68900,14.38857497453499
úll,inis,2,355,5,6.279722392001588,5.279722392001588,2,353,3,68595,355,68598,5,68948,14.38816159179374
mhadáin,achadh,2,477,4,6.175480245275483,5.175480245275483,2,475,2,68474,477,68476,4,68949,14.38546919447565
bhuachaill,achadh,2,477,4,6.175480245275483,5.175480245275483,2,475,2,68474,477,68476,4,68949,14.38546919447565
scine,rinn,2,236,7,6.383327729861549,5.383327729861549,2,234,5,68712,236,68717,7,68946,14.384555427881411
charria,gleann,3,755,11,4.638523749152412,3.6385237491524123,3,752,8,68190,755,68198,11,68942,14.383096159873475
éamainn,baile,15,8348,44,1.4935697930923808,0.4935697930923808,15,8333,29,60576,8348,60605,44,68909,14.37560219061129
bhán,bhearna,3,30,253,4.768404031699322,3.7684040316993217,3,27,250,68673,30,68923,253,68700,14.373539413791399
phóil,paróiste,2,84,18,6.511083277059922,5.511083277059922,2,82,16,68853,84,68869,18,68935,14.36952553165009
tua,tigh,2,285,6,6.333545091507734,5.333545091507734,2,283,4,68664,285,68668,6,68947,14.363508286867743
cria,caisleán,2,480,4,6.166435105672476,5.166435105672476,2,478,2,68471,480,68473,4,68949,14.360513435303897
lóthairt,caisleán,2,480,4,6.166435105672476,5.166435105672476,2,478,2,68471,480,68473,4,68949,14.360513435303897
gabhann,átha,3,437,18,4.71687373105924,3.7168737310592403,3,434,15,68501,437,68516,18,68935,14.357241354596386
néan,carraig,5,819,43,3.2912693998252505,2.2912693998252505,5,814,38,68096,819,68134,43,68910,14.35174992774745
beithe,garrán,3,223,34,4.769925460831506,3.769925460831506,3,220,31,68699,223,68730,34,68919,14.349012298196431
iarla,cartrún,2,30,50,6.522578915897752,5.522578915897752,2,28,48,68875,30,68923,50,68903,14.340864158780004
thoir,gcaorach,3,8,1115,4.535460207194484,3.5354602071944843,3,5,1112,67833,8,68945,1115,67838,14.332957797724465
thoir,chabrach,3,8,1115,4.535460207194484,3.5354602071944843,3,5,1112,67833,8,68945,1115,67838,14.332957797724465
thoir,graí,3,8,1115,4.535460207194484,3.5354602071944843,3,5,1112,67833,8,68945,1115,67838,14.332957797724465
breacáin,tuaim,2,96,16,6.488363200559839,5.488363200559839,2,94,14,68843,96,68857,16,68937,14.33078666159294
sceach,mullaigh,2,20,76,6.503470092950047,5.503470092950047,2,18,74,68859,20,68933,76,68877,14.330172621975478
chill,abhainn,6,519,104,2.938257755503178,1.938257755503178,6,513,98,68336,519,68434,104,68849,14.326696638430239
gcnámh,mín,2,180,9,6.411547603509007,5.411547603509007,2,178,7,68766,180,68773,9,68944,14.31661973590428
corra,baile,9,8348,19,1.9681083041198864,0.9681083041198864,9,8339,10,60595,8348,60605,19,68934,14.305394176522785
aodha,crois,4,126,148,3.8865924121521283,2.8865924121521283,4,122,144,68683,126,68827,148,68805,14.299636840887974
neo,maigh,2,363,5,6.247571868397882,5.247571868397882,2,361,3,68587,363,68590,5,68948,14.299471949463268
gcaiseal,muine,2,145,11,6.433984992628764,5.433984992628764,2,143,9,68799,145,68808,11,68942,14.29174968656781
bean,oileán,5,786,45,3.285015197580076,2.285015197580076,5,781,40,68127,786,68167,45,68908,14.290486689213317
buí,táthán,2,5,364,6.243602966194937,5.243602966194937,2,3,362,68586,5,68948,364,68589,14.288524910567126
buí,déan,2,5,364,6.243602966194937,5.243602966194937,2,3,362,68586,5,68948,364,68589,14.288524910567126
átha,rú,3,16,503,4.683873612196624,3.6838736121966242,3,13,500,68437,16,68937,503,68450,14.288104314323416
uí,múscraí,3,5,2121,4.285831201584234,3.2858312015842337,3,2,2118,66830,5,68948,2121,66832,14.288022937293334
garbh,taobh,3,63,120,4.774117682893716,3.774117682893716,3,60,117,68773,63,68890,120,68833,14.279567550395694
daithleann,gleann,2,755,3,5.928030366347397,4.928030366347397,2,753,1,68197,755,68198,3,68950,14.26597214512369
gabhrach,gleann,2,755,3,5.928030366347397,4.928030366347397,2,753,1,68197,755,68198,3,68950,14.26597214512369
chitinéaraigh,gleann,2,755,3,5.928030366347397,4.928030366347397,2,753,1,68197,755,68198,3,68950,14.26597214512369
deimhis,gleann,2,755,3,5.928030366347397,4.928030366347397,2,753,1,68197,755,68198,3,68950,14.26597214512369
smóil,gleann,2,755,3,5.928030366347397,4.928030366347397,2,753,1,68197,755,68198,3,68950,14.26597214512369
chom,droichead,3,444,18,4.693947334209732,3.6939473342097324,3,441,15,68494,444,68509,18,68935,14.264632442997648
fheorais,mac,3,980,9,4.5517252615572685,3.5517252615572685,3,977,6,67967,980,67973,9,68944,14.244834372297609
chathláin,uí,3,2137,5,4.274988914454977,3.274988914454977,3,2134,2,66814,2137,66816,5,68948,14.243857086953472
fhógarta,uí,3,2137,5,4.274988914454977,3.274988914454977,3,2134,2,66814,2137,66816,5,68948,14.243857086953472
mheirgín,uí,3,2137,5,4.274988914454977,3.274988914454977,3,2134,2,66814,2137,66816,5,68948,14.243857086953472
mhaghair,uí,3,2137,5,4.274988914454977,3.274988914454977,3,2134,2,66814,2137,66816,5,68948,14.243857086953472
anluain,uí,3,2137,5,4.274988914454977,3.274988914454977,3,2134,2,66814,2137,66816,5,68948,14.243857086953472
choirc,uí,3,2137,5,4.274988914454977,3.274988914454977,3,2134,2,66814,2137,66816,5,68948,14.243857086953472
fionn,faiche,2,32,48,6.488363200559839,5.488363200559839,2,30,46,68875,32,68921,48,68905,14.241759330378386
rua,tóin,8,148,694,2.425080483073784,1.425080483073784,8,140,686,68119,148,68805,694,68259,14.229894730602151
duibh,átha,4,437,44,3.8424046131430987,2.8424046131430987,4,433,40,68476,437,68516,44,68909,14.222625667489346
stuaice,barr,2,246,7,6.32345627388415,5.32345627388415,2,244,5,68702,246,68707,7,68946,14.219319079751878
tonn,inse,2,185,9,6.372019239322371,5.372019239322371,2,183,7,68761,185,68768,9,68944,14.207436743483715
bhreac,tulaigh,4,318,60,3.853552150388121,2.853552150388121,4,314,56,68579,318,68635,60,68893,14.20315489332744
charraig,rinn,3,236,33,4.731251033281857,3.7312510332818567,3,233,30,68687,236,68717,33,68920,14.199420038757182
caoin,droim,10,1146,141,2.0933111150126584,1.0933111150126584,10,1136,131,67676,1146,67807,141,68812,14.189337649552806
aillt,sruthán,2,186,9,6.3642418887306516,5.3642418887306516,2,184,7,68760,186,68767,9,68944,14.185959856198997
fhíonáin,ard,4,527,37,3.82221318401483,2.82221318401483,4,523,33,68393,527,68426,37,68916,14.176632787960958
fháin,corr,2,503,4,6.098911111475468,5.098911111475468,2,501,2,68448,503,68450,4,68949,14.17425892663618
féinne,corr,2,503,4,6.098911111475468,5.098911111475468,2,501,2,68448,503,68450,4,68949,14.17425892663618
thiar,peambróg,3,8,1146,4.495896873245246,3.495896873245246,3,5,1143,67802,8,68945,1146,67807,14.172770707710061
thiar,graí,3,8,1146,4.495896873245246,3.495896873245246,3,5,1143,67802,8,68945,1146,67807,14.172770707710061
thiar,gcaorach,3,8,1146,4.495896873245246,3.495896873245246,3,5,1143,67802,8,68945,1146,67807,14.172770707710061
mhurchú,mac,5,980,37,3.2491624915368362,2.2491624915368362,5,975,32,67941,980,67973,37,68916,14.166723702721681
thuaidh,muclach,3,10,876,4.561573047513615,3.5615730475136154,3,7,873,68070,10,68943,876,68077,14.166154689529677
átha,cionn,6,109,503,2.9156892874196974,1.9156892874196974,6,103,497,68347,109,68844,503,68450,14.151298245500703
fearta,gráinseach,2,72,22,6.443969081201385,5.443969081201385,2,70,20,68861,72,68881,22,68931,14.150723094229132
bhfaoileann,oileán,3,786,11,4.580471081106247,3.5804710811062472,3,783,8,68159,786,68167,11,68942,14.148465549073064
chuanna,ráth,4,1086,19,3.7405898000330473,2.7405898000330473,4,1082,15,67852,1086,67867,19,68934,14.139657718846843
luáin,cill,5,2693,15,3.093364686058167,2.093364686058167,5,2688,10,66250,2693,66260,15,68938,14.136577298915789
chró,sruthán,3,186,42,4.726811968115359,3.726811968115359,3,183,39,68728,186,68767,42,68911,14.133708857219478
cloiche,tigh,5,285,123,3.297921181777013,2.297921181777013,5,280,118,68550,285,68668,123,68830,14.114564626090596
duibh,sheáin,2,36,44,6.443969081201385,5.443969081201385,2,34,42,68875,36,68917,44,68909,14.113408096858251
chaisle,áth,2,381,5,6.1777504189003105,5.1777504189003105,2,379,3,68569,381,68572,5,68948,14.106938129971738
seanbhoithe,áth,2,381,5,6.1777504189003105,5.1777504189003105,2,379,3,68569,381,68572,5,68948,14.106938129971738
fuinseann,abhainn,3,519,16,4.63869747364427,3.63869747364427,3,516,13,68421,519,68434,16,68937,14.105746979767908
ghréasaí,oileán,2,786,3,5.869977698301232,4.869977698301232,2,784,1,68166,786,68167,3,68950,14.105715986177156
scailpe,oileán,2,786,3,5.869977698301232,4.869977698301232,2,784,1,68166,786,68167,3,68950,14.105715986177156
ndeor,oileán,2,786,3,5.869977698301232,4.869977698301232,2,784,1,68166,786,68167,3,68950,14.105715986177156
scrath,oileán,2,786,3,5.869977698301232,4.869977698301232,2,784,1,68166,786,68167,3,68950,14.105715986177156
mbrící,oileán,2,786,3,5.869977698301232,4.869977698301232,2,784,1,68166,786,68167,3,68950,14.105715986177156
ailí,cionn,2,109,15,6.39825078089555,5.39825078089555,2,107,13,68831,109,68844,15,68938,14.09634443092105
cora,coill,7,896,88,2.6138940826436974,1.6138940826436974,7,889,81,67976,896,68057,88,68865,14.095385383988589
inse,alt,2,43,37,6.437607580949948,5.437607580949948,2,41,35,68875,43,68910,37,68916,14.095037284185754
colmáin,tobar,2,514,4,6.067701152087117,5.067701152087117,2,512,2,68437,514,68439,4,68949,14.088198778510119
laichtín,tobar,2,514,4,6.067701152087117,5.067701152087117,2,512,2,68437,514,68439,4,68949,14.088198778510119
chaipín,tobar,2,514,4,6.067701152087117,5.067701152087117,2,512,2,68437,514,68439,4,68949,14.088198778510119
theas,muclach,3,10,888,4.541944240764683,3.541944240764683,3,7,885,68058,10,68943,888,68065,14.086849762320261
mhánais,mac,4,980,21,3.744370339499664,2.744370339499664,4,976,17,67956,980,67973,21,68932,14.079587836842878
cásca,buaile,2,170,10,6.34200667025593,5.34200667025593,2,168,8,68775,170,68783,10,68943,14.07607761230226
scológ,buaile,2,170,10,6.34200667025593,5.34200667025593,2,168,8,68775,170,68783,10,68943,14.07607761230226
dearg,bearna,3,86,91,4.7242288071013565,3.7242288071013565,3,83,88,68779,86,68867,91,68862,14.065407426703612
lóndraigh,garraí,2,308,6,6.221576659864938,5.221576659864938,2,306,4,68641,308,68645,6,68947,14.054693143579655
dtor,garraí,2,308,6,6.221576659864938,5.221576659864938,2,306,4,68641,308,68645,6,68947,14.054693143579655
doire,cros,2,11,154,6.3471075419487955,5.3471075419487955,2,9,152,68790,11,68942,154,68799,14.051602213457414
glaisí,abhainn,2,519,4,6.053734972923114,5.053734972923114,2,517,2,68432,519,68434,4,68949,14.04969338746044
fhiodh,abhainn,2,519,4,6.053734972923114,5.053734972923114,2,517,2,68432,519,68434,4,68949,14.04969338746044
naí,cloch,2,220,8,6.291965987756336,5.291965987756336,2,218,6,68727,220,68733,8,68945,14.049029970201865
bearnach,sliabh,2,309,6,6.216900172655465,5.216900172655465,2,307,4,68640,309,68644,6,68947,14.041801502069704
huidhre,coill,3,896,10,4.529005185057184,3.5290051850571844,3,893,7,68050,896,68057,10,68943,14.03459271400582
raithin,mhaigh,2,25,65,6.407101698477816,5.407101698477816,2,23,63,68865,25,68928,65,68888,14.032881485731242
gabhla,inis,3,355,23,4.663051031553094,3.6630510315530938,3,352,20,68578,355,68598,23,68930,14.032658414068736
oscair,mullach,2,258,7,6.254743523800137,5.254743523800137,2,256,5,68690,258,68695,7,68946,14.029793332421372
breacáin,ard,3,527,16,4.616629050364937,3.6166290503649368,3,524,13,68413,527,68426,16,68937,14.01674262610918
sratha,ard,3,527,16,4.616629050364937,3.6166290503649368,3,524,13,68413,527,68426,16,68937,14.01674262610918
eilte,eanach,2,130,13,6.350518170111449,5.350518170111449,2,128,11,68812,130,68823,13,68940,14.003937248060529
chluain,portach,2,32,51,6.4009003593094995,5.4009003593094995,2,30,49,68872,32,68921,51,68902,13.996835495504687
brain,dún,3,667,13,4.576305532676474,3.576305532676474,3,664,10,68276,667,68286,13,68940,13.991968216263489
dúigh,poll,3,394,21,4.6439189597670145,3.6439189597670145,3,391,18,68541,394,68559,21,68932,13.991617613973467
sciath,ard,2,527,4,6.03166654964378,5.03166654964378,2,525,2,68424,527,68426,4,68949,13.98885706854292
ágha,ard,2,527,4,6.03166654964378,5.03166654964378,2,525,2,68424,527,68426,4,68949,13.98885706854292
pádraig,suí,2,38,43,6.399133433135312,5.399133433135312,2,36,41,68874,38,68915,43,68910,13.986604162261077
inbhir,drom,3,342,24,4.655473186395096,3.6554731863950964,3,339,21,68590,342,68611,24,68929,13.986551113077125
carraige,baile,28,8348,112,1.0461108161211594,0.046110816121159415,28,8320,84,60521,8348,60605,112,68841,13.983998843095286
bhán,chrois,3,32,253,4.67529462730784,3.6752946273078404,3,29,250,68671,32,68921,253,68700,13.980787442863868
leáin,cill,4,2693,9,3.5084021853370104,2.5084021853370104,4,2689,5,66255,2693,66260,9,68944,13.980379997247317
uachtar,cill,4,2693,9,3.5084021853370104,2.5084021853370104,4,2689,5,66255,2693,66260,9,68944,13.980379997247317
mallach,cill,4,2693,9,3.5084021853370104,2.5084021853370104,4,2689,5,66255,2693,66260,9,68944,13.980379997247317
bhuí,bhóthair,2,8,224,6.265970779223391,5.265970779223391,2,6,222,68723,8,68945,224,68729,13.977327714723724
pluaise,carraig,2,819,3,5.810643558918829,4.810643558918829,2,817,1,68133,819,68134,3,68950,13.941969877309646
bhrutha,carraig,2,819,3,5.810643558918829,4.810643558918829,2,817,1,68133,819,68134,3,68950,13.941969877309646
thoir,gaoth,4,19,1115,3.702570193029742,2.702570193029742,4,15,1111,67823,19,68934,1115,67838,13.941271478794075
naomh,teampall,3,305,27,4.650735267388434,3.650735267388434,3,302,24,68624,305,68648,27,68926,13.92849124982203
uí,croich,2,2,2121,5.022796795750439,4.022796795750439,2,0,2119,66832,2,68951,2121,66832,13.927978234836198
chiaráin,díseart,2,37,45,6.372019239322371,5.372019239322371,2,35,43,68873,37,68916,45,68908,13.910955815480632
bhfaoileán,carraig,3,819,11,4.521136941723845,3.521136941723845,3,816,8,68126,819,68134,11,68942,13.908987289911472
bpréachán,carraig,3,819,11,4.521136941723845,3.521136941723845,3,816,8,68126,819,68134,11,68942,13.908987289911472
bhéil,carraig,3,819,11,4.521136941723845,3.521136941723845,3,816,8,68126,819,68134,11,68942,13.908987289911472
chonnmhaigh,uí,2,2137,2,5.011954508621184,4.011954508621184,2,2135,0,66816,2137,66816,2,68951,13.89790290296644
mhaoilíosa,uí,2,2137,2,5.011954508621184,4.011954508621184,2,2135,0,66816,2137,66816,2,68951,13.89790290296644
chuilín,uí,2,2137,2,5.011954508621184,4.011954508621184,2,2135,0,66816,2137,66816,2,68951,13.89790290296644
shúileacháin,uí,2,2137,2,5.011954508621184,4.011954508621184,2,2135,0,66816,2137,66816,2,68951,13.89790290296644
oileannáin,uí,2,2137,2,5.011954508621184,4.011954508621184,2,2135,0,66816,2137,66816,2,68951,13.89790290296644
lógáin,uí,2,2137,2,5.011954508621184,4.011954508621184,2,2135,0,66816,2137,66816,2,68951,13.89790290296644
mhaoilmheasa,uí,2,2137,2,5.011954508621184,4.011954508621184,2,2135,0,66816,2137,66816,2,68951,13.89790290296644
chaoinleabháin,uí,2,2137,2,5.011954508621184,4.011954508621184,2,2135,0,66816,2137,66816,2,68951,13.89790290296644
mhaoileanaigh,uí,2,2137,2,5.011954508621184,4.011954508621184,2,2135,0,66816,2137,66816,2,68951,13.89790290296644
dhufaigh,uí,2,2137,2,5.011954508621184,4.011954508621184,2,2135,0,66816,2137,66816,2,68951,13.89790290296644
chuill,uí,2,2137,2,5.011954508621184,4.011954508621184,2,2135,0,66816,2137,66816,2,68951,13.89790290296644
thorpa,uí,2,2137,2,5.011954508621184,4.011954508621184,2,2135,0,66816,2137,66816,2,68951,13.89790290296644
chlochasaigh,uí,2,2137,2,5.011954508621184,4.011954508621184,2,2135,0,66816,2137,66816,2,68951,13.89790290296644
fháilbhe,uí,2,2137,2,5.011954508621184,4.011954508621184,2,2135,0,66816,2137,66816,2,68951,13.89790290296644
shubhacháin,uí,2,2137,2,5.011954508621184,4.011954508621184,2,2135,0,66816,2137,66816,2,68951,13.89790290296644
mhithín,uí,2,2137,2,5.011954508621184,4.011954508621184,2,2135,0,66816,2137,66816,2,68951,13.89790290296644
éidhin,uí,2,2137,2,5.011954508621184,4.011954508621184,2,2135,0,66816,2137,66816,2,68951,13.89790290296644
argadáin,uí,2,2137,2,5.011954508621184,4.011954508621184,2,2135,0,66816,2137,66816,2,68951,13.89790290296644
choitil,uí,2,2137,2,5.011954508621184,4.011954508621184,2,2135,0,66816,2137,66816,2,68951,13.89790290296644
chroidheáin,uí,2,2137,2,5.011954508621184,4.011954508621184,2,2135,0,66816,2137,66816,2,68951,13.89790290296644
mhornáin,uí,2,2137,2,5.011954508621184,4.011954508621184,2,2135,0,66816,2137,66816,2,68951,13.89790290296644
mhaolalaidh,uí,2,2137,2,5.011954508621184,4.011954508621184,2,2135,0,66816,2137,66816,2,68951,13.89790290296644
bhloid,uí,2,2137,2,5.011954508621184,4.011954508621184,2,2135,0,66816,2137,66816,2,68951,13.89790290296644
chríonáin,uí,2,2137,2,5.011954508621184,4.011954508621184,2,2135,0,66816,2137,66816,2,68951,13.89790290296644
shirideáin,uí,2,2137,2,5.011954508621184,4.011954508621184,2,2135,0,66816,2137,66816,2,68951,13.89790290296644
bheaglaoich,uí,2,2137,2,5.011954508621184,4.011954508621184,2,2135,0,66816,2137,66816,2,68951,13.89790290296644
raghallaigh,uí,2,2137,2,5.011954508621184,4.011954508621184,2,2135,0,66816,2137,66816,2,68951,13.89790290296644
ghliasáin,uí,2,2137,2,5.011954508621184,4.011954508621184,2,2135,0,66816,2137,66816,2,68951,13.89790290296644
ící,uí,2,2137,2,5.011954508621184,4.011954508621184,2,2135,0,66816,2137,66816,2,68951,13.89790290296644
dhróna,uí,2,2137,2,5.011954508621184,4.011954508621184,2,2135,0,66816,2137,66816,2,68951,13.89790290296644
chadhla,uí,2,2137,2,5.011954508621184,4.011954508621184,2,2135,0,66816,2137,66816,2,68951,13.89790290296644
mhaolchaisil,uí,2,2137,2,5.011954508621184,4.011954508621184,2,2135,0,66816,2137,66816,2,68951,13.89790290296644
chrualaoich,uí,2,2137,2,5.011954508621184,4.011954508621184,2,2135,0,66816,2137,66816,2,68951,13.89790290296644
mheachair,uí,2,2137,2,5.011954508621184,4.011954508621184,2,2135,0,66816,2137,66816,2,68951,13.89790290296644
mhaolaíola,uí,2,2137,2,5.011954508621184,4.011954508621184,2,2135,0,66816,2137,66816,2,68951,13.89790290296644
bhardáin,uí,2,2137,2,5.011954508621184,4.011954508621184,2,2135,0,66816,2137,66816,2,68951,13.89790290296644
gháigín,uí,2,2137,2,5.011954508621184,4.011954508621184,2,2135,0,66816,2137,66816,2,68951,13.89790290296644
loideáin,uí,2,2137,2,5.011954508621184,4.011954508621184,2,2135,0,66816,2137,66816,2,68951,13.89790290296644
dhuíginn,uí,2,2137,2,5.011954508621184,4.011954508621184,2,2135,0,66816,2137,66816,2,68951,13.89790290296644
dhonnabháin,uí,2,2137,2,5.011954508621184,4.011954508621184,2,2135,0,66816,2137,66816,2,68951,13.89790290296644
chonaing,uí,2,2137,2,5.011954508621184,4.011954508621184,2,2135,0,66816,2137,66816,2,68951,13.89790290296644
fhathartaigh,uí,2,2137,2,5.011954508621184,4.011954508621184,2,2135,0,66816,2137,66816,2,68951,13.89790290296644
mhoinigh,uí,2,2137,2,5.011954508621184,4.011954508621184,2,2135,0,66816,2137,66816,2,68951,13.89790290296644
mhothlacháin,uí,2,2137,2,5.011954508621184,4.011954508621184,2,2135,0,66816,2137,66816,2,68951,13.89790290296644
shomacháin,uí,2,2137,2,5.011954508621184,4.011954508621184,2,2135,0,66816,2137,66816,2,68951,13.89790290296644
reachtúir,uí,2,2137,2,5.011954508621184,4.011954508621184,2,2135,0,66816,2137,66816,2,68951,13.89790290296644
dhúrtaigh,uí,2,2137,2,5.011954508621184,4.011954508621184,2,2135,0,66816,2137,66816,2,68951,13.89790290296644
thuatháile,uí,2,2137,2,5.011954508621184,4.011954508621184,2,2135,0,66816,2137,66816,2,68951,13.89790290296644
feic,uí,2,2137,2,5.011954508621184,4.011954508621184,2,2135,0,66816,2137,66816,2,68951,13.89790290296644
cúis,uí,2,2137,2,5.011954508621184,4.011954508621184,2,2135,0,66816,2137,66816,2,68951,13.89790290296644
mharcacháin,uí,2,2137,2,5.011954508621184,4.011954508621184,2,2135,0,66816,2137,66816,2,68951,13.89790290296644
dhuibheannaigh,uí,2,2137,2,5.011954508621184,4.011954508621184,2,2135,0,66816,2137,66816,2,68951,13.89790290296644
shlatara,uí,2,2137,2,5.011954508621184,4.011954508621184,2,2135,0,66816,2137,66816,2,68951,13.89790290296644
adhnacháin,uí,2,2137,2,5.011954508621184,4.011954508621184,2,2135,0,66816,2137,66816,2,68951,13.89790290296644
ghéibheannaigh,uí,2,2137,2,5.011954508621184,4.011954508621184,2,2135,0,66816,2137,66816,2,68951,13.89790290296644
eadhna,uí,2,2137,2,5.011954508621184,4.011954508621184,2,2135,0,66816,2137,66816,2,68951,13.89790290296644
dhanair,uí,2,2137,2,5.011954508621184,4.011954508621184,2,2135,0,66816,2137,66816,2,68951,13.89790290296644
thiomáin,uí,2,2137,2,5.011954508621184,4.011954508621184,2,2135,0,66816,2137,66816,2,68951,13.89790290296644
ghiollagáin,uí,2,2137,2,5.011954508621184,4.011954508621184,2,2135,0,66816,2137,66816,2,68951,13.89790290296644
dhiana,uí,2,2137,2,5.011954508621184,4.011954508621184,2,2135,0,66816,2137,66816,2,68951,13.89790290296644
bhreisleáin,uí,2,2137,2,5.011954508621184,4.011954508621184,2,2135,0,66816,2137,66816,2,68951,13.89790290296644
chaollaigh,uí,2,2137,2,5.011954508621184,4.011954508621184,2,2135,0,66816,2137,66816,2,68951,13.89790290296644
ruagáin,uí,2,2137,2,5.011954508621184,4.011954508621184,2,2135,0,66816,2137,66816,2,68951,13.89790290296644
bhranáin,uí,2,2137,2,5.011954508621184,4.011954508621184,2,2135,0,66816,2137,66816,2,68951,13.89790290296644
chreacháin,uí,2,2137,2,5.011954508621184,4.011954508621184,2,2135,0,66816,2137,66816,2,68951,13.89790290296644
chuireáin,uí,2,2137,2,5.011954508621184,4.011954508621184,2,2135,0,66816,2137,66816,2,68951,13.89790290296644
nód,uí,2,2137,2,5.011954508621184,4.011954508621184,2,2135,0,66816,2137,66816,2,68951,13.89790290296644
chroiligh,uí,2,2137,2,5.011954508621184,4.011954508621184,2,2135,0,66816,2137,66816,2,68951,13.89790290296644
bharraigh,ráth,6,1086,53,2.84555935963459,1.8455593596345898,6,1080,47,67820,1086,67867,53,68900,13.892419895843076
locha,chois,2,8,229,6.23412191318405,5.23412191318405,2,6,227,68718,8,68945,229,68724,13.889504767019355
bheithe,leacain,2,39,43,6.361658727716648,5.361658727716648,2,37,41,68873,39,68914,43,68910,13.881096104521125
buí,trian,4,55,364,3.7841713475576393,2.7841713475576393,4,51,360,68538,55,68898,364,68589,13.860177984278124
bhríde,chill,4,185,107,3.8004772543635355,2.8004772543635355,4,181,103,68665,185,68768,107,68846,13.854529972263174
chladaigh,mín,2,180,10,6.259544510063958,5.259544510063958,2,178,8,68765,180,68773,10,68943,13.848453173965913
loiscreáin,cnoc,3,2293,5,4.173339467533995,3.173339467533995,3,2290,2,66658,2293,66660,5,68948,13.830172279931375
fallainge,cnoc,3,2293,5,4.173339467533995,3.173339467533995,3,2290,2,66658,2293,66660,5,68948,13.830172279931375
mhuirfean,cnoc,3,2293,5,4.173339467533995,3.173339467533995,3,2290,2,66658,2293,66660,5,68948,13.830172279931375
lathaí,béal,3,479,18,4.584481354823659,3.5844813548236587,3,476,15,68459,479,68474,18,68935,13.823220696100918
mhuircheartaigh,uí,4,2137,11,3.5525228899838868,2.5525228899838868,4,2133,7,66809,2137,66816,11,68942,13.818803910171255
shíoda,uí,4,2137,11,3.5525228899838868,2.5525228899838868,4,2133,7,66809,2137,66816,11,68942,13.818803910171255
gharbh,cúl,7,886,91,2.581723094584884,1.5817230945848841,7,879,84,67983,886,68067,91,68862,13.817705936544604
luáin,leitir,2,117,15,6.296070386089071,5.296070386089071,2,115,13,68823,117,68836,15,68938,13.813522747348575
craoibhe,eas,2,29,59,6.332701656791582,5.332701656791582,2,27,57,68867,29,68924,59,68894,13.812378664909675
leac,cruach,2,59,29,6.332701656791582,5.332701656791582,2,57,27,68867,59,68894,29,68924,13.812378664909675
íochtarach,iarainn,3,10,931,4.4737227495559955,3.4737227495559955,3,7,928,68015,10,68943,931,68022,13.811503150606944
íochtarach,bheithe,3,10,931,4.4737227495559955,3.4737227495559955,3,7,928,68015,10,68943,931,68022,13.811503150606944
dónaill,dún,4,667,31,3.737586439709534,2.737586439709534,4,663,27,68259,667,68286,31,68922,13.81113448281252
dumha,caisleán,3,480,18,4.58147260495132,3.58147260495132,3,477,15,68458,480,68473,18,68935,13.81110652275164
leice,leitir,3,117,70,4.65864046547378,3.6586404654737796,3,114,67,68769,117,68836,70,68883,13.80449125792023
thorc,cluain,3,1448,7,4.351087392861341,3.3510873928613414,3,1445,4,67501,1448,67505,7,68946,13.794271137553746
comhraic,cluain,3,1448,7,4.351087392861341,3.3510873928613414,3,1445,4,67501,1448,67505,7,68946,13.794271137553746
chaisil,ceathrú,4,452,45,3.7612936425361325,2.7612936425361325,4,448,41,68460,452,68501,45,68908,13.793594644749959
raithin,cúl,6,886,65,2.844757500418678,1.844757500418678,6,880,59,68008,886,68067,65,68888,13.790381662307983
bheithe,cró,2,40,43,6.325132851691535,5.325132851691535,2,38,41,68872,40,68913,43,68910,13.778361028634038
mhuintir,rinn,2,236,8,6.190682651919153,5.190682651919153,2,234,6,68711,236,68717,8,68945,13.769766869667658
rua,chraobh,3,13,694,4.5190566312827976,3.5190566312827976,3,10,691,68249,13,68940,694,68259,13.761260286271387
chró,coill,5,896,42,3.1955814513319925,2.1955814513319925,5,891,37,68020,896,68057,42,68911,13.76082640186659
bhrúnaigh,bábhún,2,28,62,6.311774468836515,5.311774468836515,2,26,60,68865,28,68925,62,68891,13.756781172833412
seabhac,cnocán,2,332,6,6.113323769212914,5.113323769212914,2,330,4,68617,332,68621,6,68947,13.756407213498804
chaoláin,bealach,2,166,11,6.238854651296772,5.238854651296772,2,164,9,68778,166,68787,11,68942,13.752708071317262
damháin,bealach,2,166,11,6.238854651296772,5.238854651296772,2,164,9,68778,166,68787,11,68942,13.752708071317262
guaire,inse,2,185,10,6.220016145877319,5.220016145877319,2,183,8,68760,185,68768,10,68943,13.739415608612497
thiar,gaoth,4,19,1146,3.6630068590805047,2.6630068590805047,4,15,1142,67792,19,68934,1146,67807,13.735210463721339
chláraigh,drom,3,342,25,4.596579497341528,3.596579497341528,3,339,22,68589,342,68611,25,68928,13.735129837075355
buí,toileán,7,220,364,2.591526269615243,1.591526269615243,7,213,357,68376,220,68733,364,68589,13.723207633835623
manrach,móin,2,279,7,6.141849467394204,5.141849467394204,2,277,5,68669,279,68674,7,68946,13.718669319579483
mbaintreach,móin,2,279,7,6.141849467394204,5.141849467394204,2,277,5,68669,279,68674,7,68946,13.718669319579483
uachtarach,bheithe,3,10,948,4.447616858216529,3.447616858216529,3,7,945,67998,10,68943,948,68005,13.7062575623412
uachtarach,iarainn,3,10,948,4.447616858216529,3.447616858216529,3,7,945,67998,10,68943,948,68005,13.7062575623412
lára,gleann,4,755,28,3.7056379450109493,2.7056379450109493,4,751,24,68174,755,68198,28,68925,13.695966239944468
uirbeach,rois,2,19,94,6.270809336159771,5.270809336159771,2,17,92,68842,19,68934,94,68859,13.692905321710153
caillí,ladhar,2,28,63,6.288690855723474,5.288690855723474,2,26,61,68864,28,68925,63,68890,13.692488319093597
easa,log,3,133,63,4.625725843001044,3.625725843001044,3,130,60,68760,133,68820,63,68890,13.677649660552191
criadh,doire,2,876,3,5.713576140958665,4.713576140958665,2,874,1,68076,876,68077,3,68950,13.674197438728553
bhflann,doire,2,876,3,5.713576140958665,4.713576140958665,2,874,1,68076,876,68077,3,68950,13.674197438728553
ál,doire,2,876,3,5.713576140958665,4.713576140958665,2,874,1,68076,876,68077,3,68950,13.674197438728553
choirb,doire,2,876,3,5.713576140958665,4.713576140958665,2,874,1,68076,876,68077,3,68950,13.674197438728553
thoirbirt,doire,2,876,3,5.713576140958665,4.713576140958665,2,874,1,68076,876,68077,3,68950,13.674197438728553
eadarúil,doire,2,876,3,5.713576140958665,4.713576140958665,2,874,1,68076,876,68077,3,68950,13.674197438728553
chriathair,doire,2,876,3,5.713576140958665,4.713576140958665,2,874,1,68076,876,68077,3,68950,13.674197438728553
leastair,doire,2,876,3,5.713576140958665,4.713576140958665,2,874,1,68076,876,68077,3,68950,13.674197438728553
trá,baile,16,8348,50,1.402254626346435,0.40225462634643505,16,8332,34,60571,8348,60605,50,68903,13.666697030187173
aoil,chorr,2,131,14,6.232547777685941,5.232547777685941,2,129,12,68810,131,68822,14,68939,13.65625571387594
leas,páirc,4,599,35,3.7176304915472427,2.7176304915472427,4,595,31,68323,599,68354,35,68918,13.654562830993456
ria,port,2,189,10,6.189155182172559,5.189155182172559,2,187,8,68756,189,68764,10,68943,13.654320705326333
dumha,cnoc,5,2293,18,3.0623081551452507,2.0623081551452507,5,2288,13,66647,2293,66660,18,68935,13.6533881088083
urthaile,cathair,2,341,6,6.0747352715356655,5.0747352715356655,2,339,4,68608,341,68612,6,68947,13.650147267583652
aichir,drom,2,342,6,6.070510685673941,5.070510685673941,2,340,4,68607,342,68611,6,68947,13.638516397026324
ultáin,drom,2,342,6,6.070510685673941,5.070510685673941,2,340,4,68607,342,68611,6,68947,13.638516397026324
galláin,drom,2,342,6,6.070510685673941,5.070510685673941,2,340,4,68607,342,68611,6,68947,13.638516397026324
scarbhach,drom,2,342,6,6.070510685673941,5.070510685673941,2,340,4,68607,342,68611,6,68947,13.638516397026324
cé,loch,3,1826,6,4.238854651296773,3.238854651296773,3,1823,3,67124,1826,67127,6,68947,13.635593885867419
cuinge,loch,3,1826,6,4.238854651296773,3.238854651296773,3,1823,3,67124,1826,67127,6,68947,13.635593885867419
lúghoirt,cúl,2,886,3,5.69720031200482,4.69720031200482,2,884,1,68066,886,68067,3,68950,13.6290361932809
smutáin,cúl,2,886,3,5.69720031200482,4.69720031200482,2,884,1,68066,886,68067,3,68950,13.6290361932809
baic,cúl,2,886,3,5.69720031200482,4.69720031200482,2,884,1,68066,886,68067,3,68950,13.6290361932809
mbeach,cúl,2,886,3,5.69720031200482,4.69720031200482,2,884,1,68066,886,68067,3,68950,13.6290361932809
theas,chreathánach,2,3,888,5.693947334209732,4.693947334209732,2,1,886,68064,3,68950,888,68065,13.620065607149218
theas,tuaithe,2,3,888,5.693947334209732,4.693947334209732,2,1,886,68064,3,68950,888,68065,13.620065607149218
liag,uachtar,2,32,56,6.265970779223391,5.265970779223391,2,30,54,68867,32,68921,56,68897,13.619903601397478
núcairí,cnoc,2,2293,2,4.9103050617002015,3.9103050617002015,2,2291,0,66660,2293,66660,2,68951,13.615943372734481
chollait,cnoc,2,2293,2,4.9103050617002015,3.9103050617002015,2,2291,0,66660,2293,66660,2,68951,13.615943372734481
aragain,cnoc,2,2293,2,4.9103050617002015,3.9103050617002015,2,2291,0,66660,2293,66660,2,68951,13.615943372734481
tsuain,cnoc,2,2293,2,4.9103050617002015,3.9103050617002015,2,2291,0,66660,2293,66660,2,68951,13.615943372734481
góla,cnoc,2,2293,2,4.9103050617002015,3.9103050617002015,2,2291,0,66660,2293,66660,2,68951,13.615943372734481
aiste,cnoc,2,2293,2,4.9103050617002015,3.9103050617002015,2,2291,0,66660,2293,66660,2,68951,13.615943372734481
mhaolobhra,cnoc,2,2293,2,4.9103050617002015,3.9103050617002015,2,2291,0,66660,2293,66660,2,68951,13.615943372734481
daod,cnoc,2,2293,2,4.9103050617002015,3.9103050617002015,2,2291,0,66660,2293,66660,2,68951,13.615943372734481
saileata,cnoc,2,2293,2,4.9103050617002015,3.9103050617002015,2,2291,0,66660,2293,66660,2,68951,13.615943372734481
ballach,cnoc,2,2293,2,4.9103050617002015,3.9103050617002015,2,2291,0,66660,2293,66660,2,68951,13.615943372734481
barrainn,cnoc,2,2293,2,4.9103050617002015,3.9103050617002015,2,2291,0,66660,2293,66660,2,68951,13.615943372734481
bhróigín,cnoc,2,2293,2,4.9103050617002015,3.9103050617002015,2,2291,0,66660,2293,66660,2,68951,13.615943372734481
mheilearaí,cnoc,2,2293,2,4.9103050617002015,3.9103050617002015,2,2291,0,66660,2293,66660,2,68951,13.615943372734481
colbha,cnoc,2,2293,2,4.9103050617002015,3.9103050617002015,2,2291,0,66660,2293,66660,2,68951,13.615943372734481
marc,cnoc,2,2293,2,4.9103050617002015,3.9103050617002015,2,2291,0,66660,2293,66660,2,68951,13.615943372734481
mbuachalán,cnoc,2,2293,2,4.9103050617002015,3.9103050617002015,2,2291,0,66660,2293,66660,2,68951,13.615943372734481
learóige,cnoc,2,2293,2,4.9103050617002015,3.9103050617002015,2,2291,0,66660,2293,66660,2,68951,13.615943372734481
cromail,cnoc,2,2293,2,4.9103050617002015,3.9103050617002015,2,2291,0,66660,2293,66660,2,68951,13.615943372734481
uaignis,cnoc,2,2293,2,4.9103050617002015,3.9103050617002015,2,2291,0,66660,2293,66660,2,68951,13.615943372734481
amhra,cnoc,2,2293,2,4.9103050617002015,3.9103050617002015,2,2291,0,66660,2293,66660,2,68951,13.615943372734481
noilithreach,cnoc,2,2293,2,4.9103050617002015,3.9103050617002015,2,2291,0,66660,2293,66660,2,68951,13.615943372734481
ailinne,cnoc,2,2293,2,4.9103050617002015,3.9103050617002015,2,2291,0,66660,2293,66660,2,68951,13.615943372734481
chrainn,sceach,2,44,41,6.256342078025614,5.256342078025614,2,42,39,68870,44,68909,41,68912,13.585251286491355
eachroma,coill,2,896,3,5.681008278502235,4.681008278502235,2,894,1,68056,896,68057,3,68950,13.584385733195283
mónann,coill,2,896,3,5.681008278502235,4.681008278502235,2,894,1,68056,896,68057,3,68950,13.584385733195283
aileagáin,coill,2,896,3,5.681008278502235,4.681008278502235,2,894,1,68056,896,68057,3,68950,13.584385733195283
chátha,coill,2,896,3,5.681008278502235,4.681008278502235,2,894,1,68056,896,68057,3,68950,13.584385733195283
fhéinne,coill,2,896,3,5.681008278502235,4.681008278502235,2,894,1,68056,896,68057,3,68950,13.584385733195283
beag,chora,7,54,1558,2.5203136031134608,1.5203136031134608,7,47,1551,67348,54,68899,1558,67395,13.57693403564177
sin,páirc,5,599,63,3.191561679879655,2.191561679879655,5,594,58,68296,599,68354,63,68890,13.5755868277997
arbhair,oileán,3,786,12,4.4549401990223885,3.4549401990223885,3,783,9,68158,786,68167,12,68941,13.566224568243051
giúise,teach,2,174,11,6.170950586794969,5.170950586794969,2,172,9,68770,174,68779,11,68942,13.565415054039581
breacáin,leitir,2,117,16,6.20296098169759,5.20296098169759,2,115,14,68822,117,68836,16,68937,13.540450745280516
creamha,leitir,2,117,16,6.20296098169759,5.20296098169759,2,115,14,68822,117,68836,16,68937,13.540450745280516
beag,riabhach,6,39,1558,2.7674064650782335,1.7674064650782335,6,33,1552,67362,39,68914,1558,67395,13.518687590938034
donn,toileán,2,220,9,6.122040986314023,5.122040986314023,2,218,7,68726,220,68733,9,68944,13.518014647416308
thuaidh,riocaird,3,11,876,4.424069523763681,3.4240695237636807,3,8,873,68069,11,68942,876,68077,13.517970291517333
caocháin,doire,3,876,11,4.424069523763681,3.4240695237636807,3,873,8,68069,876,68077,11,68942,13.517970291517333
phrióra,fearann,3,388,23,4.53481340375801,3.53481340375801,3,385,20,68545,388,68565,23,68930,13.516415154948472
trá,gob,3,173,50,4.579803784590701,3.579803784590701,3,170,47,68733,173,68780,50,68903,13.514904027728395
caora,ros,3,371,24,4.538050324660191,3.5380503246601913,3,368,21,68561,371,68582,24,68929,13.513893224229953
íomhair,mac,3,980,10,4.399722168112218,3.399722168112218,3,977,7,67966,980,67973,10,68943,13.513348144221295
ciaráin,dún,3,667,14,4.469390328759962,3.469390328759962,3,664,11,68275,667,68286,14,68939,13.508397058143482
fheá,ceathrú,3,452,20,4.516181144699601,3.516181144699601,3,449,17,68484,452,68501,20,68933,13.498609275004398
liath,caithrín,2,7,295,6.061399634974187,5.061399634974187,2,5,293,68653,7,68946,295,68658,13.497163996195978
thuaidh,eiscir,4,25,876,3.654682451905096,2.654682451905096,4,21,872,68056,25,68928,876,68077,13.495725742247613
míne,loch,4,1826,13,3.5384149331556807,2.5384149331556807,4,1822,9,67118,1826,67127,13,68940,13.492714764225454
gearráin,inis,2,355,6,6.016687986167794,5.016687986167794,2,353,4,68594,355,68598,6,68947,13.490374220016951
easpaig,móinéar,2,22,85,6.204503146505996,5.204503146505996,2,20,83,68848,22,68931,85,68868,13.485688697021924
cloch,bóthar,4,155,134,3.7311121055489846,2.7311121055489846,4,151,130,68668,155,68798,134,68819,13.484750625383805
iarainn,allt,2,35,53,6.21612222977283,5.21612222977283,2,33,51,68867,35,68918,53,68900,13.476505766601283
bán,caiseal,4,65,323,3.715567533558615,2.715567533558615,4,61,319,68569,65,68888,323,68630,13.470362053503898
manach,cill,11,2693,77,1.8709722647217186,0.8709722647217186,11,2682,66,66194,2693,66260,77,68876,13.46645943948944
mónaidh,gort,2,923,3,5.638176362914065,4.638176362914065,2,921,1,68029,923,68030,3,68950,13.46629327983446
curraoin,gort,2,923,3,5.638176362914065,4.638176362914065,2,921,1,68029,923,68030,3,68950,13.46629327983446
tiobratan,gort,2,923,3,5.638176362914065,4.638176362914065,2,921,1,68029,923,68030,3,68950,13.46629327983446
bhiocáire,ceapach,2,112,17,6.178507937973051,5.178507937973051,2,110,15,68826,112,68841,17,68936,13.459341425402295
domhnaigh,maol,2,38,49,6.210688343722201,5.210688343722201,2,36,47,68868,38,68915,49,68904,13.458660945859107
gcaor,lios,4,1124,20,3.616971286172707,2.616971286172707,4,1120,16,67813,1124,67829,20,68933,13.454307613832485
sméar,cúl,3,886,11,4.4076936948098355,3.4076936948098355,3,883,8,68059,886,68067,11,68942,13.452099501136363
dubháin,lios,3,1124,9,4.353936880338913,3.353936880338913,3,1121,6,67823,1124,67829,9,68944,13.446526760523763
clochair,lios,3,1124,9,4.353936880338913,3.353936880338913,3,1121,6,67823,1124,67829,9,68944,13.446526760523763
cré,lios,3,1124,9,4.353936880338913,3.353936880338913,3,1121,6,67823,1124,67829,9,68944,13.446526760523763
loiste,both,2,67,28,6.199881588765619,5.199881588765619,2,65,26,68860,67,68886,28,68925,13.445406467079065
aodha,leacht,3,59,148,4.56619178701136,3.56619178701136,3,56,145,68749,59,68894,148,68805,13.442425712005887
theas,riocaird,3,11,888,4.404440717014747,3.4044407170147473,3,8,885,68057,11,68942,888,68065,13.439017976223631
theas,mainistreach,3,11,888,4.404440717014747,3.4044407170147473,3,8,885,68057,11,68942,888,68065,13.439017976223631
theas,luain,3,11,888,4.404440717014747,3.4044407170147473,3,8,885,68057,11,68942,888,68065,13.439017976223631
ghréine,cill,5,2693,16,3.0002552816666856,2.0002552816666856,5,2688,11,66249,2693,66260,16,68937,13.436783120678854
mochua,cill,5,2693,16,3.0002552816666856,2.0002552816666856,5,2688,11,66249,2693,66260,16,68937,13.436783120678854
airne,cill,5,2693,16,3.0002552816666856,2.0002552816666856,5,2688,11,66249,2693,66260,16,68937,13.436783120678854
gcros,gort,4,923,24,3.6381763629140647,2.6381763629140647,4,919,20,68010,923,68030,24,68929,13.43541010714464
beag,phailís,4,15,1558,3.560955587610807,2.560955587610807,4,11,1554,67384,15,68938,1558,67395,13.434326914717232
íochtarach,damhliag,2,3,931,5.625725843001045,4.625725843001045,2,1,929,68021,3,68950,931,68022,13.431971021944065
lárach,mín,2,180,11,6.122040986314023,5.122040986314023,2,178,9,68764,180,68773,11,68942,13.430607158379324
bun,cuan,3,123,71,4.566026577158229,3.5660265771582287,3,120,68,68762,123,68830,71,68882,13.428814230240647
péiste,poll,3,394,23,4.512674426488762,3.512674426488762,3,391,20,68539,394,68559,23,68930,13.42748767476922
locháin,doire,6,876,68,2.796038301150638,1.796038301150638,6,870,62,68015,876,68077,68,68885,13.418517774433322
ghiolcaigh,choill,2,258,8,6.062098445857741,5.062098445857741,2,256,6,68689,258,68695,8,68945,13.415645235311368
maighne,mullach,2,258,8,6.062098445857741,5.062098445857741,2,256,6,68689,258,68695,8,68945,13.415645235311368
chrom,choill,2,258,8,6.062098445857741,5.062098445857741,2,256,6,68689,258,68695,8,68945,13.415645235311368
radhairc,mullach,2,258,8,6.062098445857741,5.062098445857741,2,256,6,68689,258,68695,8,68945,13.415645235311368
slinne,mullach,2,258,8,6.062098445857741,5.062098445857741,2,256,6,68689,258,68695,8,68945,13.415645235311368
meán,gleann,4,755,29,3.6550118719409816,2.6550118719409816,4,751,25,68173,755,68198,29,68924,13.415379609899015
dónaill,tuairín,2,61,31,6.188392053331233,5.188392053331233,2,59,29,68863,61,68892,31,68922,13.405671833510207
cluaine,maigh,2,363,6,5.984537462564088,4.984537462564088,2,361,4,68586,363,68590,6,68947,13.401917846144126
muirí,maigh,2,363,6,5.984537462564088,4.984537462564088,2,361,4,68586,363,68590,6,68947,13.401917846144126
theas,eiscir,4,25,888,3.635053645156164,2.635053645156164,4,21,884,68044,25,68928,888,68065,13.394038131178618
doire,barr,5,246,154,3.1859527501342164,2.1859527501342164,5,241,149,68558,246,68707,154,68799,13.394005713845612
tulach,carn,2,114,17,6.152972845865913,5.152972845865913,2,112,15,68824,114,68839,17,68936,13.388780738583083
chatháin,tír,2,152,13,6.124958469696317,5.124958469696317,2,150,11,68790,152,68801,13,68940,13.381090913906244
croise,mullach,4,258,82,3.7045464412396574,2.7045464412396574,4,254,78,68617,258,68695,82,68871,13.378921509416475
buí,cnoicín,3,25,364,4.50663737202873,3.50663737202873,3,22,361,68567,25,68928,364,68589,13.373584511180749
molaga,teampall,2,305,7,6.013305346773142,5.013305346773142,2,303,5,68643,305,68648,7,68946,13.364828414470594
chluain,teach,3,174,51,4.542919364181927,3.5429193641819268,3,171,48,68731,174,68779,51,68902,13.363864673730493
fhéich,bhinn,2,66,29,6.170950586794969,5.170950586794969,2,64,27,68860,66,68887,29,68924,13.362049279181717
uachtarach,aireamh,2,3,948,5.599619951661579,4.599619951661579,2,1,946,68004,3,68950,948,68005,13.360012870815954
uachtarach,chuag,2,3,948,5.599619951661579,4.599619951661579,2,1,946,68004,3,68950,948,68005,13.360012870815954
uachtarach,coilleadh,2,3,948,5.599619951661579,4.599619951661579,2,1,946,68004,3,68950,948,68005,13.360012870815954
mhullaigh,tamhnaigh,2,97,20,6.151484764206505,5.151484764206505,2,95,18,68838,97,68856,20,68933,13.353665322031944
sceach,oileán,6,786,76,2.791975186299959,1.7919751862999589,6,780,70,68097,786,68167,76,68877,13.348725499254721
chromáin,droim,3,1146,9,4.325971871802934,3.325971871802934,3,1143,6,67801,1146,67807,9,68944,13.333962517957058
fhinn,leic,2,40,48,6.166435105672476,5.166435105672476,2,38,46,68867,40,68913,48,68905,13.333889098680936
eidhinn,carraig,3,819,12,4.395606059639986,3.395606059639986,3,816,9,68125,819,68134,12,68941,13.327714874731448
dorcha,choill,3,258,35,4.51777792963393,3.5177779296339304,3,255,32,68663,258,68695,35,68918,13.32580841439572
goill,ros,2,371,6,5.953087823939035,4.953087823939035,2,369,4,68578,371,68582,6,68947,13.31541561552597
charria,cnoc,4,2293,11,3.450873443062904,2.450873443062904,4,2289,7,66653,2293,66660,11,68942,13.287356417433635
trasna,gleann,5,755,52,3.1344812438148235,2.1344812438148235,5,750,47,68151,755,68198,52,68901,13.284820918953963
ghearráin,caiseal,2,65,30,6.144067292644022,5.144067292644022,2,63,28,68860,65,68888,30,68923,13.28469294995489
chaorach,binn,2,125,16,6.107541416618909,5.107541416618909,2,123,14,68814,125,68828,16,68937,13.276933691774632
nua,cloichreán,2,5,470,5.874880659828633,4.874880659828633,2,3,468,68480,5,68948,470,68483,13.273003144831657
nua,chaisleáin,3,20,470,4.459843160549789,3.459843160549789,3,17,467,68466,20,68933,470,68483,13.272476750951803
gaoth,gráig,3,68,132,4.526431241393358,3.5264312413933583,3,65,129,68756,68,68885,132,68821,13.27137796514182
mór,raoire,3,5,2525,4.034292434588269,3.034292434588269,3,2,2522,66426,5,68948,2525,66428,13.265476877483664
mór,trosc,3,5,2525,4.034292434588269,3.034292434588269,3,2,2522,66426,5,68948,2525,66428,13.265476877483664
mór,harda,3,5,2525,4.034292434588269,3.034292434588269,3,2,2522,66426,5,68948,2525,66428,13.265476877483664
ámainn,baile,5,8348,7,2.5606839889509176,1.5606839889509176,5,8343,2,60603,8348,60605,7,68946,13.256798535321447
sheoin,baile,5,8348,7,2.5606839889509176,1.5606839889509176,5,8343,2,60603,8348,60605,7,68946,13.256798535321447
craige,baile,5,8348,7,2.5606839889509176,1.5606839889509176,5,8343,2,60603,8348,60605,7,68946,13.256798535321447
bhulbhaigh,baile,5,8348,7,2.5606839889509176,1.5606839889509176,5,8343,2,60603,8348,60605,7,68946,13.256798535321447
mbiatach,baile,5,8348,7,2.5606839889509176,1.5606839889509176,5,8343,2,60603,8348,60605,7,68946,13.256798535321447
ásaigh,baile,5,8348,7,2.5606839889509176,1.5606839889509176,5,8343,2,60603,8348,60605,7,68946,13.256798535321447
chrócaigh,baile,5,8348,7,2.5606839889509176,1.5606839889509176,5,8343,2,60603,8348,60605,7,68946,13.256798535321447
dúill,baile,5,8348,7,2.5606839889509176,1.5606839889509176,5,8343,2,60603,8348,60605,7,68946,13.256798535321447
daighin,baile,5,8348,7,2.5606839889509176,1.5606839889509176,5,8343,2,60603,8348,60605,7,68946,13.256798535321447
mbaintreach,baile,5,8348,7,2.5606839889509176,1.5606839889509176,5,8343,2,60603,8348,60605,7,68946,13.256798535321447
mheáin,tulaigh,3,318,29,4.487424251590223,3.487424251590223,3,315,26,68609,318,68635,29,68924,13.250723184212529
leacan,baile,10,8348,24,1.7830764102873655,0.7830764102873655,10,8338,14,60591,8348,60605,24,68929,13.246985257500278
ghearr,chloch,2,95,21,6.111152670171286,5.111152670171286,2,93,19,68839,95,68858,21,68932,13.234182883455063
mór,tharlaigh,2,2,2525,4.771258028754476,3.7712580287544757,2,0,2523,66428,2,68951,2525,66428,13.230262767171565
mór,léid,2,2,2525,4.771258028754476,3.7712580287544757,2,0,2523,66428,2,68951,2525,66428,13.230262767171565
mór,raithneach,2,2,2525,4.771258028754476,3.7712580287544757,2,0,2523,66428,2,68951,2525,66428,13.230262767171565
mór,scor,2,2,2525,4.771258028754476,3.7712580287544757,2,0,2523,66428,2,68951,2525,66428,13.230262767171565
mór,sleamhain,2,2,2525,4.771258028754476,3.7712580287544757,2,0,2523,66428,2,68951,2525,66428,13.230262767171565
mór,leargaidh,2,2,2525,4.771258028754476,3.7712580287544757,2,0,2523,66428,2,68951,2525,66428,13.230262767171565
mór,guala,2,2,2525,4.771258028754476,3.7712580287544757,2,0,2523,66428,2,68951,2525,66428,13.230262767171565
conla,mac,2,980,3,5.551725261557268,4.551725261557268,2,978,1,67972,980,67973,3,68950,13.228023961304382
oistín,mac,2,980,3,5.551725261557268,4.551725261557268,2,978,1,67972,980,67973,3,68950,13.228023961304382
shíthigh,mac,2,980,3,5.551725261557268,4.551725261557268,2,978,1,67972,980,67973,3,68950,13.228023961304382
eacháin,mac,2,980,3,5.551725261557268,4.551725261557268,2,978,1,67972,980,67973,3,68950,13.228023961304382
roib,mac,2,980,3,5.551725261557268,4.551725261557268,2,978,1,67972,980,67973,3,68950,13.228023961304382
bhaiscinn,mac,2,980,3,5.551725261557268,4.551725261557268,2,978,1,67972,980,67973,3,68950,13.228023961304382
conaíle,mac,2,980,3,5.551725261557268,4.551725261557268,2,978,1,67972,980,67973,3,68950,13.228023961304382
coilín,mac,2,980,3,5.551725261557268,4.551725261557268,2,978,1,67972,980,67973,3,68950,13.228023961304382
tuair,móin,3,279,33,4.489772770814509,3.4897727708145094,3,276,30,68644,279,68674,33,68920,13.226781518369616
charraig,móin,3,279,33,4.489772770814509,3.4897727708145094,3,276,30,68644,279,68674,33,68920,13.226781518369616
mac,thuar,2,3,981,5.5502538743406,4.5502538743406,2,1,979,67971,3,68950,981,67972,13.22396966724501
loiscthe,charraig,4,251,86,3.6755173926281244,2.6755173926281244,4,247,82,68620,251,68702,86,68867,13.223162873354077
donncha,achadh,2,477,5,5.85355215038812,4.85355215038812,2,475,3,68473,477,68476,5,68948,13.214356048871032
raithneach,achadh,2,477,5,5.85355215038812,4.85355215038812,2,475,3,68473,477,68476,5,68948,13.214356048871032
chuaille,tulaigh,2,318,7,5.953087823939035,4.953087823939035,2,316,5,68630,318,68635,7,68946,13.199225512064059
uinseann,tulaigh,2,318,7,5.953087823939035,4.953087823939035,2,316,5,68630,318,68635,7,68946,13.199225512064059
bheacháin,tulaigh,2,318,7,5.953087823939035,4.953087823939035,2,316,5,68630,318,68635,7,68946,13.199225512064059
caoimhín,caisleán,2,480,5,5.844507010785114,4.844507010785114,2,478,3,68470,480,68473,5,68948,13.18948791674385
bantiarna,caisleán,2,480,5,5.844507010785114,4.844507010785114,2,478,3,68470,480,68473,5,68948,13.18948791674385
bhórú,caisleán,2,480,5,5.844507010785114,4.844507010785114,2,478,3,68470,480,68473,5,68948,13.18948791674385
meán,meall,2,69,29,6.106820249375254,5.106820249375254,2,67,27,68857,69,68884,29,68924,13.18390611019634
mhuiris,mac,5,980,41,3.1010638525477026,2.1010638525477026,5,975,36,67937,980,67973,41,68912,13.18199841160794
rua,drom,12,342,694,1.801643834537992,0.8016438345379919,12,330,682,67929,342,68611,694,68259,13.181383752664818
íochtarach,bhriain,3,11,931,4.33621922580606,3.33621922580606,3,8,928,68014,11,68942,931,68022,13.164935401248648
dónaill,dhún,2,65,31,6.0967615778656645,5.0967615778656645,2,63,29,68859,65,68888,31,68922,13.150863717323773
sin,geata,2,32,63,6.096045777781078,5.096045777781078,2,30,61,68860,32,68921,63,68890,13.14674953245543
choláiste,fearann,2,388,6,5.888450358372711,4.888450358372711,2,386,4,68561,388,68565,6,68947,13.13771177879655
beag,abha,7,56,1558,2.4678461832193257,1.4678461832193257,7,49,1551,67346,56,68897,1558,67395,13.123411522710661
creamha,eanach,2,130,16,6.05095788825254,5.05095788825254,2,128,14,68809,130,68823,16,68937,13.12084137740441
mhichíl,reilig,2,45,45,6.089619508621645,5.089619508621645,2,43,43,68865,45,68908,45,68908,13.118089780778128
chillín,gort,4,923,25,3.579282673860496,2.579282673860496,4,919,21,68009,923,68030,25,68928,13.105698830960819
alúine,móin,2,279,8,5.949204389451808,4.949204389451808,2,277,6,68668,279,68674,8,68945,13.10513276314158
corr,tigh,3,285,33,4.4590759735915935,3.4590759735915935,3,282,30,68638,285,68668,33,68920,13.103676687854351
tuair,tigh,3,285,33,4.4590759735915935,3.4590759735915935,3,282,30,68638,285,68668,33,68920,13.103676687854351
charnáin,coillidh,2,79,26,6.069105234962799,5.069105234962799,2,77,24,68850,79,68874,26,68927,13.089733012325397
gcnó,barr,2,246,9,5.960886194499443,4.960886194499443,2,244,7,68700,246,68707,9,68944,13.074563057440312
grian,cnoc,8,2293,51,2.2378797197287055,1.2378797197287055,8,2285,43,66617,2293,66660,51,68902,13.071565923176088
shalach,bhuaile,2,99,21,6.0516516584226245,5.0516516584226245,2,97,19,68835,99,68854,21,68932,13.069693874197043
leathan,toileán,4,220,100,3.6481097979816104,2.6481097979816104,4,216,96,68637,220,68733,100,68853,13.067385895086282
uachtarach,bhriain,3,11,948,4.310113334466594,3.3101133344665943,3,8,945,67997,11,68942,948,68005,13.060189768872094
draighin,mín,2,180,12,5.996510104230164,4.996510104230164,2,178,10,68763,180,68773,12,68941,13.053373508834087
gcanann,dún,2,667,4,5.69178275009641,4.69178275009641,2,665,2,68284,667,68286,4,68949,13.053094857982122
doighre,dún,2,667,4,5.69178275009641,4.69178275009641,2,665,2,68284,667,68286,4,68949,13.053094857982122
gcoileáin,dún,2,667,4,5.69178275009641,4.69178275009641,2,665,2,68284,667,68286,4,68949,13.053094857982122
séad,dún,2,667,4,5.69178275009641,4.69178275009641,2,665,2,68284,667,68286,4,68949,13.053094857982122
leá,cloch,2,220,10,5.970037892868972,4.970037892868972,2,218,8,68725,220,68733,10,68943,13.051011798057882
beag,charraig,16,251,1558,1.4963026292685535,0.4963026292685535,16,235,1542,67160,251,68702,1558,67395,13.043341592348412
brice,log,2,133,16,6.018043265779805,5.018043265779805,2,131,14,68806,133,68820,16,68937,13.030102177138625
fuiseoige,cnocán,2,332,7,5.8909313478764656,4.8909313478764656,2,330,5,68616,332,68621,7,68946,13.028398614714703
oisín,uí,4,2137,12,3.4269920079000276,2.4269920079000276,4,2133,8,66808,2137,66816,12,68941,13.025918898809394
gcorr,dhún,2,65,32,6.05095788825254,5.05095788825254,2,63,30,68858,65,68888,32,68921,13.021486379624493
chaisleán,droichead,3,444,22,4.404440717014747,3.4044407170147473,3,441,19,68490,444,68509,22,68931,13.01066750066867
mór,mbreac,7,36,2525,2.408687949369767,1.4086879493697668,7,29,2518,66399,36,68917,2525,66428,13.01017535077618
chláraigh,dromainn,2,84,25,6.0371520887275105,5.0371520887275105,2,82,23,68846,84,68869,25,68928,13.005676521967393
thoir,rátha,5,37,1115,3.06297243573174,2.06297243573174,5,32,1110,67806,37,68916,1115,67838,13.000319670120856
pise,ceapach,2,112,19,6.018043265779805,5.018043265779805,2,110,17,68824,112,68841,19,68934,12.994049502187481
bhuí,leargain,2,10,224,5.944042684336029,4.944042684336029,2,8,222,68721,10,68943,224,68729,12.97954235791688
alaidh,cill,2,2693,2,4.678327186779323,3.678327186779323,2,2691,0,66260,2693,66260,2,68951,12.972504886103088
tachúrc,cill,2,2693,2,4.678327186779323,3.678327186779323,2,2691,0,66260,2693,66260,2,68951,12.972504886103088
santail,cill,2,2693,2,4.678327186779323,3.678327186779323,2,2691,0,66260,2693,66260,2,68951,12.972504886103088
chuaiche,cill,2,2693,2,4.678327186779323,3.678327186779323,2,2691,0,66260,2693,66260,2,68951,12.972504886103088
mhaoilfhithrigh,cill,2,2693,2,4.678327186779323,3.678327186779323,2,2691,0,66260,2693,66260,2,68951,12.972504886103088
cuma,cill,2,2693,2,4.678327186779323,3.678327186779323,2,2691,0,66260,2693,66260,2,68951,12.972504886103088
eallóg,cill,2,2693,2,4.678327186779323,3.678327186779323,2,2691,0,66260,2693,66260,2,68951,12.972504886103088
deochain,cill,2,2693,2,4.678327186779323,3.678327186779323,2,2691,0,66260,2693,66260,2,68951,12.972504886103088
ghruaige,cill,2,2693,2,4.678327186779323,3.678327186779323,2,2691,0,66260,2693,66260,2,68951,12.972504886103088
éad,cill,2,2693,2,4.678327186779323,3.678327186779323,2,2691,0,66260,2693,66260,2,68951,12.972504886103088
fíora,cill,2,2693,2,4.678327186779323,3.678327186779323,2,2691,0,66260,2693,66260,2,68951,12.972504886103088
mochuille,cill,2,2693,2,4.678327186779323,3.678327186779323,2,2691,0,66260,2693,66260,2,68951,12.972504886103088
scóba,cill,2,2693,2,4.678327186779323,3.678327186779323,2,2691,0,66260,2693,66260,2,68951,12.972504886103088
mhinic,cill,2,2693,2,4.678327186779323,3.678327186779323,2,2691,0,66260,2693,66260,2,68951,12.972504886103088
chonaicne,cill,2,2693,2,4.678327186779323,3.678327186779323,2,2691,0,66260,2693,66260,2,68951,12.972504886103088
órtha,cill,2,2693,2,4.678327186779323,3.678327186779323,2,2691,0,66260,2693,66260,2,68951,12.972504886103088
modhíoga,cill,2,2693,2,4.678327186779323,3.678327186779323,2,2691,0,66260,2693,66260,2,68951,12.972504886103088
cháir,cill,2,2693,2,4.678327186779323,3.678327186779323,2,2691,0,66260,2693,66260,2,68951,12.972504886103088
geifin,cill,2,2693,2,4.678327186779323,3.678327186779323,2,2691,0,66260,2693,66260,2,68951,12.972504886103088
aighne,cill,2,2693,2,4.678327186779323,3.678327186779323,2,2691,0,66260,2693,66260,2,68951,12.972504886103088
choireallaigh,cill,2,2693,2,4.678327186779323,3.678327186779323,2,2691,0,66260,2693,66260,2,68951,12.972504886103088
lóch,cill,2,2693,2,4.678327186779323,3.678327186779323,2,2691,0,66260,2693,66260,2,68951,12.972504886103088
tseiscill,cill,2,2693,2,4.678327186779323,3.678327186779323,2,2691,0,66260,2693,66260,2,68951,12.972504886103088
fhinnigh,cill,2,2693,2,4.678327186779323,3.678327186779323,2,2691,0,66260,2693,66260,2,68951,12.972504886103088
laoch,cill,2,2693,2,4.678327186779323,3.678327186779323,2,2691,0,66260,2693,66260,2,68951,12.972504886103088
eaglaigh,cill,2,2693,2,4.678327186779323,3.678327186779323,2,2691,0,66260,2693,66260,2,68951,12.972504886103088
mochuóg,cill,2,2693,2,4.678327186779323,3.678327186779323,2,2691,0,66260,2693,66260,2,68951,12.972504886103088
airdrí,cill,2,2693,2,4.678327186779323,3.678327186779323,2,2691,0,66260,2693,66260,2,68951,12.972504886103088
martan,cill,2,2693,2,4.678327186779323,3.678327186779323,2,2691,0,66260,2693,66260,2,68951,12.972504886103088
rosanta,cill,2,2693,2,4.678327186779323,3.678327186779323,2,2691,0,66260,2693,66260,2,68951,12.972504886103088
bheinín,cill,2,2693,2,4.678327186779323,3.678327186779323,2,2691,0,66260,2693,66260,2,68951,12.972504886103088
ghallagáin,cill,2,2693,2,4.678327186779323,3.678327186779323,2,2691,0,66260,2693,66260,2,68951,12.972504886103088
toice,cill,2,2693,2,4.678327186779323,3.678327186779323,2,2691,0,66260,2693,66260,2,68951,12.972504886103088
saighleann,cill,2,2693,2,4.678327186779323,3.678327186779323,2,2691,0,66260,2693,66260,2,68951,12.972504886103088
chomnaid,cill,2,2693,2,4.678327186779323,3.678327186779323,2,2691,0,66260,2693,66260,2,68951,12.972504886103088
chluanadh,cill,2,2693,2,4.678327186779323,3.678327186779323,2,2691,0,66260,2693,66260,2,68951,12.972504886103088
mbanbhán,cill,2,2693,2,4.678327186779323,3.678327186779323,2,2691,0,66260,2693,66260,2,68951,12.972504886103088
modhiúid,cill,2,2693,2,4.678327186779323,3.678327186779323,2,2691,0,66260,2693,66260,2,68951,12.972504886103088
chilbhire,cill,2,2693,2,4.678327186779323,3.678327186779323,2,2691,0,66260,2693,66260,2,68951,12.972504886103088
liain,cill,2,2693,2,4.678327186779323,3.678327186779323,2,2691,0,66260,2693,66260,2,68951,12.972504886103088
gcnáimhín,cill,2,2693,2,4.678327186779323,3.678327186779323,2,2691,0,66260,2693,66260,2,68951,12.972504886103088
mhíolchon,cill,2,2693,2,4.678327186779323,3.678327186779323,2,2691,0,66260,2693,66260,2,68951,12.972504886103088
fhíonnachta,cill,2,2693,2,4.678327186779323,3.678327186779323,2,2691,0,66260,2693,66260,2,68951,12.972504886103088
feidhlim,cill,2,2693,2,4.678327186779323,3.678327186779323,2,2691,0,66260,2693,66260,2,68951,12.972504886103088
mblóinsíneach,cill,2,2693,2,4.678327186779323,3.678327186779323,2,2691,0,66260,2693,66260,2,68951,12.972504886103088
chonléith,cill,2,2693,2,4.678327186779323,3.678327186779323,2,2691,0,66260,2693,66260,2,68951,12.972504886103088
choirín,cill,2,2693,2,4.678327186779323,3.678327186779323,2,2691,0,66260,2693,66260,2,68951,12.972504886103088
tagáin,cill,2,2693,2,4.678327186779323,3.678327186779323,2,2691,0,66260,2693,66260,2,68951,12.972504886103088
choirbh,cill,2,2693,2,4.678327186779323,3.678327186779323,2,2691,0,66260,2693,66260,2,68951,12.972504886103088
trostáin,cill,2,2693,2,4.678327186779323,3.678327186779323,2,2691,0,66260,2693,66260,2,68951,12.972504886103088
choirle,cill,2,2693,2,4.678327186779323,3.678327186779323,2,2691,0,66260,2693,66260,2,68951,12.972504886103088
eirne,cill,2,2693,2,4.678327186779323,3.678327186779323,2,2691,0,66260,2693,66260,2,68951,12.972504886103088
mhurchon,cill,2,2693,2,4.678327186779323,3.678327186779323,2,2691,0,66260,2693,66260,2,68951,12.972504886103088
bhruaine,cill,2,2693,2,4.678327186779323,3.678327186779323,2,2691,0,66260,2693,66260,2,68951,12.972504886103088
bhradaráin,cill,2,2693,2,4.678327186779323,3.678327186779323,2,2691,0,66260,2693,66260,2,68951,12.972504886103088
fhábhail,cill,2,2693,2,4.678327186779323,3.678327186779323,2,2691,0,66260,2693,66260,2,68951,12.972504886103088
moilearáin,cill,2,2693,2,4.678327186779323,3.678327186779323,2,2691,0,66260,2693,66260,2,68951,12.972504886103088
frois,cill,2,2693,2,4.678327186779323,3.678327186779323,2,2691,0,66260,2693,66260,2,68951,12.972504886103088
gháithne,cill,2,2693,2,4.678327186779323,3.678327186779323,2,2691,0,66260,2693,66260,2,68951,12.972504886103088
ghuilbin,cill,2,2693,2,4.678327186779323,3.678327186779323,2,2691,0,66260,2693,66260,2,68951,12.972504886103088
charú,cill,2,2693,2,4.678327186779323,3.678327186779323,2,2691,0,66260,2693,66260,2,68951,12.972504886103088
modhomhnóg,cill,2,2693,2,4.678327186779323,3.678327186779323,2,2691,0,66260,2693,66260,2,68951,12.972504886103088
chaoide,cill,2,2693,2,4.678327186779323,3.678327186779323,2,2691,0,66260,2693,66260,2,68951,12.972504886103088
táile,cill,2,2693,2,4.678327186779323,3.678327186779323,2,2691,0,66260,2693,66260,2,68951,12.972504886103088
iain,cill,2,2693,2,4.678327186779323,3.678327186779323,2,2691,0,66260,2693,66260,2,68951,12.972504886103088
searbháin,cill,2,2693,2,4.678327186779323,3.678327186779323,2,2691,0,66260,2693,66260,2,68951,12.972504886103088
lúirí,cill,2,2693,2,4.678327186779323,3.678327186779323,2,2691,0,66260,2693,66260,2,68951,12.972504886103088
mochreá,cill,2,2693,2,4.678327186779323,3.678327186779323,2,2691,0,66260,2693,66260,2,68951,12.972504886103088
fhaoilinn,cill,2,2693,2,4.678327186779323,3.678327186779323,2,2691,0,66260,2693,66260,2,68951,12.972504886103088
arddorais,cill,2,2693,2,4.678327186779323,3.678327186779323,2,2691,0,66260,2693,66260,2,68951,12.972504886103088
macaibí,cill,2,2693,2,4.678327186779323,3.678327186779323,2,2691,0,66260,2693,66260,2,68951,12.972504886103088
modhoma,cill,2,2693,2,4.678327186779323,3.678327186779323,2,2691,0,66260,2693,66260,2,68951,12.972504886103088
eacha,cill,2,2693,2,4.678327186779323,3.678327186779323,2,2691,0,66260,2693,66260,2,68951,12.972504886103088
mochuidbhricht,cill,2,2693,2,4.678327186779323,3.678327186779323,2,2691,0,66260,2693,66260,2,68951,12.972504886103088
aonamra,cill,2,2693,2,4.678327186779323,3.678327186779323,2,2691,0,66260,2693,66260,2,68951,12.972504886103088
mochura,cill,2,2693,2,4.678327186779323,3.678327186779323,2,2691,0,66260,2693,66260,2,68951,12.972504886103088
chruáin,cill,2,2693,2,4.678327186779323,3.678327186779323,2,2691,0,66260,2693,66260,2,68951,12.972504886103088
ghabhlaigh,cill,2,2693,2,4.678327186779323,3.678327186779323,2,2691,0,66260,2693,66260,2,68951,12.972504886103088
mogharbhóg,cill,2,2693,2,4.678327186779323,3.678327186779323,2,2691,0,66260,2693,66260,2,68951,12.972504886103088
iúirín,cill,2,2693,2,4.678327186779323,3.678327186779323,2,2691,0,66260,2693,66260,2,68951,12.972504886103088
tómais,cill,2,2693,2,4.678327186779323,3.678327186779323,2,2691,0,66260,2693,66260,2,68951,12.972504886103088
fhiaich,cill,2,2693,2,4.678327186779323,3.678327186779323,2,2691,0,66260,2693,66260,2,68951,12.972504886103088
tsearcon,cill,2,2693,2,4.678327186779323,3.678327186779323,2,2691,0,66260,2693,66260,2,68951,12.972504886103088
breac,mullach,5,258,154,3.1172400000502014,2.1172400000502014,5,253,149,68546,258,68695,154,68799,12.965043097861175
bhán,charraigeach,2,9,253,5.920407125144371,4.920407125144371,2,7,251,68693,9,68944,253,68700,12.963305433105685
ard,mhóin,5,117,341,3.11126114756078,2.11126114756078,5,112,336,68500,117,68836,341,68612,12.950882571428787
thuaidh,thiar,3,12,876,4.298538641679822,3.298538641679822,3,9,873,68068,12,68941,876,68077,12.938371959016653
thuaidh,darach,3,12,876,4.298538641679822,3.298538641679822,3,9,873,68068,12,68941,876,68077,12.938371959016653
éanna,buaile,2,170,13,5.963495047002201,4.963495047002201,2,168,11,68772,170,68783,13,68940,12.93636644833226
smután,buaile,2,170,13,5.963495047002201,4.963495047002201,2,168,11,68772,170,68783,13,68940,12.93636644833226
gaoth,gráinseach,3,72,132,4.443969081201385,3.4439690812013852,3,69,129,68752,72,68881,132,68821,12.935853250818862
buí,doirín,5,110,364,3.1060994424450015,2.1060994424450015,5,105,359,68484,110,68843,364,68589,12.926399929208989
teorann,sruthán,2,186,12,5.949204389451808,4.949204389451808,2,184,10,68757,186,68767,12,68941,12.923237177927419
ara,ráth,3,1086,10,4.251551719310427,3.2515517193104273,3,1083,7,67860,1086,67867,10,68943,12.918076811512922
úna,ráth,3,1086,10,4.251551719310427,3.2515517193104273,3,1083,7,67860,1086,67867,10,68943,12.918076811512922
fhearna,ráth,3,1086,10,4.251551719310427,3.2515517193104273,3,1083,7,67860,1086,67867,10,68943,12.918076811512922
sháráin,ráth,3,1086,10,4.251551719310427,3.2515517193104273,3,1083,7,67860,1086,67867,10,68943,12.918076811512922
éide,baile,6,8348,10,2.3091452219549535,1.3091452219549535,6,8342,4,60601,8348,60605,10,68943,12.91211298829072
mbocht,baile,6,8348,10,2.3091452219549535,1.3091452219549535,6,8342,4,60601,8348,60605,10,68943,12.91211298829072
bhairínigh,baile,6,8348,10,2.3091452219549535,1.3091452219549535,6,8342,4,60601,8348,60605,10,68943,12.91211298829072
rua,bhléin,2,4,694,5.634533848702734,4.634533848702734,2,2,692,68257,4,68949,694,68259,12.895715347804485
fionn,achadh,4,477,48,3.590517744554327,2.590517744554327,4,473,44,68432,477,68476,48,68905,12.892428772201502
bhláin,cill,3,2693,5,3.941361592613117,2.941361592613117,3,2690,2,66258,2693,66260,5,68948,12.88889502400039
bheagnait,cill,3,2693,5,3.941361592613117,2.941361592613117,3,2690,2,66258,2693,66260,5,68948,12.88889502400039
mhancháin,cill,3,2693,5,3.941361592613117,2.941361592613117,3,2690,2,66258,2693,66260,5,68948,12.88889502400039
scannail,cill,3,2693,5,3.941361592613117,2.941361592613117,3,2690,2,66258,2693,66260,5,68948,12.88889502400039
fhionnbharra,cill,3,2693,5,3.941361592613117,2.941361592613117,3,2690,2,66258,2693,66260,5,68948,12.88889502400039
choirill,cill,3,2693,5,3.941361592613117,2.941361592613117,3,2690,2,66258,2693,66260,5,68948,12.88889502400039
chathrach,cill,3,2693,5,3.941361592613117,2.941361592613117,3,2690,2,66258,2693,66260,5,68948,12.88889502400039
darach,doirín,3,110,87,4.433984992628763,3.433984992628763,3,107,84,68759,110,68843,87,68866,12.8885975651136
con,léim,2,58,37,6.005891340524473,5.005891340524473,2,56,35,68860,58,68895,37,68916,12.888580699385328
cuilinn,gleann,4,755,31,3.5587965566816786,2.5587965566816786,4,751,27,68171,755,68198,31,68922,12.886554656186362
chluain,port,3,189,51,4.423620435809583,3.4236204358095828,3,186,48,68716,189,68764,51,68902,12.88450962241794
cranncha,achadh,3,477,21,4.368125323217879,3.368125323217879,3,474,18,68458,477,68476,21,68932,12.88424592308882
chartúin,abhainn,2,519,5,5.731806878035751,4.731806878035751,2,517,3,68431,519,68434,5,68948,12.879807370219124
scáil,abhainn,2,519,5,5.731806878035751,4.731806878035751,2,517,3,68431,519,68434,5,68948,12.879807370219124
gcrann,doire,4,876,27,3.543651139516353,2.543651139516353,4,872,23,68054,876,68077,27,68926,12.878044856807627
theas,ghléib,3,12,888,4.2789098349308885,3.2789098349308885,3,9,885,68056,12,68941,888,68065,12.859772260802181
theas,darach,3,12,888,4.2789098349308885,3.2789098349308885,3,9,885,68056,12,68941,888,68065,12.859772260802181
riabhach,cabhán,3,32,307,4.396193356631971,3.3961933566319713,3,29,304,68617,32,68921,307,68646,12.859352323133377
fhaoitigh,cúirt,2,47,46,5.995174893546345,4.995174893546345,2,45,44,68862,47,68906,46,68907,12.85415028904048
tairbh,scoilt,2,62,35,5.9898463739491525,4.9898463739491525,2,60,33,68858,62,68891,35,68918,12.846541605067122
dubh,chora,5,54,763,3.0648270471703576,2.0648270471703576,5,49,758,68141,54,68899,763,68190,12.837934565328228
choill,ráth,7,1086,81,2.456022232649613,1.4560222326496128,7,1079,74,67793,1086,67867,81,68872,12.836822198683402
miontáin,ráth,2,1086,3,5.403554812755477,4.403554812755477,2,1084,1,67866,1086,67867,3,68950,12.81993068107775
gcrú,ráth,2,1086,3,5.403554812755477,4.403554812755477,2,1084,1,67866,1086,67867,3,68950,12.81993068107775
tsutúnaigh,ráth,2,1086,3,5.403554812755477,4.403554812755477,2,1084,1,67866,1086,67867,3,68950,12.81993068107775
luíoch,ráth,2,1086,3,5.403554812755477,4.403554812755477,2,1084,1,67866,1086,67867,3,68950,12.81993068107775
sheathrúin,ráth,2,1086,3,5.403554812755477,4.403554812755477,2,1084,1,67866,1086,67867,3,68950,12.81993068107775
éireann,ard,2,527,5,5.709738454756418,4.709738454756418,2,525,3,68423,527,68426,5,68948,12.819204875388863
rabhaidh,ard,2,527,5,5.709738454756418,4.709738454756418,2,525,3,68423,527,68426,5,68948,12.819204875388863
maine,cluain,3,1448,8,4.158442314918946,3.158442314918946,3,1445,5,67500,1448,67505,8,68945,12.812335457144197
dubh,fhaill,4,31,763,3.543590144059589,2.543590144059589,4,27,759,68163,31,68922,763,68190,12.808345541555568
fhearainn,coill,3,896,12,4.265970779223391,3.265970779223391,3,893,9,68048,896,68057,12,68941,12.807985434202873
eilte,carraig,3,819,13,4.2801288422200505,3.2801288422200505,3,816,10,68124,819,68134,13,68940,12.802264443967616
gceann,gort,4,923,26,3.522699145494128,2.522699145494128,4,919,22,68008,923,68030,26,68927,12.791240721040172
buí,poll,9,394,364,2.1134042430682345,1.1134042430682345,9,385,355,68204,394,68559,364,68589,12.784804505342386
glas,maigh,8,363,314,2.274879214393617,1.274879214393617,8,355,306,68284,363,68590,314,68639,12.777881256428147
goirt,inis,2,355,7,5.794295564831346,4.794295564831346,2,353,5,68593,355,68598,7,68946,12.763036126317456
tuí,inis,2,355,7,5.794295564831346,4.794295564831346,2,353,5,68593,355,68598,7,68946,12.763036126317456
cú,inis,2,355,7,5.794295564831346,4.794295564831346,2,353,5,68593,355,68598,7,68946,12.763036126317456
scine,inis,2,355,7,5.794295564831346,4.794295564831346,2,353,5,68593,355,68598,7,68946,12.763036126317456
chaoimhín,tobar,3,514,20,4.33073555792091,3.33073555792091,3,511,17,68422,514,68439,20,68933,12.755741981888935
thiar,rátha,5,37,1146,3.0234091017825024,2.0234091017825024,5,32,1141,67775,37,68916,1146,67807,12.754738958515718
liaine,teampall,2,305,8,5.820660268830745,4.820660268830745,2,303,6,68642,305,68648,8,68945,12.75204926276479
mbreac,sruthán,3,186,53,4.39120893633092,3.39120893633092,3,183,50,68717,186,68767,53,68900,12.750011672477742
loiscthe,achadh,5,477,86,3.0711435854607476,2.0711435854607476,5,472,81,68395,477,68476,86,68867,12.74975819213913
capall,oileán,5,786,53,3.048947839346551,2.048947839346551,5,781,48,68119,786,68167,53,68900,12.746498037984082
néan,mac,5,980,43,3.032351102463688,2.032351102463688,5,975,38,67935,980,67973,43,68910,12.731881427768316
bheithe,moing,2,52,43,5.946621228437805,4.946621228437805,2,50,41,68860,52,68901,43,68910,12.719407395655317
coileáin,lios,3,1124,10,4.201933786893862,3.2019337868938624,3,1121,7,67822,1124,67829,10,68943,12.719282409299076
bhéacáin,uí,3,2137,6,4.011954508621184,3.0119545086211836,3,2134,3,66813,2137,66816,6,68947,12.719087969325496
fhearaigh,uí,3,2137,6,4.011954508621184,3.0119545086211836,3,2134,3,66813,2137,66816,6,68947,12.719087969325496
ghormaíle,uí,3,2137,6,4.011954508621184,3.0119545086211836,3,2134,3,66813,2137,66816,6,68947,12.719087969325496
aichir,uí,3,2137,6,4.011954508621184,3.0119545086211836,3,2134,3,66813,2137,66816,6,68947,12.719087969325496
aidín,garraí,2,308,8,5.806539160586094,4.806539160586094,2,306,6,68639,308,68645,8,68945,12.713293386531388
ghabhair,carraigín,2,75,30,5.9376164151765956,4.9376164151765956,2,73,28,68850,75,68878,30,68923,12.712055268255387
airgead,cruach,2,59,38,5.942755138475568,4.942755138475568,2,57,36,68858,59,68894,38,68915,12.71205456239431
beatha,sliabh,2,309,8,5.801862673376619,4.801862673376619,2,307,6,68638,309,68644,8,68945,12.700460020480186
uaithne,abhainn,3,519,20,4.3167693787569075,3.3167693787569075,3,516,17,68417,519,68434,20,68933,12.699973295531901
eanaigh,rinn,4,236,98,3.575972807803945,2.575972807803945,4,232,94,68623,236,68717,98,68855,12.696970923857798
álainn,cionn,2,109,21,5.912823953725308,4.912823953725308,2,107,19,68825,109,68844,21,68932,12.686546706734365
headarnaí,lios,2,1124,3,5.353936880338913,4.353936880338913,2,1122,1,67828,1124,67829,3,68950,12.68335604756735
chraosaigh,lios,2,1124,3,5.353936880338913,4.353936880338913,2,1122,1,67828,1124,67829,3,68950,12.68335604756735
buí,bábhún,3,28,364,4.343138639745851,3.3431386397458507,3,25,361,68564,28,68925,364,68589,12.68335384051317
fhlaithimh,maigh,2,363,7,5.76214504122764,4.76214504122764,2,361,5,68585,363,68590,7,68946,12.674813024277423
guairne,maigh,2,363,7,5.76214504122764,4.76214504122764,2,361,5,68585,363,68590,7,68946,12.674813024277423
bacach,baile,3,8348,3,3.046110816121159,2.046110816121159,3,8345,0,60605,8348,60605,3,68950,12.669366449330903
eathain,baile,3,8348,3,3.046110816121159,2.046110816121159,3,8345,0,60605,8348,60605,3,68950,12.669366449330903
lifín,baile,3,8348,3,3.046110816121159,2.046110816121159,3,8345,0,60605,8348,60605,3,68950,12.669366449330903
lúigh,baile,3,8348,3,3.046110816121159,2.046110816121159,3,8345,0,60605,8348,60605,3,68950,12.669366449330903
bhuirléigh,baile,3,8348,3,3.046110816121159,2.046110816121159,3,8345,0,60605,8348,60605,3,68950,12.669366449330903
suingean,baile,3,8348,3,3.046110816121159,2.046110816121159,3,8345,0,60605,8348,60605,3,68950,12.669366449330903
thuircín,baile,3,8348,3,3.046110816121159,2.046110816121159,3,8345,0,60605,8348,60605,3,68950,12.669366449330903
chaonóraigh,baile,3,8348,3,3.046110816121159,2.046110816121159,3,8345,0,60605,8348,60605,3,68950,12.669366449330903
staice,baile,3,8348,3,3.046110816121159,2.046110816121159,3,8345,0,60605,8348,60605,3,68950,12.669366449330903
ghiblín,baile,3,8348,3,3.046110816121159,2.046110816121159,3,8345,0,60605,8348,60605,3,68950,12.669366449330903
eireoil,baile,3,8348,3,3.046110816121159,2.046110816121159,3,8345,0,60605,8348,60605,3,68950,12.669366449330903
forda,baile,3,8348,3,3.046110816121159,2.046110816121159,3,8345,0,60605,8348,60605,3,68950,12.669366449330903
stanfard,baile,3,8348,3,3.046110816121159,2.046110816121159,3,8345,0,60605,8348,60605,3,68950,12.669366449330903
caisleáin,baile,3,8348,3,3.046110816121159,2.046110816121159,3,8345,0,60605,8348,60605,3,68950,12.669366449330903
gcríostúnach,baile,3,8348,3,3.046110816121159,2.046110816121159,3,8345,0,60605,8348,60605,3,68950,12.669366449330903
gcathaigh,baile,3,8348,3,3.046110816121159,2.046110816121159,3,8345,0,60605,8348,60605,3,68950,12.669366449330903
íosaigh,baile,3,8348,3,3.046110816121159,2.046110816121159,3,8345,0,60605,8348,60605,3,68950,12.669366449330903
chnocair,baile,3,8348,3,3.046110816121159,2.046110816121159,3,8345,0,60605,8348,60605,3,68950,12.669366449330903
lia,baile,3,8348,3,3.046110816121159,2.046110816121159,3,8345,0,60605,8348,60605,3,68950,12.669366449330903
mhae,baile,3,8348,3,3.046110816121159,2.046110816121159,3,8345,0,60605,8348,60605,3,68950,12.669366449330903
húc,baile,3,8348,3,3.046110816121159,2.046110816121159,3,8345,0,60605,8348,60605,3,68950,12.669366449330903
bhriodúnach,baile,3,8348,3,3.046110816121159,2.046110816121159,3,8345,0,60605,8348,60605,3,68950,12.669366449330903
iúiliáin,baile,3,8348,3,3.046110816121159,2.046110816121159,3,8345,0,60605,8348,60605,3,68950,12.669366449330903
hoirbeaird,baile,3,8348,3,3.046110816121159,2.046110816121159,3,8345,0,60605,8348,60605,3,68950,12.669366449330903
ghealbhaird,baile,3,8348,3,3.046110816121159,2.046110816121159,3,8345,0,60605,8348,60605,3,68950,12.669366449330903
phléibeartaigh,baile,3,8348,3,3.046110816121159,2.046110816121159,3,8345,0,60605,8348,60605,3,68950,12.669366449330903
chnocaigh,baile,3,8348,3,3.046110816121159,2.046110816121159,3,8345,0,60605,8348,60605,3,68950,12.669366449330903
throcail,baile,3,8348,3,3.046110816121159,2.046110816121159,3,8345,0,60605,8348,60605,3,68950,12.669366449330903
chamhaicigh,baile,3,8348,3,3.046110816121159,2.046110816121159,3,8345,0,60605,8348,60605,3,68950,12.669366449330903
ling,baile,3,8348,3,3.046110816121159,2.046110816121159,3,8345,0,60605,8348,60605,3,68950,12.669366449330903
phiocáis,baile,3,8348,3,3.046110816121159,2.046110816121159,3,8345,0,60605,8348,60605,3,68950,12.669366449330903
bhlainséir,baile,3,8348,3,3.046110816121159,2.046110816121159,3,8345,0,60605,8348,60605,3,68950,12.669366449330903
bhrúsaigh,baile,3,8348,3,3.046110816121159,2.046110816121159,3,8345,0,60605,8348,60605,3,68950,12.669366449330903
aighleartaigh,baile,3,8348,3,3.046110816121159,2.046110816121159,3,8345,0,60605,8348,60605,3,68950,12.669366449330903
phrompail,baile,3,8348,3,3.046110816121159,2.046110816121159,3,8345,0,60605,8348,60605,3,68950,12.669366449330903
dáithín,baile,3,8348,3,3.046110816121159,2.046110816121159,3,8345,0,60605,8348,60605,3,68950,12.669366449330903
adac,baile,3,8348,3,3.046110816121159,2.046110816121159,3,8345,0,60605,8348,60605,3,68950,12.669366449330903
staplóg,baile,3,8348,3,3.046110816121159,2.046110816121159,3,8345,0,60605,8348,60605,3,68950,12.669366449330903
bhuadain,baile,3,8348,3,3.046110816121159,2.046110816121159,3,8345,0,60605,8348,60605,3,68950,12.669366449330903
aicéadaigh,baile,3,8348,3,3.046110816121159,2.046110816121159,3,8345,0,60605,8348,60605,3,68950,12.669366449330903
gcaladh,baile,3,8348,3,3.046110816121159,2.046110816121159,3,8345,0,60605,8348,60605,3,68950,12.669366449330903
tuaighe,baile,3,8348,3,3.046110816121159,2.046110816121159,3,8345,0,60605,8348,60605,3,68950,12.669366449330903
mhóirín,baile,3,8348,3,3.046110816121159,2.046110816121159,3,8345,0,60605,8348,60605,3,68950,12.669366449330903
bhallúin,baile,3,8348,3,3.046110816121159,2.046110816121159,3,8345,0,60605,8348,60605,3,68950,12.669366449330903
daighean,baile,3,8348,3,3.046110816121159,2.046110816121159,3,8345,0,60605,8348,60605,3,68950,12.669366449330903
chrúis,baile,3,8348,3,3.046110816121159,2.046110816121159,3,8345,0,60605,8348,60605,3,68950,12.669366449330903
ghéill,baile,3,8348,3,3.046110816121159,2.046110816121159,3,8345,0,60605,8348,60605,3,68950,12.669366449330903
nairiún,baile,3,8348,3,3.046110816121159,2.046110816121159,3,8345,0,60605,8348,60605,3,68950,12.669366449330903
cnocáin,baile,3,8348,3,3.046110816121159,2.046110816121159,3,8345,0,60605,8348,60605,3,68950,12.669366449330903
hagaird,baile,3,8348,3,3.046110816121159,2.046110816121159,3,8345,0,60605,8348,60605,3,68950,12.669366449330903
eidicín,baile,3,8348,3,3.046110816121159,2.046110816121159,3,8345,0,60605,8348,60605,3,68950,12.669366449330903
chorbait,baile,3,8348,3,3.046110816121159,2.046110816121159,3,8345,0,60605,8348,60605,3,68950,12.669366449330903
dodaigh,baile,3,8348,3,3.046110816121159,2.046110816121159,3,8345,0,60605,8348,60605,3,68950,12.669366449330903
bhlainséirbaile,baile,3,8348,3,3.046110816121159,2.046110816121159,3,8345,0,60605,8348,60605,3,68950,12.669366449330903
ciaróg,baile,3,8348,3,3.046110816121159,2.046110816121159,3,8345,0,60605,8348,60605,3,68950,12.669366449330903
halbhaí,baile,3,8348,3,3.046110816121159,2.046110816121159,3,8345,0,60605,8348,60605,3,68950,12.669366449330903
amoraoin,baile,3,8348,3,3.046110816121159,2.046110816121159,3,8345,0,60605,8348,60605,3,68950,12.669366449330903
conaola,baile,3,8348,3,3.046110816121159,2.046110816121159,3,8345,0,60605,8348,60605,3,68950,12.669366449330903
chearda,baile,3,8348,3,3.046110816121159,2.046110816121159,3,8345,0,60605,8348,60605,3,68950,12.669366449330903
bhiataigh,baile,3,8348,3,3.046110816121159,2.046110816121159,3,8345,0,60605,8348,60605,3,68950,12.669366449330903
fheintéaraigh,baile,3,8348,3,3.046110816121159,2.046110816121159,3,8345,0,60605,8348,60605,3,68950,12.669366449330903
sheanáin,átha,2,437,6,5.71687373105924,4.71687373105924,2,435,4,68512,437,68516,6,68947,12.666560046625165
buí,cuilleann,2,7,364,5.758176139024694,4.758176139024694,2,5,362,68584,7,68946,364,68589,12.66392430674697
buí,áthán,2,7,364,5.758176139024694,4.758176139024694,2,5,362,68584,7,68946,364,68589,12.66392430674697
buí,balla,2,7,364,5.758176139024694,4.758176139024694,2,5,362,68584,7,68946,364,68589,12.66392430674697
dhónaill,ceapaigh,2,42,54,5.926120776338767,4.926120776338767,2,40,52,68859,42,68911,54,68899,12.662803358083869
mhaoláin,tulaigh,3,318,32,4.345405246717796,3.345405246717796,3,315,29,68606,318,68635,32,68921,12.656406666791213
ghleann,lóiste,2,25,92,5.905907555449257,4.905907555449257,2,23,90,68838,25,68928,92,68861,12.642929339878874
chorráin,alt,2,43,53,5.919140492015698,4.919140492015698,2,41,51,68859,43,68910,53,68900,12.642915762902204
dorcha,bun,3,291,35,4.3441298421489005,3.3441298421489005,3,288,32,68630,291,68662,35,68918,12.63040041680442
toirc,inis,3,355,29,4.328631992482534,3.328631992482534,3,352,26,68572,355,68598,29,68924,12.615402483139093
dubh,ráth,26,1086,763,1.1134177847831948,0.11341778478319475,26,1060,737,67130,1086,67867,763,68190,12.613672433450706
dhomhnaigh,droim,3,1146,10,4.173968778357883,3.1739687783578834,3,1143,7,67800,1146,67807,10,68943,12.607367024220334
cholaim,droim,3,1146,10,4.173968778357883,3.1739687783578834,3,1143,7,67800,1146,67807,10,68943,12.607367024220334
brád,droim,3,1146,10,4.173968778357883,3.1739687783578834,3,1143,7,67800,1146,67807,10,68943,12.607367024220334
cró,droim,3,1146,10,4.173968778357883,3.1739687783578834,3,1143,7,67800,1146,67807,10,68943,12.607367024220334
litean,droim,2,1146,3,5.325971871802934,4.325971871802934,2,1144,1,67806,1146,67807,3,68950,12.606400982518387
thorcáin,droim,2,1146,3,5.325971871802934,4.325971871802934,2,1144,1,67806,1146,67807,3,68950,12.606400982518387
luíne,droim,2,1146,3,5.325971871802934,4.325971871802934,2,1144,1,67806,1146,67807,3,68950,12.606400982518387
sorn,droim,2,1146,3,5.325971871802934,4.325971871802934,2,1144,1,67806,1146,67807,3,68950,12.606400982518387
síl,droim,2,1146,3,5.325971871802934,4.325971871802934,2,1144,1,67806,1146,67807,3,68950,12.606400982518387
lias,droim,2,1146,3,5.325971871802934,4.325971871802934,2,1144,1,67806,1146,67807,3,68950,12.606400982518387
tharsna,droim,2,1146,3,5.325971871802934,4.325971871802934,2,1144,1,67806,1146,67807,3,68950,12.606400982518387
ochtaí,droim,2,1146,3,5.325971871802934,4.325971871802934,2,1144,1,67806,1146,67807,3,68950,12.606400982518387
eadar,droim,2,1146,3,5.325971871802934,4.325971871802934,2,1144,1,67806,1146,67807,3,68950,12.606400982518387
mianáin,droim,2,1146,3,5.325971871802934,4.325971871802934,2,1144,1,67806,1146,67807,3,68950,12.606400982518387
asail,droim,2,1146,3,5.325971871802934,4.325971871802934,2,1144,1,67806,1146,67807,3,68950,12.606400982518387
raithin,maigh,4,363,65,3.5471321502567896,2.5471321502567896,4,359,61,68529,363,68590,65,68888,12.602014834358714
uaitéir,baile,8,8348,17,1.9586479748708203,0.9586479748708203,8,8340,9,60596,8348,60605,17,68936,12.601976157213008
leacach,chorr,2,131,18,5.869977698301232,4.869977698301232,2,129,16,68806,131,68822,18,68935,12.596541389926092
dhubháin,doire,4,876,28,3.491183719622217,2.491183719622217,4,872,24,68053,876,68077,28,68925,12.589097076395065
charbaid,tulaigh,2,318,8,5.760442745996639,4.760442745996639,2,316,6,68629,318,68635,8,68945,12.586825170283658
giúise,garrán,2,223,11,5.812994182723393,4.812994182723393,2,221,9,68721,223,68730,11,68942,12.580692247998222
gcapall,log,3,133,76,4.355078253057376,3.3550782530573757,3,130,73,68747,133,68820,76,68877,12.576003118399747
deirg,béal,3,479,22,4.2949747376286735,3.2949747376286735,3,476,19,68455,479,68474,22,68931,12.573344867309238
tseanbhaile,cnoc,5,2293,20,2.9103050617002015,1.9103050617002015,5,2288,15,66645,2293,66660,20,68933,12.56532117109596
leice,gort,6,923,70,2.6788183474114104,1.6788183474114104,6,917,64,67966,923,68030,70,68883,12.564627085170422
mór,cheapaigh,4,11,2525,3.3118264101171784,2.3118264101171784,4,7,2521,66421,11,68942,2525,66428,12.564486536582113
chalraí,gleann,2,755,4,5.5129928670685535,4.5129928670685535,2,753,2,68196,755,68198,4,68949,12.561841927805869
dairte,gleann,2,755,4,5.5129928670685535,4.5129928670685535,2,753,2,68196,755,68198,4,68949,12.561841927805869
éada,gleann,2,755,4,5.5129928670685535,4.5129928670685535,2,753,2,68196,755,68198,4,68949,12.561841927805869
rua,chlais,4,35,694,3.5052508317577673,2.5052508317577673,4,31,690,68228,35,68918,694,68259,12.559456835945674
chorráin,cnoc,8,2293,53,2.182384607137002,1.1823846071370019,8,2285,45,66615,2293,66660,53,68900,12.538155365297156
lisín,log,2,133,18,5.848118264337492,4.848118264337492,2,131,16,68804,133,68820,18,68935,12.536400371853754
fhíona,port,2,189,13,5.810643558918829,4.810643558918829,2,187,11,68753,189,68764,13,68940,12.516267385611371
gearr,teanach,2,48,49,5.87365335644463,4.87365335644463,2,46,47,68858,48,68905,49,68904,12.515202581089078
ráithín,cúl,4,886,28,3.474807890668372,2.474807890668372,4,882,24,68043,886,68067,28,68925,12.5051360242043
aodha,cluain,11,1448,148,1.823458067206137,0.8234580672061369,11,1437,137,67368,1448,67505,148,68805,12.504289998978203
sióg,cnoc,4,2293,12,3.325342560979045,2.325342560979045,4,2289,8,66652,2293,66660,12,68941,12.499146931394254
rí,móinéar,2,22,109,5.845709757866771,4.845709757866771,2,20,107,68824,22,68931,109,68844,12.49433782052288
cluana,currach,3,298,35,4.309836664595023,3.3098366645950232,3,295,32,68623,298,68655,35,68918,12.49357420453348
daibhche,gort,4,923,27,3.4682513614717516,2.4682513614717516,4,919,23,68007,923,68030,27,68926,12.490781371390907
choite,áth,2,381,7,5.6923235917300685,4.6923235917300685,2,379,5,68567,381,68572,7,68946,12.483329119493295
abhann,droichead,3,444,24,4.2789098349308885,3.2789098349308885,3,441,21,68488,444,68509,24,68929,12.476886161648792
bhealaigh,baile,23,8348,89,1.0939393412117748,0.09393934121177483,23,8325,66,60539,8348,60605,89,68864,12.469131472179928
rua,mullach,10,258,694,1.945234688166842,0.9452346881668421,10,248,684,68011,258,68695,694,68259,12.457191033471094
liatháin,uí,6,2137,32,2.5969170093423397,1.5969170093423397,6,2131,26,66790,2137,66816,32,68921,12.452521053830727
ngiúróg,loch,3,1826,7,4.016462229960325,3.016462229960325,3,1823,4,67123,1826,67127,7,68946,12.446239857424331
gcreagán,loch,3,1826,7,4.016462229960325,3.016462229960325,3,1823,4,67123,1826,67127,7,68946,12.446239857424331
chaolaigh,loch,3,1826,7,4.016462229960325,3.016462229960325,3,1823,4,67123,1826,67127,7,68946,12.446239857424331
shruthán,loch,3,1826,7,4.016462229960325,3.016462229960325,3,1823,4,67123,1826,67127,7,68946,12.446239857424331
laighean,cluain,4,1448,18,3.403554812755477,2.403554812755477,4,1444,14,67491,1448,67505,18,68935,12.44003215545411
diarmada,clais,2,93,26,5.833727172031872,4.833727172031872,2,91,24,68836,93,68860,26,68927,12.439142836161407
mbó,áth,3,381,28,4.277286092451225,3.2772860924512246,3,378,25,68547,381,68572,28,68925,12.420768058963958
chú,choill,2,258,10,5.740170350970378,4.740170350970378,2,256,8,68687,258,68695,10,68943,12.419839356028337
radhairc,cnocán,2,332,8,5.69828626993407,4.69828626993407,2,330,6,68615,332,68621,8,68945,12.416406302397554
mhuilinn,áth,7,381,235,2.430516489280277,1.430516489280277,7,374,228,68344,381,68572,235,68718,12.40962753634799
nóg,oileán,2,786,4,5.4549401990223885,4.4549401990223885,2,784,2,68165,786,68167,4,68949,12.40249511311006
gcánóg,oileán,2,786,4,5.4549401990223885,4.4549401990223885,2,784,2,68165,786,68167,4,68949,12.40249511311006
sac,oileán,2,786,4,5.4549401990223885,4.4549401990223885,2,784,2,68165,786,68167,4,68949,12.40249511311006
imill,oileán,2,786,4,5.4549401990223885,4.4549401990223885,2,784,2,68165,786,68167,4,68949,12.40249511311006
caol,trian,2,55,44,5.832534369119037,4.832534369119037,2,53,42,68856,55,68898,44,68909,12.401716998985794
mhaigh,abhainn,3,519,21,4.246380050865509,3.2463800508655094,3,516,18,68416,519,68434,21,68932,12.39847892228592
lomáin,tulach,2,94,26,5.818297131462265,4.818297131462265,2,92,24,68835,94,68859,26,68927,12.396594679949853
thoir,uisce,4,23,1115,3.426935750416315,2.426935750416315,4,19,1111,67819,23,68930,1115,67838,12.37438296901242
iarthach,barr,3,246,43,4.289508941960813,3.289508941960813,3,243,40,68667,246,68707,43,68910,12.373041259415977
iarainn,tom,2,46,53,5.821843290660782,4.821843290660782,2,44,51,68856,46,68907,53,68900,12.371337866031922
brón,coillidh,2,79,31,5.815348642717017,4.815348642717017,2,77,29,68845,79,68874,31,68922,12.371298483144635
íseal,toileán,3,220,48,4.291965987756335,3.2919659877563348,3,217,45,68688,220,68733,48,68905,12.366071785146419
liag,átha,4,437,56,3.4944813097227923,2.4944813097227923,4,433,52,68464,437,68516,56,68897,12.362211100966821
mhaoile,rinn,2,236,11,5.731251033281857,4.731251033281857,2,234,9,68708,236,68717,11,68942,12.356463435482056
lárach,rinn,2,236,11,5.731251033281857,4.731251033281857,2,234,9,68708,236,68717,11,68942,12.356463435482056
gcolm,poll,2,394,7,5.6439189597670145,4.6439189597670145,2,392,5,68554,394,68559,7,68946,12.350671448904913
mhullach,gleann,3,755,15,4.191064772181191,3.191064772181191,3,752,12,68186,755,68198,15,68938,12.349724774851158
mór,ros,28,371,2525,1.043337574191276,0.04333757419127604,28,343,2497,66085,371,68582,2525,66428,12.345180640501322
duine,oileán,4,786,32,3.454940199022388,2.454940199022388,4,782,28,68139,786,68167,32,68921,12.339553111333615
mór,tor,10,74,2525,1.8837327580128878,0.8837327580128878,10,64,2515,66364,74,68879,2525,66428,12.327902526136073
graí,doire,5,876,50,2.976610546792459,1.9766105467924588,5,871,45,68032,876,68077,50,68903,12.322638479460586
ghallaigh,currach,2,298,9,5.6842321793765205,4.6842321793765205,2,296,7,68648,298,68655,9,68944,12.31526406558388
leachta,crois,2,126,20,5.774117682893716,4.774117682893716,2,124,18,68809,126,68827,20,68933,12.312940720030706
mhóinteáin,páirc,2,599,5,5.524985413604847,4.524985413604847,2,597,3,68351,599,68354,5,68948,12.312363017343024
rós,páirc,2,599,5,5.524985413604847,4.524985413604847,2,597,3,68351,599,68354,5,68948,12.312363017343024
loistreáin,cathair,2,341,8,5.6596977722568225,4.6596977722568225,2,339,6,68606,341,68612,8,68945,12.310671049856765
tua,cnoc,3,2293,6,3.910305061700201,2.910305061700201,3,2290,3,66657,2293,66660,6,68947,12.310078337290538
mhaoldomhnaigh,cnoc,3,2293,6,3.910305061700201,2.910305061700201,3,2290,3,66657,2293,66660,6,68947,12.310078337290538
craoibhe,mín,3,180,59,4.283792056310635,3.2837920563106353,3,177,56,68717,180,68773,59,68894,12.309135028189019
rua,sliabh,11,309,694,1.8225024394356564,0.8225024394356564,11,298,683,67961,309,68644,694,68259,12.308483325514738
máirtín,drom,2,342,8,5.655473186395096,4.655473186395096,2,340,6,68605,342,68611,8,68945,12.299098482835376
cara,drom,2,342,8,5.655473186395096,4.655473186395096,2,340,6,68605,342,68611,8,68945,12.299098482835376
bearnach,caisleán,2,480,6,5.58147260495132,4.58147260495132,2,478,4,68469,480,68473,6,68947,12.295348476879745
ghrásaigh,caisleán,2,480,6,5.58147260495132,4.58147260495132,2,478,4,68469,480,68473,6,68947,12.295348476879745
uidhilín,caisleán,2,480,6,5.58147260495132,4.58147260495132,2,478,4,68469,480,68473,6,68947,12.295348476879745
chluana,corr,3,503,22,4.224441993559327,3.224441993559327,3,500,19,68431,503,68450,22,68931,12.292430368007315
tsiáin,caisleán,3,480,23,4.22783565033662,3.22783565033662,3,477,20,68453,480,68473,23,68930,12.288979441313085
fhiontain,coill,3,896,13,4.150493561803455,3.1504935618034553,3,893,10,68047,896,68057,13,68940,12.28479684898843
thamhnach,ráth,3,1086,11,4.114048195560493,3.1140481955604926,3,1083,8,67859,1086,67867,11,68942,12.276072115197277
bheathach,ráth,3,1086,11,4.114048195560493,3.1140481955604926,3,1083,8,67859,1086,67867,11,68942,12.276072115197277
easa,baile,18,8348,63,1.2387558940635557,0.23875589406355568,18,8330,45,60560,8348,60605,63,68890,12.257521150620057
ard,uachtar,3,32,341,4.2446602729779785,3.2446602729779785,3,29,338,68583,32,68921,341,68612,12.25494300773223
easa,glaise,2,40,63,5.774117682893716,4.774117682893716,2,38,61,68852,40,68913,63,68890,12.242364456191353
mhoilt,carraig,2,819,4,5.395606059639986,4.395606059639986,2,817,2,68132,819,68134,4,68949,12.23971747043282
céibhe,carraig,2,819,4,5.395606059639986,4.395606059639986,2,817,2,68132,819,68134,4,68949,12.23971747043282
banríona,carraig,2,819,4,5.395606059639986,4.395606059639986,2,817,2,68132,819,68134,4,68949,12.23971747043282
tseoighigh,carraig,2,819,4,5.395606059639986,4.395606059639986,2,817,2,68132,819,68134,4,68949,12.23971747043282
ruáin,poll,4,394,63,3.473993958324702,2.473993958324702,4,390,59,68500,394,68559,63,68890,12.233580852426226
hinse,port,3,189,57,4.263155763616337,3.2631557636163366,3,186,54,68710,189,68764,57,68896,12.230298660196643
mór,bheitheach,5,19,2525,2.845258610198252,1.8452586101982522,5,14,2520,66414,19,68934,2525,66428,12.223346864487612
buaile,tom,2,46,55,5.768404031699323,4.768404031699323,2,44,53,68854,46,68907,55,68898,12.22291390541978
sionnach,coillte,2,65,39,5.765555669390292,4.765555669390292,2,63,37,68851,65,68888,39,68914,12.21966216030193
leachta,srath,2,129,20,5.740170350970378,4.740170350970378,2,127,18,68806,129,68824,20,68933,12.219642027993089
bharraigh,baile,16,8348,53,1.3181903615579604,0.31819036155796043,16,8332,37,60568,8348,60605,53,68900,12.20678349289662
niocóil,garrán,2,223,12,5.687463300639534,4.687463300639534,2,221,10,68720,223,68730,12,68941,12.204709653176316
droim,maí,2,18,145,5.723491609823748,4.723491609823748,2,16,143,68792,18,68935,145,68808,12.193929661211664
heorna,meall,2,69,37,5.755347878873876,4.755347878873876,2,67,35,68849,69,68884,37,68916,12.193874084970593
déan,barr,2,246,11,5.6713795773044575,4.6713795773044575,2,244,9,68698,246,68707,11,68942,12.19239148585141
lios,bá,2,80,32,5.751397606393633,4.751397606393633,2,78,30,68843,80,68873,32,68921,12.192240310005904
sneachta,sliabh,2,309,9,5.631937671934308,4.631937671934308,2,307,7,68637,309,68644,9,68944,12.172036352341634
thiar,uisce,4,23,1146,3.387372416467077,2.387372416467077,4,19,1142,67788,23,68930,1146,67807,12.171979474426486
huamha,droim,4,1146,23,3.387372416467077,2.387372416467077,4,1142,19,67788,1146,67807,23,68930,12.171979474426486
caoch,tobar,3,514,22,4.1932320341709755,3.1932320341709755,3,511,19,68420,514,68439,22,68931,12.168355352164397
maol,cluain,7,1448,65,2.358466923226939,1.3584669232269388,7,1441,58,67447,1448,67505,65,68888,12.153540362070045
cua,inis,2,355,8,5.60165048688895,4.60165048688895,2,353,6,68592,355,68598,8,68945,12.151714328841276
cara,inis,2,355,8,5.60165048688895,4.60165048688895,2,353,6,68592,355,68598,8,68945,12.151714328841276
aoire,bealach,2,166,16,5.69828626993407,4.69828626993407,2,164,14,68773,166,68787,16,68937,12.15094511350705
leathan,cladach,2,26,100,5.729029793365179,4.729029793365179,2,24,98,68829,26,68927,100,68853,12.150687562639867
abhalloirt,baile,4,8348,5,2.7241827212337975,1.7241827212337975,4,8344,1,60604,8348,60605,5,68948,12.146867044616616
sheinicín,baile,4,8348,5,2.7241827212337975,1.7241827212337975,4,8344,1,60604,8348,60605,5,68948,12.146867044616616
bhurraigh,baile,4,8348,5,2.7241827212337975,1.7241827212337975,4,8344,1,60604,8348,60605,5,68948,12.146867044616616
ngael,baile,4,8348,5,2.7241827212337975,1.7241827212337975,4,8344,1,60604,8348,60605,5,68948,12.146867044616616
briotáis,baile,4,8348,5,2.7241827212337975,1.7241827212337975,4,8344,1,60604,8348,60605,5,68948,12.146867044616616
bhrianaigh,baile,4,8348,5,2.7241827212337975,1.7241827212337975,4,8344,1,60604,8348,60605,5,68948,12.146867044616616
chuag,baile,4,8348,5,2.7241827212337975,1.7241827212337975,4,8344,1,60604,8348,60605,5,68948,12.146867044616616
gcuilinn,baile,4,8348,5,2.7241827212337975,1.7241827212337975,4,8344,1,60604,8348,60605,5,68948,12.146867044616616
fada,choillidh,2,11,249,5.653892150575617,4.653892150575617,2,9,247,68695,11,68942,249,68704,12.144495091048537
choill,portach,2,32,81,5.7334756983963695,4.7334756983963695,2,30,79,68842,32,68921,81,68872,12.142793891897679
thoir,luain,3,11,1115,4.076028588557187,3.076028588557187,3,8,1112,67830,11,68942,1115,67838,12.124575844175045
aonaigh,sliabh,3,309,36,4.216900172655464,3.216900172655464,3,306,33,68611,309,68644,36,68917,12.117564543935927
naomh,tamhnaigh,2,97,27,5.718525356930399,4.718525356930399,2,95,25,68831,97,68856,27,68926,12.11748184464627
gcaorach,cnoicín,2,25,105,5.715223993840147,4.715223993840147,2,23,103,68825,25,68928,105,68848,12.117471331219665
scríne,gort,3,923,13,4.107661646215284,3.107661646215284,3,920,10,68020,923,68030,13,68940,12.114306124662077
marbh,abhainn,3,519,22,4.179265855006973,3.179265855006973,3,516,19,68415,519,68434,22,68931,12.112878984403915
glas,lána,2,9,314,5.6087799509470555,4.6087799509470555,2,7,312,68632,9,68944,314,68639,12.108642342596475
mín,mullach,3,258,43,4.220796191876799,3.220796191876799,3,255,40,68655,258,68695,43,68910,12.099535351177433
bhfeadóg,log,2,133,20,5.696115170892443,4.696115170892443,2,131,18,68802,133,68820,20,68933,12.098645592384088
fuil,log,2,133,20,5.696115170892443,4.696115170892443,2,131,18,68802,133,68820,20,68933,12.098645592384088
samhradh,log,2,133,20,5.696115170892443,4.696115170892443,2,131,18,68802,133,68820,20,68933,12.098645592384088
chomair,maigh,3,363,31,4.200266153619525,3.200266153619525,3,360,28,68562,363,68590,31,68922,12.086527866608339
mhaoile,cill,4,2693,11,3.2188955681420257,2.2188955681420257,4,2689,7,66253,2693,66260,11,68942,12.084226293562114
mhanach,cill,4,2693,11,3.2188955681420257,2.2188955681420257,4,2689,7,66253,2693,66260,11,68942,12.084226293562114
fhearghasa,cill,4,2693,11,3.2188955681420257,2.2188955681420257,4,2689,7,66253,2693,66260,11,68942,12.084226293562114
liagáin,cnoc,5,2293,21,2.8399157338088035,1.8399157338088035,5,2288,16,66644,2293,66660,21,68932,12.073513292151667
garbháin,tí,2,134,20,5.68530841593586,4.68530841593586,2,132,18,68801,134,68819,20,68933,12.06897937259804
íochtarach,bhealaigh,3,13,931,4.095211126302265,3.0952111263022646,3,10,928,68012,13,68940,931,68022,12.06479411370244
bile,maigh,2,363,8,5.569499963285244,4.569499963285244,2,361,6,68584,363,68590,8,68945,12.063724502070482
chríodáin,maigh,2,363,8,5.569499963285244,4.569499963285244,2,361,6,68584,363,68590,8,68945,12.063724502070482
alúine,maigh,2,363,8,5.569499963285244,4.569499963285244,2,361,6,68584,363,68590,8,68945,12.063724502070482
oirthir,maigh,2,363,8,5.569499963285244,4.569499963285244,2,361,6,68584,363,68590,8,68945,12.063724502070482
airne,buaile,2,170,16,5.663934765143293,4.663934765143293,2,168,14,68769,170,68783,16,68937,12.05675943162756
buí,haille,2,8,364,5.565531061082298,4.565531061082298,2,6,362,68583,8,68945,364,68589,12.052864945850345
buí,tulacha,2,8,364,5.565531061082298,4.565531061082298,2,6,362,68583,8,68945,364,68589,12.052864945850345
thuaidh,mhuire,4,30,876,3.3916480460713028,2.3916480460713028,4,26,872,68051,30,68923,876,68077,12.046072184747171
bhéal,carraig,5,819,55,2.936174441002689,1.9361744410026889,5,814,50,68084,819,68134,55,68898,12.039274833958329
thoir,muc,4,24,1115,3.3655352057521712,2.3655352057521712,4,20,1111,67818,24,68929,1115,67838,12.033641226977862
loig,ceapach,2,112,24,5.681008278502235,4.681008278502235,2,110,22,68819,112,68841,24,68929,12.028731721151079
chú,tigh,2,285,10,5.596579497341529,4.596579497341529,2,283,8,68660,285,68668,10,68943,12.026535184827017
súil,tobar,2,514,6,5.482738651365961,4.482738651365961,2,512,4,68435,514,68439,6,68947,12.025020584780682
chaisleán,diméin,2,123,22,5.6713795773044575,4.6713795773044575,2,121,20,68810,123,68830,22,68931,12.014902526348198
caoch,cuan,2,123,22,5.6713795773044575,4.6713795773044575,2,121,20,68810,123,68830,22,68931,12.014902526348198
caoin,coillidh,3,79,141,4.214956101426254,3.214956101426254,3,76,138,68736,79,68874,141,68812,12.01375402988875
dúna,cuas,2,152,18,5.655473186395096,4.655473186395096,2,150,16,68785,152,68801,18,68935,12.007316580041227
bán,poitéal,2,9,323,5.568010345144757,4.568010345144757,2,7,321,68623,9,68944,323,68630,11.997084452564621
léime,inse,2,185,15,5.635053645156164,4.635053645156164,2,183,13,68755,185,68768,15,68938,11.993809984961445
lao,ros,4,371,69,3.4295258678820226,2.4295258678820226,4,367,65,68517,371,68582,69,68884,11.991016426223712
shrath,abhainn,2,519,6,5.468772472201958,4.468772472201958,2,517,4,68430,519,68434,6,68947,11.986807448272575
daraí,abhainn,2,519,6,5.468772472201958,4.468772472201958,2,517,4,68430,519,68434,6,68947,11.986807448272575
seanbhó,cluain,3,1448,9,3.9885173134766334,2.9885173134766334,3,1445,6,67499,1448,67505,9,68944,11.982455523718814
slí,cluain,3,1448,9,3.9885173134766334,2.9885173134766334,3,1445,6,67499,1448,67505,9,68944,11.982455523718814
páirce,halla,2,69,39,5.679399025640578,4.679399025640578,2,67,37,68847,69,68884,39,68914,11.981443194150593
dromann,machaire,2,137,20,5.653365523433106,4.653365523433106,2,135,18,68798,137,68816,20,68933,11.981324271662338
thuaidh,mánmhaí,2,4,876,5.298538641679822,4.298538641679822,2,2,874,68075,4,68949,876,68077,11.973618942430289
challainn,doire,2,876,4,5.298538641679822,4.298538641679822,2,874,2,68075,876,68077,4,68949,11.973618942430289
thuaidh,giobúin,2,4,876,5.298538641679822,4.298538641679822,2,2,874,68075,4,68949,876,68077,11.973618942430289
gaid,doire,2,876,4,5.298538641679822,4.298538641679822,2,874,2,68075,876,68077,4,68949,11.973618942430289
saille,doire,2,876,4,5.298538641679822,4.298538641679822,2,874,2,68075,876,68077,4,68949,11.973618942430289
chneamha,doire,2,876,4,5.298538641679822,4.298538641679822,2,874,2,68075,876,68077,4,68949,11.973618942430289
chunlaigh,doire,2,876,4,5.298538641679822,4.298538641679822,2,874,2,68075,876,68077,4,68949,11.973618942430289
ianna,doire,2,876,4,5.298538641679822,4.298538641679822,2,874,2,68075,876,68077,4,68949,11.973618942430289
thuaidh,charnáin,2,4,876,5.298538641679822,4.298538641679822,2,2,874,68075,4,68949,876,68077,11.973618942430289
shuibhne,doire,2,876,4,5.298538641679822,4.298538641679822,2,874,2,68075,876,68077,4,68949,11.973618942430289
churraoin,sruthán,2,186,15,5.627276294564445,4.627276294564445,2,184,13,68754,186,68767,15,68938,11.972507624103756
rátha,ard,6,527,128,2.616629050364936,1.6166290503649359,6,521,122,68304,527,68426,128,68825,11.970749254606039
gall,muine,2,145,19,5.645489097822474,4.645489097822474,2,143,17,68791,145,68808,19,68934,11.969199498553502
cairn,droim,3,1146,11,4.036465254607949,3.0364652546079487,3,1143,8,67799,1146,67807,11,68942,11.967131469778973
thiar,gharráin,3,11,1146,4.036465254607949,3.0364652546079487,3,8,1143,67799,11,68942,1146,67807,11.967131469778973
thiar,luain,3,11,1146,4.036465254607949,3.0364652546079487,3,8,1143,67799,11,68942,1146,67807,11.967131469778973
longaigh,baile,7,8348,14,2.0461108161211596,1.0461108161211596,7,8341,7,60598,8348,60605,14,68939,11.9620278383679
bharúnaigh,baile,7,8348,14,2.0461108161211596,1.0461108161211596,7,8341,7,60598,8348,60605,14,68939,11.9620278383679
uachtarach,bhealaigh,3,13,948,4.0691052349628,3.0691052349628,3,10,945,67995,13,68940,948,68005,11.961048415185092
theas,mhuire,4,30,888,3.37201923932237,2.37201923932237,4,26,884,68039,30,68923,888,68065,11.94614804768759
fionnáin,átha,2,437,7,5.494481309722792,4.494481309722792,2,435,5,68511,437,68516,7,68946,11.941614280259783
chormaic,gráig,2,68,40,5.663934765143293,4.663934765143293,2,66,38,68847,68,68885,40,68913,11.937624358187172
thoirc,doire,3,876,14,4.076146220343373,3.0761462203433734,3,873,11,68066,876,68077,14,68939,11.937156121711435
chuais,doire,3,876,14,4.076146220343373,3.0761462203433734,3,873,11,68066,876,68077,14,68939,11.937156121711435
ghabhla,doire,3,876,14,4.076146220343373,3.0761462203433734,3,873,11,68066,876,68077,14,68939,11.937156121711435
thuaidh,sceachánach,3,14,876,4.076146220343373,3.0761462203433734,3,11,873,68066,14,68939,876,68077,11.937156121711435
neanta,doire,3,876,14,4.076146220343373,3.0761462203433734,3,873,11,68066,876,68077,14,68939,11.937156121711435
méine,cúl,2,886,4,5.282162812725977,4.282162812725977,2,884,2,68065,886,68067,4,68949,11.928751510017126
bheannchair,cúl,2,886,4,5.282162812725977,4.282162812725977,2,884,2,68065,886,68067,4,68949,11.928751510017126
chaorthainn,gort,4,923,29,3.3651578685076484,2.3651578685076484,4,919,25,68005,923,68030,29,68924,11.927563388387874
mullán,ard,2,527,6,5.446704048922625,4.446704048922625,2,525,4,68422,527,68426,6,68947,11.926438780983561
gcliabh,ard,2,527,6,5.446704048922625,4.446704048922625,2,525,4,68422,527,68426,6,68947,11.926438780983561
chléibh,ard,2,527,6,5.446704048922625,4.446704048922625,2,525,4,68422,527,68426,6,68947,11.926438780983561
theas,mánmhaí,2,4,888,5.2789098349308885,4.2789098349308885,2,2,886,68063,4,68949,888,68065,11.919839691700226
theas,giobúin,2,4,888,5.2789098349308885,4.2789098349308885,2,2,886,68063,4,68949,888,68065,11.919839691700226
theas,charnáin,2,4,888,5.2789098349308885,4.2789098349308885,2,2,886,68063,4,68949,888,68065,11.919839691700226
saileach,cluain,8,1448,86,2.1472150594956916,1.1472150594956916,8,1440,78,67427,1448,67505,86,68867,11.919768844552728
chuilinn,seanadh,2,26,106,5.644965528576703,4.644965528576703,2,24,104,68823,26,68927,106,68847,11.919501746257005
lúcáis,cloch,2,220,13,5.591526269615243,4.591526269615243,2,218,11,68722,220,68733,13,68940,11.915664365871603
íochtair,daingean,2,37,74,5.654418970023095,4.654418970023095,2,35,72,68844,37,68916,74,68879,11.915130546621079
riabhach,toileán,6,220,307,2.614833643107312,1.6148336431073118,6,214,301,68432,220,68733,307,68646,11.907749407374654
beag,chraobhach,4,18,1558,3.297921181777013,2.297921181777013,4,14,1554,67381,18,68935,1558,67395,11.899161595596352
néill,both,2,67,41,5.649684506205139,4.649684506205139,2,65,39,68847,67,68886,41,68912,11.89727127691795
tsalainn,log,2,133,21,5.625725843001045,4.625725843001045,2,131,19,68801,133,68820,21,68932,11.89709651001466
liath,chraig,2,10,295,5.546826462144429,4.546826462144429,2,8,293,68650,10,68943,295,68658,11.890442872656678
chlochair,ceathrú,3,452,26,4.137669521445871,3.137669521445871,3,449,23,68478,452,68501,26,68927,11.888782423339489
machan,cnocán,2,332,9,5.528361268491758,4.528361268491758,2,330,7,68614,332,68621,9,68944,11.88865293415503
corrach,cnocán,2,332,9,5.528361268491758,4.528361268491758,2,330,7,68614,332,68621,9,68944,11.88865293415503
mbó,leac,2,99,28,5.6366141591437815,4.6366141591437815,2,97,26,68828,99,68854,28,68925,11.888237908019454
coillín,dún,2,667,5,5.369854655209047,4.369854655209047,2,665,3,68283,667,68286,5,68948,11.887539018310507
namhad,dún,2,667,5,5.369854655209047,4.369854655209047,2,665,3,68283,667,68286,5,68948,11.887539018310507
cleithe,coill,2,896,4,5.26597077922339,4.26597077922339,2,894,2,68055,896,68057,4,68949,11.884394906115764
arc,coill,2,896,4,5.26597077922339,4.26597077922339,2,894,2,68055,896,68057,4,68949,11.884394906115764
gcnoc,coill,2,896,4,5.26597077922339,4.26597077922339,2,894,2,68055,896,68057,4,68949,11.884394906115764
bhrain,carraig,3,819,15,4.073677964752624,3.0736779647526236,3,816,12,68122,819,68134,15,68938,11.88312808337642
dhúin,carraig,3,819,15,4.073677964752624,3.0736779647526236,3,816,12,68122,819,68134,15,68938,11.88312808337642
iarainn,moing,2,52,53,5.644965528576703,4.644965528576703,2,50,51,68850,52,68901,53,68900,11.879497579881068
thír,droichead,2,444,7,5.471554912873285,4.471554912873285,2,442,5,68504,444,68509,7,68946,11.87892581217579
eidhneach,drom,3,342,34,4.152972845865913,3.1529728458659134,3,339,31,68580,342,68611,34,68919,11.876495516760677
bhfuinseog,áth,2,381,8,5.499678513787672,4.499678513787672,2,379,6,68566,381,68572,8,68945,11.872765566109901
gclog,áth,2,381,8,5.499678513787672,4.499678513787672,2,379,6,68566,381,68572,8,68945,11.872765566109901
baile,hinse,2,7,445,5.468309253369631,4.468309253369631,2,5,443,68503,7,68946,445,68508,11.870052599957859
eidhneach,oileán,4,786,34,3.367477357772049,2.367477357772049,4,782,30,68137,786,68167,34,68919,11.868170951303604
theas,sceachánach,3,14,888,4.056517413594441,3.056517413594441,3,11,885,68054,14,68939,888,68065,11.859261673209621
catha,leitir,2,117,24,5.617998480976434,4.617998480976434,2,115,22,68814,117,68836,24,68929,11.855683594615584
cloiche,muileann,3,93,123,4.176614885554879,3.176614885554879,3,90,120,68740,93,68860,123,68830,11.855275737047393
tsléibhe,táite,2,31,90,5.627276294564445,4.627276294564445,2,29,88,68834,31,68922,90,68863,11.852828879431451
thiar,muc,4,24,1146,3.325971871802934,2.325971871802934,4,20,1142,67787,24,68929,1146,67807,11.832152146238318
aoire,mín,2,180,16,5.58147260495132,4.58147260495132,2,178,14,68759,180,68773,16,68937,11.830880016370577
chormaic,dún,4,667,40,3.369854655209047,2.369854655209047,4,663,36,68250,667,68286,40,68913,11.820159516509943
fhearainn,barr,2,246,12,5.545848695220599,4.545848695220599,2,244,10,68697,246,68707,12,68941,11.817078381220089
bhán,aill,3,46,253,4.151732671250827,3.1517326712508273,3,43,250,68657,46,68907,253,68700,11.814689123722271
ghearráin,poll,3,394,30,4.129345786937256,3.1293457869372556,3,391,27,68532,394,68559,30,68923,11.813922573556795
madaí,ceathrú,2,452,7,5.445791816808203,4.445791816808203,2,450,5,68496,452,68501,7,68946,11.808503255505597
mhuineach,ceathrú,2,452,7,5.445791816808203,4.445791816808203,2,450,5,68496,452,68501,7,68946,11.808503255505597
ngarrán,ceathrú,2,452,7,5.445791816808203,4.445791816808203,2,450,5,68496,452,68501,7,68946,11.808503255505597
rúscaí,coill,3,896,14,4.043578357886942,3.0435783578869424,3,893,11,68046,896,68057,14,68939,11.807945082200039
chluain,abhainn,4,519,51,3.3813096309516184,2.3813096309516184,4,515,47,68387,519,68434,51,68902,11.807892602178622
bhéal,trá,3,211,55,4.155829299770306,3.155829299770306,3,208,52,68690,211,68742,55,68898,11.807358229259274
fheadáin,buaile,2,170,17,5.576471923892953,4.576471923892953,2,168,15,68768,170,68783,17,68936,11.803125648757543
tseiscinn,buaile,2,170,17,5.576471923892953,4.576471923892953,2,168,15,68768,170,68783,17,68936,11.803125648757543
dhonnaíle,cathair,2,341,9,5.489772770814509,4.489772770814509,2,339,7,68605,341,68612,9,68944,11.783180034057349
droichid,ros,4,371,71,3.3883032051555095,2.3883032051555095,4,367,67,68515,371,68582,71,68882,11.777005906904694
fhinn,leaba,2,59,48,5.605720151197998,4.605720151197998,2,57,46,68848,59,68894,48,68905,11.771500725781026
tréin,mac,3,980,13,4.021210544858488,3.021210544858488,3,977,10,67963,980,67973,13,68940,11.770963336426298
ceallaigh,mac,3,980,13,4.021210544858488,3.021210544858488,3,977,10,67963,980,67973,13,68940,11.770963336426298
lochlainn,mac,3,980,13,4.021210544858488,3.021210544858488,3,977,10,67963,980,67973,13,68940,11.770963336426298
sin,reilig,2,45,63,5.604192681451404,4.604192681451404,2,43,61,68847,45,68908,63,68890,11.768614498437216
léith,coillidh,2,79,36,5.599619951661579,4.599619951661579,2,77,34,68840,79,68874,36,68917,11.765677827744575
cuilinn,ghleann,2,92,31,5.595567434837107,4.595567434837107,2,90,29,68832,92,68861,31,68922,11.765617556419139
dónaill,ghleann,2,92,31,5.595567434837107,4.595567434837107,2,90,29,68832,92,68861,31,68922,11.765617556419139
seanáin,teampall,2,305,10,5.498732173943384,4.498732173943384,2,303,8,68640,305,68648,10,68943,11.758981334040843
dhónaill,baile,16,8348,54,1.2912233139576912,0.2912233139576912,16,8332,38,60567,8348,60605,54,68899,11.753852855043771
mór,ghaill,3,6,2525,3.7712580287544752,2.7712580287544752,3,3,2522,66425,6,68947,2525,66428,11.75235603389909
mór,loiste,3,6,2525,3.7712580287544752,2.7712580287544752,3,3,2522,66425,6,68947,2525,66428,11.75235603389909
íochtarach,domhnaigh,2,4,931,5.210688343722201,4.210688343722201,2,2,929,68020,4,68949,931,68022,11.733009031740883
íochtarach,talbóidigh,2,4,931,5.210688343722201,4.210688343722201,2,2,929,68020,4,68949,931,68022,11.733009031740883
íochtarach,bhroin,2,4,931,5.210688343722201,4.210688343722201,2,2,929,68020,4,68949,931,68022,11.733009031740883
íochtarach,mhurúin,2,4,931,5.210688343722201,4.210688343722201,2,2,929,68020,4,68949,931,68022,11.733009031740883
íochtarach,eachach,2,4,931,5.210688343722201,4.210688343722201,2,2,929,68020,4,68949,931,68022,11.733009031740883
íochtarach,haicéid,2,4,931,5.210688343722201,4.210688343722201,2,2,929,68020,4,68949,931,68022,11.733009031740883
íochtarach,giolcaí,2,4,931,5.210688343722201,4.210688343722201,2,2,929,68020,4,68949,931,68022,11.733009031740883
íochtarach,cruabhaile,2,4,931,5.210688343722201,4.210688343722201,2,2,929,68020,4,68949,931,68022,11.733009031740883
íochtarach,ghambúnaigh,2,4,931,5.210688343722201,4.210688343722201,2,2,929,68020,4,68949,931,68022,11.733009031740883
íochtarach,luáin,2,4,931,5.210688343722201,4.210688343722201,2,2,929,68020,4,68949,931,68022,11.733009031740883
rua,mhada,2,5,694,5.3126057538153715,4.3126057538153715,2,3,692,68256,5,68948,694,68259,11.730950485159621
rua,barraí,2,5,694,5.3126057538153715,4.3126057538153715,2,3,692,68256,5,68948,694,68259,11.730950485159621
rua,gorta,2,5,694,5.3126057538153715,4.3126057538153715,2,3,692,68256,5,68948,694,68259,11.730950485159621
rua,fásach,2,5,694,5.3126057538153715,4.3126057538153715,2,3,692,68256,5,68948,694,68259,11.730950485159621
óir,cnoc,6,2293,32,2.4952675624213576,1.4952675624213576,6,2287,26,66634,2293,66660,32,68921,11.72745023740457
leathan,mhóin,3,117,100,4.144067292644022,3.1440672926440216,3,114,97,68739,117,68836,100,68853,11.724309514577508
madadh,gleann,4,755,36,3.343067865626241,2.343067865626241,4,751,32,68166,755,68198,36,68917,11.721870535692375
fliuch,garraí,2,308,10,5.484611065698731,4.484611065698731,2,306,8,68637,308,68645,10,68943,11.720400284261473
garbh,toileán,4,220,120,3.3850753921478165,2.3850753921478165,4,216,116,68617,220,68733,120,68833,11.707176656939279
páirc,loch,4,1826,16,3.2388546512967724,2.2388546512967724,4,1822,12,67115,1826,67127,16,68937,11.706985473911601
craobh,loch,4,1826,16,3.2388546512967724,2.2388546512967724,4,1822,12,67115,1826,67127,16,68937,11.706985473911601
tuairín,loch,4,1826,16,3.2388546512967724,2.2388546512967724,4,1822,12,67115,1826,67127,16,68937,11.706985473911601
bhán,fhorrach,2,12,253,5.505369625865528,4.505369625865528,2,10,251,68690,12,68941,253,68700,11.70643215508143
mór,chreig,5,20,2525,2.7712580287544752,1.7712580287544752,5,15,2520,66413,20,68933,2525,66428,11.705121779866806
gaoth,tuar,3,89,132,4.1381606516773,3.1381606516772997,3,86,129,68735,89,68864,132,68821,11.703280505057332
craobh,sruthán,2,186,16,5.534166890172964,4.534166890172964,2,184,14,68753,186,68767,16,68937,11.70144178607282
baile,loch,25,1826,445,1.0850493152177372,0.08504931521773718,25,1801,420,66707,1826,67127,445,68508,11.680188930672834
drún,cluain,2,1448,3,4.988517313476634,3.988517313476634,2,1446,1,67504,1448,67505,3,68950,11.678977146308604
fhathaigh,cluain,2,1448,3,4.988517313476634,3.988517313476634,2,1446,1,67504,1448,67505,3,68950,11.678977146308604
ruach,cluain,2,1448,3,4.988517313476634,3.988517313476634,2,1446,1,67504,1448,67505,3,68950,11.678977146308604
leisc,cluain,2,1448,3,4.988517313476634,3.988517313476634,2,1446,1,67504,1448,67505,3,68950,11.678977146308604
dabhaodóg,cluain,2,1448,3,4.988517313476634,3.988517313476634,2,1446,1,67504,1448,67505,3,68950,11.678977146308604
uachtarach,giolcaí,2,4,948,5.1845824523827355,4.1845824523827355,2,2,946,68003,4,68949,948,68005,11.66155079238895
uachtarach,luáin,2,4,948,5.1845824523827355,4.1845824523827355,2,2,946,68003,4,68949,948,68005,11.66155079238895
uachtarach,ghambúnaigh,2,4,948,5.1845824523827355,4.1845824523827355,2,2,946,68003,4,68949,948,68005,11.66155079238895
uachtarach,talbóidigh,2,4,948,5.1845824523827355,4.1845824523827355,2,2,946,68003,4,68949,948,68005,11.66155079238895
uachtarach,bhroin,2,4,948,5.1845824523827355,4.1845824523827355,2,2,946,68003,4,68949,948,68005,11.66155079238895
uachtarach,mhurúin,2,4,948,5.1845824523827355,4.1845824523827355,2,2,946,68003,4,68949,948,68005,11.66155079238895
uachtarach,cruabhaile,2,4,948,5.1845824523827355,4.1845824523827355,2,2,946,68003,4,68949,948,68005,11.66155079238895
uachtarach,domhnaigh,2,4,948,5.1845824523827355,4.1845824523827355,2,2,946,68003,4,68949,948,68005,11.66155079238895
uachtarach,haicéid,2,4,948,5.1845824523827355,4.1845824523827355,2,2,946,68003,4,68949,948,68005,11.66155079238895
uachtarach,eachach,2,4,948,5.1845824523827355,4.1845824523827355,2,2,946,68003,4,68949,948,68005,11.66155079238895
inbhir,cuan,2,123,24,5.545848695220599,4.545848695220599,2,121,22,68808,123,68830,24,68929,11.657791409249887
mart,rinn,2,236,13,5.490242933778061,4.490242933778061,2,234,11,68706,236,68717,13,68940,11.638729672641484
daimh,ghleann,2,92,32,5.549763745223982,4.549763745223982,2,90,30,68831,92,68861,32,68921,11.637024589423957
ghainimh,chnoc,2,49,60,5.551725261557268,4.551725261557268,2,47,58,68846,49,68904,60,68893,11.621910285240535
brón,poll,3,394,31,4.082040072158899,3.0820400721588994,3,391,28,68531,394,68559,31,68922,11.618198983521138
mhanach,tigh,2,285,11,5.4590759735915935,4.4590759735915935,2,283,9,68659,285,68668,11,68942,11.611745404502141
tóchair,charraig,3,251,48,4.101782147330223,3.1017821473302227,3,248,45,68657,251,68702,48,68905,11.610637709095336
mhaigh,mainistir,2,143,21,5.521136941723845,4.521136941723845,2,141,19,68791,143,68810,21,68932,11.610513584975946
tsléibhe,feirm,2,33,90,5.5370784855928665,4.5370784855928665,2,31,88,68832,33,68920,90,68863,11.599695599711936
lorgan,baile,9,8348,22,1.7566041989261747,0.7566041989261747,9,8339,13,60592,8348,60605,22,68931,11.598829701279284
huinseann,achadh,2,477,7,5.368125323217879,4.368125323217879,2,475,5,68471,477,68476,7,68946,11.59635124247076
gceap,achadh,2,477,7,5.368125323217879,4.368125323217879,2,475,5,68471,477,68476,7,68946,11.59635124247076
searrach,tulaigh,2,318,10,5.438514651109277,4.438514651109277,2,316,8,68627,318,68635,10,68943,11.594514878047937
faiche,ráth,4,1086,26,3.288077595335541,2.288077595335541,4,1082,22,67845,1086,67867,26,68927,11.593181475209285
íochtarach,fhaoitigh,3,14,931,3.9882959223857535,2.9882959223857535,3,11,928,68011,14,68939,931,68022,11.588971319883829
íochtarach,manach,3,14,931,3.9882959223857535,2.9882959223857535,3,11,928,68011,14,68939,931,68022,11.588971319883829
íochtarach,saileach,3,14,931,3.9882959223857535,2.9882959223857535,3,11,928,68011,14,68939,931,68022,11.588971319883829
uí,nuachabháil,3,7,2121,3.8004043744139917,2.8004043744139917,3,4,2118,66828,7,68946,2121,66832,11.582230043319935
droim,dún,7,667,145,2.3192285821390795,1.3192285821390795,7,660,138,68148,667,68286,145,68808,11.579917843181502
pheadair,cill,6,2693,28,2.455934765442875,1.455934765442875,6,2687,22,66238,2693,66260,28,68925,11.578975806472133
bhúrcaigh,caisleán,2,480,7,5.359080183614872,4.359080183614872,2,478,5,68468,480,68473,7,68946,11.571658368295745
uaithne,tír,2,152,20,5.503470092950047,4.503470092950047,2,150,18,68783,152,68801,20,68933,11.570666556113972
rón,cuas,2,152,20,5.503470092950047,4.503470092950047,2,150,18,68783,152,68801,20,68933,11.570666556113972
lisín,buaile,2,170,18,5.494009763700981,4.494009763700981,2,168,16,68767,170,68783,18,68935,11.565209211406511
chaorthainn,ráithín,2,104,29,5.51490498801233,4.51490498801233,2,102,27,68822,104,68849,29,68924,11.550389420088486
droim,loch,12,1826,145,1.6439080620029942,0.6439080620029942,12,1814,133,66994,1826,67127,145,68808,11.54568202597452
mhaoláin,doire,4,876,32,3.2985386416798215,2.2985386416798215,4,872,28,68049,876,68077,32,68921,11.544180703147159
muc,tigh,4,285,95,3.348651983897943,2.348651983897943,4,281,91,68577,285,68668,95,68858,11.539622318164799
chomháin,uí,3,2137,7,3.7895620872847355,2.7895620872847355,3,2134,4,66812,2137,66816,7,68946,11.539021975732535
chuileannáin,uí,3,2137,7,3.7895620872847355,2.7895620872847355,3,2134,4,66812,2137,66816,7,68946,11.539021975732535
cholla,uí,3,2137,7,3.7895620872847355,2.7895620872847355,3,2134,4,66812,2137,66816,7,68946,11.539021975732535
dhoinn,mac,2,980,4,5.136687762278424,4.136687762278424,2,978,2,67971,980,67973,4,68949,11.530503232403154
muirinn,mac,2,980,4,5.136687762278424,4.136687762278424,2,978,2,67971,980,67973,4,68949,11.530503232403154
mhalais,mac,2,980,4,5.136687762278424,4.136687762278424,2,978,2,67971,980,67973,4,68949,11.530503232403154
corcráin,mac,2,980,4,5.136687762278424,4.136687762278424,2,978,2,67971,980,67973,4,68949,11.530503232403154
tsaoir,mac,2,980,4,5.136687762278424,4.136687762278424,2,978,2,67971,980,67973,4,68949,11.530503232403154
anraic,mac,2,980,4,5.136687762278424,4.136687762278424,2,978,2,67971,980,67973,4,68949,11.530503232403154
phobail,bun,2,291,11,5.4290187397354135,4.4290187397354135,2,289,9,68653,291,68662,11,68942,11.52969128353583
mac,ascaill,2,4,981,5.135216375061756,4.135216375061756,2,2,979,67970,4,68949,981,67972,11.526478362650657
buí,tiomaire,2,9,364,5.395606059639986,4.395606059639986,2,7,362,68582,9,68944,364,68589,11.526044542640998
buí,poitéal,2,9,364,5.395606059639986,4.395606059639986,2,7,362,68582,9,68944,364,68589,11.526044542640998
gcailleach,móin,3,279,44,4.074735271535666,3.0747352715356664,3,276,41,68633,279,68674,44,68909,11.516945448815697
glas,garraí,7,308,314,2.319273333752071,1.3192733337520708,7,301,307,68338,308,68645,314,68639,11.51563386459778
eich,domhnach,2,82,37,5.506320331033961,4.506320331033961,2,80,35,68836,82,68871,37,68916,11.507280937090169
long,lios,3,1124,12,3.938899381060068,2.938899381060068,3,1121,9,67820,1124,67829,12,68941,11.506099739153193
gcros,ard,3,527,24,4.03166654964378,3.03166654964378,3,524,21,68405,527,68426,24,68929,11.496346946713647
chaomháin,ard,3,527,24,4.03166654964378,3.03166654964378,3,524,21,68405,527,68426,24,68929,11.496346946713647
catha,ard,3,527,24,4.03166654964378,3.03166654964378,3,524,21,68405,527,68426,24,68929,11.496346946713647
eochaille,cuan,2,123,25,5.4869550061670305,4.4869550061670305,2,121,23,68807,123,68830,25,68928,11.490963977172582
uachtarach,fhaoitigh,3,14,948,3.9621900310462874,2.9621900310462874,3,11,945,67994,14,68939,948,68005,11.48572559930778
uachtarach,manach,3,14,948,3.9621900310462874,2.9621900310462874,3,11,945,67994,14,68939,948,68005,11.48572559930778
uachtarach,saileach,3,14,948,3.9621900310462874,2.9621900310462874,3,11,945,67994,14,68939,948,68005,11.48572559930778
doire,teampall,5,305,154,2.8758018230232074,1.8758018230232074,5,300,149,68499,305,68648,154,68799,11.480586798059935
riabhach,tuar,4,89,307,3.3354974249444176,2.3354974249444176,4,85,303,68561,89,68864,307,68646,11.479752075638494
liath,choillidh,2,11,295,5.409322938394493,4.409322938394493,2,9,293,68649,11,68942,295,68658,11.475944406107612
talbóidigh,baile,6,8348,11,2.1716416982050184,1.1716416982050184,6,8342,5,60600,8348,60605,11,68942,11.472082441943249
sheoinín,baile,6,8348,11,2.1716416982050184,1.1716416982050184,6,8342,5,60600,8348,60605,11,68942,11.472082441943249
baile,áit,4,62,445,3.321467865040359,2.321467865040359,4,58,441,68450,62,68891,445,68508,11.462397314515783
rónáin,uí,6,2137,35,2.467633992397374,1.4676339923973738,6,2131,29,66787,2137,66816,35,68918,11.455842171754194
bhile,achadh,4,477,58,3.3174992501479106,2.3174992501479106,4,473,54,68422,477,68476,58,68895,11.455699729122035
oileáin,moing,2,52,59,5.490242933778061,4.490242933778061,2,50,57,68844,52,68901,59,68894,11.451363844407863
clochair,ros,2,371,9,5.368125323217879,4.368125323217879,2,369,7,68575,371,68582,9,68944,11.451072613906948
droichid,fearann,4,388,71,3.323665739589185,2.323665739589185,4,384,67,68498,388,68565,71,68882,11.449912798614651
bhán,tamhnach,3,49,253,4.060584783192633,3.060584783192633,3,46,250,68654,49,68904,253,68700,11.444915443998969
uachtarach,glas,5,51,948,2.8340852052986025,1.8340852052986025,5,46,943,67959,51,68902,948,68005,11.444878552834977
dearg,bó,2,34,91,5.478068219831959,4.478068219831959,2,32,89,68830,34,68919,91,68862,11.435359961199477
chloch,cora,2,100,31,5.4752732011193945,4.4752732011193945,2,98,29,68824,100,68853,31,68922,11.43530371844185
abhla,bealach,2,166,19,5.450358756490485,4.450358756490485,2,164,17,68770,166,68787,19,68934,11.435042704805088
lú,cúl,3,886,15,3.960234717838614,2.960234717838614,3,883,12,68055,886,68067,15,68938,11.43411217162708
garbh,fál,2,26,120,5.465995387531384,4.465995387531384,2,24,118,68809,26,68927,120,68833,11.428599251286766
neach,átha,3,437,29,4.028817737373981,3.0288177373739806,3,434,26,68490,437,68516,29,68924,11.425936700031414
theas,teampaill,3,15,888,3.9569817400435263,2.9569817400435263,3,12,885,68053,15,68938,888,68065,11.421265747233926
lín,lisín,2,72,43,5.477135945136585,4.477135945136585,2,70,41,68840,72,68881,43,68910,11.419679142876747
anraí,ceapach,2,112,28,5.458615857165786,4.458615857165786,2,110,26,68815,112,68841,28,68925,11.399792366165578
uilliam,gleann,2,755,5,5.191064772181191,4.191064772181191,2,753,3,68195,755,68198,5,68948,11.398865239871645
chatáin,gleann,2,755,5,5.191064772181191,4.191064772181191,2,753,3,68195,755,68198,5,68948,11.398865239871645
tornáin,gleann,2,755,5,5.191064772181191,4.191064772181191,2,753,3,68195,755,68198,5,68948,11.398865239871645
seasc,gleann,2,755,5,5.191064772181191,4.191064772181191,2,753,3,68195,755,68198,5,68948,11.398865239871645
tuaithe,ceann,2,251,13,5.401342429189131,4.401342429189131,2,249,11,68691,251,68702,13,68940,11.396029866423724
gcarn,droim,3,1146,12,3.91093437252409,2.91093437252409,3,1143,9,67798,1146,67807,12,68941,11.395482097794686
tanaí,droim,3,1146,12,3.91093437252409,2.91093437252409,3,1143,9,67798,1146,67807,12,68941,11.395482097794686
thiar,ghléib,3,12,1146,3.91093437252409,2.91093437252409,3,9,1143,67798,12,68941,1146,67807,11.395482097794686
eidhneach,ghleann,2,92,34,5.4623009039736425,4.4623009039736425,2,90,32,68829,92,68861,34,68919,11.392088435165466
fhia,faill,2,92,34,5.4623009039736425,4.4623009039736425,2,90,32,68829,92,68861,34,68919,11.392088435165466
beag,tairseachán,2,3,1558,4.88288368249817,3.8828836824981696,2,1,1556,67394,3,68950,1558,67395,11.389165022317464
beag,alachaí,2,3,1558,4.88288368249817,3.8828836824981696,2,1,1556,67394,3,68950,1558,67395,11.389165022317464
beag,oileach,2,3,1558,4.88288368249817,3.8828836824981696,2,1,1556,67394,3,68950,1558,67395,11.389165022317464
beag,leamhach,2,3,1558,4.88288368249817,3.8828836824981696,2,1,1556,67394,3,68950,1558,67395,11.389165022317464
beag,siánach,2,3,1558,4.88288368249817,3.8828836824981696,2,1,1556,67394,3,68950,1558,67395,11.389165022317464
beag,neachtain,2,3,1558,4.88288368249817,3.8828836824981696,2,1,1556,67394,3,68950,1558,67395,11.389165022317464
beag,bhraon,2,3,1558,4.88288368249817,3.8828836824981696,2,1,1556,67394,3,68950,1558,67395,11.389165022317464
beag,eileastran,2,3,1558,4.88288368249817,3.8828836824981696,2,1,1556,67394,3,68950,1558,67395,11.389165022317464
beag,eachros,2,3,1558,4.88288368249817,3.8828836824981696,2,1,1556,67394,3,68950,1558,67395,11.389165022317464
beag,uaithne,2,3,1558,4.88288368249817,3.8828836824981696,2,1,1556,67394,3,68950,1558,67395,11.389165022317464
bhacáin,corr,2,503,7,5.2915561894178635,4.2915561894178635,2,501,5,68445,503,68450,7,68946,11.38741969419646
líonáin,corr,2,503,7,5.2915561894178635,4.2915561894178635,2,501,5,68445,503,68450,7,68946,11.38741969419646
eanaigh,creig,2,32,98,5.458615857165786,4.458615857165786,2,30,96,68825,32,68921,98,68855,11.386838339326324
chorráin,rinn,3,236,53,4.04772469807711,3.0477246980771104,3,233,50,68667,236,68717,53,68900,11.383911948344274
bhreacáin,uí,5,2137,24,2.7489201027873897,1.7489201027873897,5,2132,19,66797,2137,66816,24,68929,11.381791075118853
cholgáin,cill,3,2693,6,3.6783271867793226,2.6783271867793226,3,2690,3,66257,2693,66260,6,68947,11.380838886229373
brú,cill,3,2693,6,3.6783271867793226,2.6783271867793226,3,2690,3,66257,2693,66260,6,68947,11.380838886229373
bhearcháin,cill,3,2693,6,3.6783271867793226,2.6783271867793226,3,2690,3,66257,2693,66260,6,68947,11.380838886229373
fhiarach,cill,3,2693,6,3.6783271867793226,2.6783271867793226,3,2690,3,66257,2693,66260,6,68947,11.380838886229373
laig,cill,3,2693,6,3.6783271867793226,2.6783271867793226,3,2690,3,66257,2693,66260,6,68947,11.380838886229373
capall,leacht,2,59,53,5.462762197355954,4.462762197355954,2,57,51,68843,59,68894,53,68900,11.375336980027363
mhaonaigh,tír,2,152,21,5.433080765058649,4.433080765058649,2,150,19,68782,152,68801,21,68932,11.369669863557872
uachtair,daingean,2,37,85,5.454481399514343,4.454481399514343,2,35,83,68833,37,68916,85,68868,11.364853251895138
toirc,cionn,2,109,29,5.447160381376496,4.447160381376496,2,107,27,68817,109,68844,29,68924,11.364697317586032
dubh,mongach,2,5,763,5.175858359559102,4.175858359559102,2,3,761,68187,5,68948,763,68190,11.357352354396575
dubh,tonnaigh,2,5,763,5.175858359559102,4.175858359559102,2,3,761,68187,5,68948,763,68190,11.357352354396575
dubh,táthán,2,5,763,5.175858359559102,4.175858359559102,2,3,761,68187,5,68948,763,68190,11.357352354396575
mheánach,achadh,3,477,27,4.005555243833171,3.0055552438331707,3,474,24,68452,477,68476,27,68926,11.355002846565911
airt,carraig,4,819,35,3.26632304269502,2.26632304269502,4,815,31,68103,819,68134,35,68918,11.344696639143708
leathain,átha,2,437,8,5.301836231780396,4.301836231780396,2,435,6,68510,437,68516,8,68945,11.332684845035386
oidhre,átha,2,437,8,5.301836231780396,4.301836231780396,2,435,6,68510,437,68516,8,68945,11.332684845035386
cruaiche,oileán,3,786,17,3.952439858493205,2.952439858493205,3,783,14,68153,786,68167,17,68936,11.332522738349041
uisce,clais,3,93,135,4.042313793843289,3.042313793843289,3,90,132,68728,93,68860,135,68818,11.32153121461656
ghlasáin,cathair,2,341,10,5.33776967736946,4.33776967736946,2,339,8,68604,341,68612,10,68943,11.31970154300668
bhile,cnoc,8,2293,58,2.052324066572629,1.0523240665726288,8,2285,50,66610,2293,66660,58,68895,11.317661894775764
easaigh,drom,2,342,10,5.333545091507735,4.333545091507735,2,340,8,68603,342,68611,10,68943,11.308187281191382
íde,cill,4,2693,12,3.093364686058167,2.093364686058167,4,2689,8,66252,2693,66260,12,68941,11.30805551809851
clog,cill,4,2693,12,3.093364686058167,2.093364686058167,4,2689,8,66252,2693,66260,12,68941,11.30805551809851
mhadóg,garraí,2,308,11,5.3471075419487955,4.3471075419487955,2,306,9,68636,308,68645,11,68942,11.306280589035488
phaghain,garraí,2,308,11,5.3471075419487955,4.3471075419487955,2,306,9,68636,308,68645,11,68942,11.306280589035488
mhistéil,baile,5,8348,8,2.3680389110085223,1.3680389110085223,5,8343,3,60602,8348,60605,8,68945,11.30552134715819
ultaigh,baile,5,8348,8,2.3680389110085223,1.3680389110085223,5,8343,3,60602,8348,60605,8,68945,11.30552134715819
scotaigh,baile,5,8348,8,2.3680389110085223,1.3680389110085223,5,8343,3,60602,8348,60605,8,68945,11.30552134715819
scoilbín,tobar,2,514,7,5.260346230029513,4.260346230029513,2,512,5,68434,514,68439,7,68946,11.302323880325456
molua,tobar,2,514,7,5.260346230029513,4.260346230029513,2,512,5,68434,514,68439,7,68946,11.302323880325456
bhréanainn,tobar,2,514,7,5.260346230029513,4.260346230029513,2,512,5,68434,514,68439,7,68946,11.302323880325456
chill,gléib,2,31,104,5.418689672753027,4.418689672753027,2,29,102,68820,31,68922,104,68849,11.280232290259935
ndamh,corr,3,503,26,3.9834338940555316,2.9834338940555316,3,500,23,68427,503,68450,26,68927,11.279573286590924
choirce,corr,3,503,26,3.9834338940555316,2.9834338940555316,3,500,23,68427,503,68450,26,68927,11.279573286590924
daibhche,goirtín,2,120,27,5.411547603509008,4.411547603509008,2,118,25,68808,120,68833,27,68926,11.275062722181286
fuar,fearann,2,388,9,5.303487857651555,4.303487857651555,2,386,7,68558,388,68565,9,68944,11.274856351582303
binn,both,2,67,48,5.422274010102066,4.422274010102066,2,65,46,68840,67,68886,48,68905,11.26529592873683
muc,móinín,2,34,95,5.416007251699708,4.416007251699708,2,32,93,68826,34,68919,95,68858,11.265131209522982
cárthaigh,cluain,3,1448,10,3.8365142200315834,2.8365142200315834,3,1445,7,67498,1448,67505,10,68943,11.264788418273481
coileáin,cluain,3,1448,10,3.8365142200315834,2.8365142200315834,3,1445,7,67498,1448,67505,10,68943,11.264788418273481
thír,abhainn,2,519,7,5.246380050865509,4.246380050865509,2,517,5,68429,519,68434,7,68946,11.264256874267657
phollaigh,abhainn,2,519,7,5.246380050865509,4.246380050865509,2,517,5,68429,519,68434,7,68946,11.264256874267657
phúca,clochán,2,70,46,5.420480728279015,4.420480728279015,2,68,44,68839,70,68883,46,68907,11.261502425358673
chláir,dhoire,2,43,75,5.418242256083016,4.418242256083016,2,41,73,68837,43,68910,75,68878,11.257700289360743
eoghain,tí,3,134,95,4.022343403213431,3.022343403213431,3,131,92,68727,134,68819,95,68858,11.24189967545929
crannóige,oileán,2,786,5,5.133012104135026,4.133012104135026,2,784,3,68164,786,68167,5,68948,11.240427782769718
chuain,tigh,2,285,12,5.333545091507735,4.333545091507735,2,283,10,68658,285,68668,12,68941,11.237568034780143
churraigh,tigh,4,285,99,3.289150972149281,2.289150972149281,4,281,95,68573,285,68668,99,68854,11.235395257856126
dubh,táth,4,38,763,3.249858941002879,2.249858941002879,4,34,759,68156,38,68915,763,68190,11.231366393655403
cathair,cé,2,58,56,5.407989784095819,4.407989784095819,2,56,54,68841,58,68895,56,68897,11.223924581061624
inse,oileán,4,786,37,3.2454868333934384,2.2454868333934384,4,782,33,68134,786,68167,37,68916,11.218887851681398
iúrach,ard,2,527,7,5.224311627586176,4.224311627586176,2,525,5,68421,527,68426,7,68946,11.204122037943895
síoláin,ard,2,527,7,5.224311627586176,4.224311627586176,2,525,5,68421,527,68426,7,68946,11.204122037943895
turais,ard,2,527,7,5.224311627586176,4.224311627586176,2,525,5,68421,527,68426,7,68946,11.204122037943895
cit,ard,2,527,7,5.224311627586176,4.224311627586176,2,525,5,68421,527,68426,7,68946,11.204122037943895
droichid,baile,19,8348,71,1.1442912100600628,0.14429121006006285,19,8329,52,60553,8348,60605,71,68882,11.186539892501937
chrainn,tulaigh,3,318,41,3.9878532420997117,2.9878532420997117,3,315,38,68597,318,68635,41,68912,11.186447052810344
anna,cill,6,2693,29,2.405308692372907,1.4053086923729068,6,2687,23,66237,2693,66260,29,68924,11.185666091671408
buí,mbreac,3,36,364,3.980568560361142,2.980568560361142,3,33,361,68556,36,68917,364,68589,11.18317700442588
bhfiach,carraigín,2,75,44,5.385075392147816,4.385075392147816,2,73,42,68836,75,68878,44,68909,11.165680764211148
madadh,ghleann,2,92,36,5.3798387437816695,4.3798387437816695,2,90,34,68827,92,68861,36,68917,11.16188544771956
rúscaí,barr,2,246,14,5.323456273884151,4.323456273884151,2,244,12,68695,246,68707,14,68939,11.161472832808501
dtrí,bun,2,291,12,5.303487857651555,4.303487857651555,2,289,10,68652,291,68662,12,68941,11.155688699512627
tobair,ghort,2,29,115,5.369854655209047,4.369854655209047,2,27,113,68811,29,68924,115,68838,11.153129994923498
íochtarach,teampaill,3,15,931,3.8887602488348385,2.8887602488348385,3,12,928,68010,15,68938,931,68022,11.152239504942873
dubh,caorán,3,18,763,3.912823953725308,2.912823953725308,3,15,760,68175,18,68935,763,68190,11.147557860028872
raithin,droim,6,1146,65,2.4735290602167916,1.4735290602167916,6,1140,59,67748,1146,67807,65,68888,11.145126415265773
caol,currach,3,298,44,3.9796880629026923,2.9796880629026923,3,295,41,68614,298,68655,44,68909,11.142280925904528
tseagail,achadh,3,477,28,3.9530878239390352,2.9530878239390352,3,474,25,68451,477,68476,28,68925,11.137749919371114
beairice,cnoc,3,2293,7,3.6879126403637534,2.6879126403637534,3,2290,4,66656,2293,66660,7,68946,11.134687588777734
línsigh,cnoc,3,2293,7,3.6879126403637534,2.6879126403637534,3,2290,4,66656,2293,66660,7,68946,11.134687588777734
pailíse,cnoc,3,2293,7,3.6879126403637534,2.6879126403637534,3,2290,4,66656,2293,66660,7,68946,11.134687588777734
mhadra,móin,3,279,47,3.979578038495326,2.979578038495326,3,276,44,68630,279,68674,47,68906,11.131617462890958
lígh,ráth,2,1086,4,4.988517313476634,3.988517313476634,2,1084,2,67865,1086,67867,4,68949,11.12553134094956
shiuird,ráth,2,1086,4,4.988517313476634,3.988517313476634,2,1084,2,67865,1086,67867,4,68949,11.12553134094956
mhábaigh,ráth,2,1086,4,4.988517313476634,3.988517313476634,2,1084,2,67865,1086,67867,4,68949,11.12553134094956
maonaigh,ráth,2,1086,4,4.988517313476634,3.988517313476634,2,1084,2,67865,1086,67867,4,68949,11.12553134094956
fhlaithín,ráth,2,1086,4,4.988517313476634,3.988517313476634,2,1084,2,67865,1086,67867,4,68949,11.12553134094956
anraic,ráth,2,1086,4,4.988517313476634,3.988517313476634,2,1084,2,67865,1086,67867,4,68949,11.12553134094956
thuaidh,cheapach,5,57,876,2.787576722402442,1.787576722402442,5,52,871,68025,57,68896,876,68077,11.124927747551986
ghráinne,caisleán,3,480,28,3.944042684336028,2.944042684336028,3,477,25,68448,480,68473,28,68925,11.10220481804603
eidhneach,leac,2,99,34,5.356506239951046,4.356506239951046,2,97,32,68822,99,68854,34,68919,11.102153158348198
liath,tsraith,2,12,295,5.283792056310634,4.283792056310634,2,10,293,68648,12,68941,295,68658,11.102058354380231
sceiche,cnoc,9,2293,73,1.8904055042624963,0.8904055042624963,9,2284,64,66596,2293,66660,73,68880,11.09264297922527
mór,bhuiríos,4,13,2525,3.070818310613383,2.070818310613383,4,9,2521,66419,13,68940,2525,66428,11.085810951025113
mór,mhaoil,4,13,2525,3.070818310613383,2.070818310613383,4,9,2521,66419,13,68940,2525,66428,11.085810951025113
geal,locha,2,57,59,5.357792637754412,4.357792637754412,2,55,57,68839,57,68896,59,68894,11.085492339850937
chabhaltaigh,carraig,2,819,5,5.0736779647526244,4.0736779647526244,2,817,3,68131,819,68134,5,68948,11.0786186205023
duibhéin,carraig,2,819,5,5.0736779647526244,4.0736779647526244,2,817,3,68131,819,68134,5,68948,11.0786186205023
riabhach,gleann,11,755,307,1.7103296403356714,0.7103296403356714,11,744,296,67902,755,68198,307,68646,11.07674938218166
dhomhnaigh,maigh,2,363,10,5.247571868397881,4.247571868397881,2,361,8,68582,363,68590,10,68943,11.07403790626061
ráithe,maigh,2,363,10,5.247571868397881,4.247571868397881,2,361,8,68582,363,68590,10,68943,11.07403790626061
gabhra,maigh,2,363,10,5.247571868397881,4.247571868397881,2,361,8,68582,363,68590,10,68943,11.07403790626061
bhile,corr,4,503,58,3.240930116347896,2.240930116347896,4,499,54,68396,503,68450,58,68895,11.070398001827016
gorm,lisín,2,72,47,5.348811848161045,4.348811848161045,2,70,45,68836,72,68881,47,68906,11.063860049661184
bheithe,coillidh,2,79,43,5.343280198401794,4.343280198401794,2,77,41,68833,79,68874,43,68910,11.051876787090535
habha,bán,2,157,22,5.31927333375207,4.31927333375207,2,155,20,68776,157,68796,22,68931,11.05131185961606
uachtarach,teampaill,3,15,948,3.8626543574953733,2.8626543574953733,3,12,945,67993,15,68938,948,68005,11.049493769670523
churraigh,log,3,133,99,3.9736491464213515,2.9736491464213515,3,130,96,68724,133,68820,99,68854,11.048432869079477
rua,liam,3,20,694,3.8975682545365276,2.8975682545365276,3,17,691,68242,20,68933,694,68259,11.039244580929243
eoghain,creagán,2,36,95,5.333545091507735,4.333545091507735,2,34,93,68824,36,68917,95,68858,11.03510257351683
chomair,átha,3,437,31,3.9326024221146776,2.9326024221146776,3,434,28,68488,437,68516,31,68922,11.029587917902875
chaorach,cúl,3,886,16,3.8671253134471324,2.8671253134471324,3,883,13,68054,886,68067,16,68937,11.029485676608804
thoir,burgáistí,2,4,1115,4.950497706473327,3.9504977064733273,2,2,1113,67836,4,68949,1115,67838,11.021732309659395
thoir,cairbrigh,2,4,1115,4.950497706473327,3.9504977064733273,2,2,1113,67836,4,68949,1115,67838,11.021732309659395
thoir,clogarnach,2,4,1115,4.950497706473327,3.9504977064733273,2,2,1113,67836,4,68949,1115,67838,11.021732309659395
thoir,chláraigh,2,4,1115,4.950497706473327,3.9504977064733273,2,2,1113,67836,4,68949,1115,67838,11.021732309659395
thoir,scrabhtae,2,4,1115,4.950497706473327,3.9504977064733273,2,2,1113,67836,4,68949,1115,67838,11.021732309659395
thoir,míde,2,4,1115,4.950497706473327,3.9504977064733273,2,2,1113,67836,4,68949,1115,67838,11.021732309659395
thoir,seandaingean,2,4,1115,4.950497706473327,3.9504977064733273,2,2,1113,67836,4,68949,1115,67838,11.021732309659395
thoir,cárthaigh,2,4,1115,4.950497706473327,3.9504977064733273,2,2,1113,67836,4,68949,1115,67838,11.021732309659395
thoir,charria,2,4,1115,4.950497706473327,3.9504977064733273,2,2,1113,67836,4,68949,1115,67838,11.021732309659395
thoir,ghadhra,2,4,1115,4.950497706473327,3.9504977064733273,2,2,1113,67836,4,68949,1115,67838,11.021732309659395
thoir,gearr,2,4,1115,4.950497706473327,3.9504977064733273,2,2,1113,67836,4,68949,1115,67838,11.021732309659395
theas,cheapach,5,57,888,2.7679479156535094,1.7679479156535094,5,52,883,68013,57,68896,888,68065,11.006824908386227
saileach,cró,2,40,86,5.325132851691534,4.325132851691534,2,38,84,68829,40,68913,86,68867,11.005600826487413
urlann,dún,2,667,6,5.106820249375254,4.106820249375254,2,665,4,68282,667,68286,6,68947,10.998869337307013
cat,lios,2,1124,4,4.938899381060068,3.938899381060068,2,1122,2,67827,1124,67829,4,68949,10.9900768831537
tulcha,lios,2,1124,4,4.938899381060068,3.938899381060068,2,1122,2,67827,1124,67829,4,68949,10.9900768831537
srian,lios,2,1124,4,4.938899381060068,3.938899381060068,2,1122,2,67827,1124,67829,4,68949,10.9900768831537
baintrí,lios,2,1124,4,4.938899381060068,3.938899381060068,2,1122,2,67827,1124,67829,4,68949,10.9900768831537
mearáin,lios,2,1124,4,4.938899381060068,3.938899381060068,2,1122,2,67827,1124,67829,4,68949,10.9900768831537
ciabhaigh,lios,2,1124,4,4.938899381060068,3.938899381060068,2,1122,2,67827,1124,67829,4,68949,10.9900768831537
chnocán,lios,3,1124,13,3.8234221636401324,2.8234221636401324,3,1121,10,67819,1124,67829,13,68940,10.989623606955107
lon,achadh,2,477,8,5.175480245275483,4.175480245275483,2,475,6,68470,477,68476,8,68945,10.98858985247183
laoigh,achadh,2,477,8,5.175480245275483,4.175480245275483,2,475,6,68470,477,68476,8,68945,10.98858985247183
niúr,achadh,2,477,8,5.175480245275483,4.175480245275483,2,475,6,68470,477,68476,8,68945,10.98858985247183
láir,dubh,3,86,155,3.9558990420258153,2.9558990420258153,3,83,152,68715,86,68867,155,68798,10.982894806980855
cora,baile,22,8348,88,1.0461108161211594,0.046110816121159415,22,8326,66,60539,8348,60605,88,68865,10.982624526917672
fhiontain,móin,2,279,13,5.248764671310715,4.248764671310715,2,277,11,68663,279,68674,13,68940,10.980355848500682
sailí,oileán,3,786,18,3.8699776983012315,2.8699776983012315,3,783,15,68152,786,68167,18,68935,10.97914084292308
rí,creig,2,32,109,5.305141376504069,4.305141376504069,2,30,107,68814,32,68921,109,68844,10.966731861187867
óir,com,2,109,32,5.305141376504069,4.305141376504069,2,107,30,68814,109,68844,32,68921,10.966731861187867
mhargaidh,coill,3,896,16,3.8509332799445466,2.8509332799445466,3,893,13,68044,896,68057,16,68937,10.965851687858223
geanainn,caisleán,2,480,8,5.166435105672476,4.166435105672476,2,478,6,68467,480,68473,8,68945,10.963984609205038
boirne,caisleán,2,480,8,5.166435105672476,4.166435105672476,2,478,6,68467,480,68473,8,68945,10.963984609205038
mhistéil,caisleán,2,480,8,5.166435105672476,4.166435105672476,2,478,6,68467,480,68473,8,68945,10.963984609205038
aird,sceach,2,44,79,5.310113334466594,4.310113334466594,2,42,77,68832,44,68909,79,68874,10.959973482743793
caoin,easa,2,25,141,5.289918159107477,4.289918159107477,2,23,139,68789,25,68928,141,68812,10.952500910398376
ghort,loch,5,1826,29,2.702801751056563,1.7028017510565632,5,1821,24,67103,1826,67127,29,68924,10.949125887326112
riabhach,téadan,2,12,307,5.226268355189659,4.226268355189659,2,10,305,68636,12,68941,307,68646,10.945532569822921
deirce,garraí,2,308,12,5.221576659864938,4.221576659864938,2,306,10,68635,308,68645,12,68941,10.932773314133208
bhuí,chorr,4,131,224,3.2325477776859404,2.2325477776859404,4,127,220,68602,131,68822,224,68729,10.932575985203474
odhráin,tobar,3,514,27,3.8977761506448045,2.8977761506448045,3,511,24,68415,514,68439,27,68926,10.931346140057485
leice,mhín,2,50,70,5.300186494561304,4.300186494561304,2,48,68,68835,50,68903,70,68883,10.92871844787826
abhla,port,2,189,19,5.263155763616337,4.263155763616337,2,187,17,68747,189,68764,19,68934,10.92442285758326
heorna,carraig,4,819,37,3.1861526940110365,2.1861526940110365,4,815,33,68101,819,68134,37,68916,10.92101298919249
thiar,clogarnach,2,4,1146,4.91093437252409,3.91093437252409,2,2,1144,67805,4,68949,1146,67807,10.913770627768798
thiar,cairbrigh,2,4,1146,4.91093437252409,3.91093437252409,2,2,1144,67805,4,68949,1146,67807,10.913770627768798
beannchair,droim,2,1146,4,4.91093437252409,3.91093437252409,2,1144,2,67805,1146,67807,4,68949,10.913770627768798
thiar,scrabhtae,2,4,1146,4.91093437252409,3.91093437252409,2,2,1144,67805,4,68949,1146,67807,10.913770627768798
thiar,burgáistí,2,4,1146,4.91093437252409,3.91093437252409,2,2,1144,67805,4,68949,1146,67807,10.913770627768798
thiar,cárthaigh,2,4,1146,4.91093437252409,3.91093437252409,2,2,1144,67805,4,68949,1146,67807,10.913770627768798
thiar,míde,2,4,1146,4.91093437252409,3.91093437252409,2,2,1144,67805,4,68949,1146,67807,10.913770627768798
thiar,seandaingean,2,4,1146,4.91093437252409,3.91093437252409,2,2,1144,67805,4,68949,1146,67807,10.913770627768798
meannáin,droim,2,1146,4,4.91093437252409,3.91093437252409,2,1144,2,67805,1146,67807,4,68949,10.913770627768798
thiar,charria,2,4,1146,4.91093437252409,3.91093437252409,2,2,1144,67805,4,68949,1146,67807,10.913770627768798
chalraí,droim,2,1146,4,4.91093437252409,3.91093437252409,2,1144,2,67805,1146,67807,4,68949,10.913770627768798
eite,droim,2,1146,4,4.91093437252409,3.91093437252409,2,1144,2,67805,1146,67807,4,68949,10.913770627768798
róid,droim,2,1146,4,4.91093437252409,3.91093437252409,2,1144,2,67805,1146,67807,4,68949,10.913770627768798
cria,droim,2,1146,4,4.91093437252409,3.91093437252409,2,1144,2,67805,1146,67807,4,68949,10.913770627768798
thiar,ghadhra,2,4,1146,4.91093437252409,3.91093437252409,2,2,1144,67805,4,68949,1146,67807,10.913770627768798
thiar,gearr,2,4,1146,4.91093437252409,3.91093437252409,2,2,1144,67805,4,68949,1146,67807,10.913770627768798
thiar,chláraigh,2,4,1146,4.91093437252409,3.91093437252409,2,2,1144,67805,4,68949,1146,67807,10.913770627768798
corbáin,droim,2,1146,4,4.91093437252409,3.91093437252409,2,1144,2,67805,1146,67807,4,68949,10.913770627768798
glas,tulach,4,94,314,3.22411610071173,2.22411610071173,4,90,310,68549,94,68859,314,68639,10.913566518861723
deargáin,cathair,2,341,11,5.200266153619525,4.200266153619525,2,339,9,68603,341,68612,11,68942,10.906543666497258
mhaoile,cathair,2,341,11,5.200266153619525,4.200266153619525,2,339,9,68603,341,68612,11,68942,10.906543666497258
chlochair,machaire,2,137,26,5.274853900179376,4.274853900179376,2,135,24,68792,137,68816,26,68927,10.906320957368006
gaoth,mám,2,27,132,5.274044079759073,4.274044079759073,2,25,130,68796,27,68926,132,68821,10.89947826435664
ceann,tír,3,152,89,3.934627257592168,2.934627257592168,3,149,86,68715,152,68801,89,68864,10.897731850555804
inis,mainistir,2,143,25,5.26959817472788,4.26959817472788,2,141,23,68787,143,68810,25,68928,10.897098638069364
claise,tigh,2,285,13,5.218067874087799,4.218067874087799,2,283,11,68657,285,68668,13,68940,10.896865352738379
gabhar,drom,2,342,11,5.1960415677578,4.1960415677578,2,340,9,68602,342,68611,11,68942,10.895058557926669
bhriain,tuairín,2,61,58,5.284607368590536,4.284607368590536,2,59,56,68836,61,68892,58,68895,10.883975541697904
carraige,gort,7,923,112,2.2231388636352203,1.2231388636352203,7,916,105,67925,923,68030,112,68841,10.88376086204216
ceárta,droim,3,1146,13,3.795457155104154,2.795457155104154,3,1143,10,67797,1146,67807,13,68940,10.87965485180147
ard,droim,15,1146,341,1.4041970391084357,0.40419703910843574,15,1131,326,67481,1146,67807,341,68612,10.87436305902396
bhile,rinn,3,236,58,3.9176641575127373,2.9176641575127373,3,233,55,68662,236,68717,58,68895,10.861691060915916
glas,dúinín,2,12,314,5.193742451668212,4.193742451668212,2,10,312,68629,12,68941,314,68639,10.857099601918804
sionnach,inis,3,355,39,3.901210768747858,2.901210768747858,3,352,36,68562,355,68598,39,68914,10.855506467174873
beag,eidhneach,3,10,1558,3.730880589053119,2.730880589053119,3,7,1555,67388,10,68943,1558,67395,10.847863995940251
rua,mhala,2,6,694,5.049571347981578,4.049571347981578,2,4,692,68255,6,68947,694,68259,10.843071792763643
rua,ghaill,2,6,694,5.049571347981578,4.049571347981578,2,4,692,68255,6,68947,694,68259,10.843071792763643
droim,gort,8,923,145,2.043229773620286,1.0432297736202858,8,915,137,67893,923,68030,145,68808,10.842872519051527
chainnigh,teach,2,174,21,5.238064782653506,4.238064782653506,2,172,19,68760,174,68779,21,68932,10.837770477076742
easpaig,coill,6,896,85,2.441542343806845,1.4415423438068449,6,890,79,67978,896,68057,85,68868,10.835787220276357
scairte,bealach,2,166,22,5.238854651296773,4.238854651296773,2,164,20,68767,166,68787,22,68931,10.832185051551102
